doc_id,empresa,año,confianza,n_frases,lm_negative,lm_positive,lm_uncertainty,lm_litigious,lm_strong_modal,lm_weak_modal,lm_constraining,pct_climate,finbert_pct_positive,finbert_pct_negative,finbert_pct_neutral,finbert_tone,climate_sentiment_neutral,climate_sentiment_opportunity,climate_sentiment_risk,climate_commitment_no,climate_commitment_yes,climate_specificity_non,climate_specificity_spec,esg9_business_ethics_and_values,esg9_climate_change,esg9_community_relations,esg9_corporate_governance,esg9_human_capital,esg9_natural_capital,esg9_non-esg,esg9_pollution_and_waste,esg9_product_liability
E001_STLAM_2022,Stellantis,2022,alta,655,0.009314235,0.011802378,0.0041726627,0.004909297,0.0021758047,0.0011082283,0.005327969,0.47938931297709925,0.22748091603053436,0.0183206106870229,0.7541984732824427,0.20916030534351146,0.6751592356687898,0.27070063694267515,0.054140127388535034,0.6719745222929936,0.32802547770700635,0.7515923566878981,0.2484076433121019,0.06412213740458016,0.216793893129771,0.04885496183206107,0.12366412213740458,0.2381679389312977,0.042748091603053436,0.07938931297709924,0.07786259541984733,0.1083969465648855
E001_STLAM_2023,Stellantis,2023,alta,703,0.009109564,0.011694569,0.004943274,0.005347205,0.0027512482,0.0013876364,0.005578419,0.48364153627311524,0.24182076813655762,0.021337126600284494,0.7368421052631579,0.22048364153627312,0.6470588235294118,0.3029411764705882,0.05,0.6470588235294118,0.35294117647058826,0.7294117647058823,0.27058823529411763,0.06258890469416785,0.22048364153627312,0.04836415362731152,0.13229018492176386,0.22190611664295876,0.04836415362731152,0.08534850640113797,0.07965860597439545,0.10099573257467995
E001_STLAM_2024,Stellantis,2024,alta,1699,0.018867634,0.014039377,0.012673281,0.0065065874,0.0016324864,0.0028480312,0.006138531,0.40612124779281933,0.16009417304296644,0.0594467333725721,0.7804590935844614,0.10064743967039434,0.6797101449275362,0.1565217391304348,0.16376811594202897,0.717391304347826,0.2826086956521739,0.7913043478260869,0.20869565217391303,0.07828134196586227,0.1918775750441436,0.032371983519717484,0.11653914067098294,0.27839905826957034,0.055915244261330196,0.09711595055915244,0.062978222483814,0.08652148322542672
E002_MBG_2022,Mercedes-Benz Group,2022,alta,2473,0.013023443,0.012375217,0.011735901,0.0070872013,0.0020999485,0.0028101979,0.0047425414,0.19773554387383743,0.20865345733926405,0.10998786898503841,0.6813586736756976,0.09866558835422563,0.5194274028629857,0.32515337423312884,0.1554192229038855,0.591002044989775,0.40899795501022496,0.6462167689161554,0.3537832310838446,0.07076425394257986,0.12373635260816822,0.0303275374039628,0.13263243024666396,0.13708046906591184,0.010513546300040437,0.43752527294783666,0.00606550748079256,0.05135463000404367
E002_MBG_2023,Mercedes-Benz Group,2023,alta,1647,0.016257208,0.0128206825,0.01502733,0.008949607,0.0017422352,0.0038156977,0.006582372,0.26836672738312084,0.14207650273224043,0.1177899210686096,0.74013357619915,0.024286581663630832,0.6877828054298643,0.167420814479638,0.14479638009049775,0.7126696832579186,0.2873303167420814,0.6990950226244343,0.3009049773755656,0.09411050394656952,0.1469338190649666,0.020643594414086218,0.18761384335154827,0.1572556162720097,0.024286581663630843,0.2829386763812993,0.024893746205221615,0.06132361870066788
E002_MBG_2024,Mercedes-Benz Group,2024,alta,2468,0.00919128,0.011188639,0.008584425,0.004793078,0.0015422868,0.0018730175,0.0063083824,0.4801458670988655,0.1393841166936791,0.01539708265802269,0.8452188006482982,0.1239870340356564,0.6894514767932489,0.21181434599156118,0.09873417721518987,0.7367088607594937,0.26329113924050634,0.7215189873417721,0.27848101265822783,0.0619935170178282,0.23743922204213938,0.04051863857374392,0.15113452188006482,0.19854132901134522,0.08427876823338736,0.10575364667747164,0.05753646677471637,0.06280388978930308
E003_CON_2022,Continental,2022,alta,365,0.007414304,0.00821293,0.004844998,0.007807604,0.0024678572,0.00047172589,0.0029419595,0.5424657534246575,0.1506849315068493,0.0273972602739726,0.821917808219178,0.1232876712328767,0.8383838383838383,0.15656565656565657,0.005050505050505051,0.7373737373737373,0.26262626262626265,0.7121212121212122,0.2878787878787879,0.057534246575342465,0.29041095890410956,0.01643835616438356,0.21095890410958903,0.19726027397260273,0.038356164383561646,0.11232876712328767,0.03561643835616438,0.0410958904109589
E003_CON_2023,Continental,2023,alta,1623,0.021209214,0.008481258,0.0127942795,0.008160606,0.0015230954,0.0033436357,0.0074723903,0.16081330868761554,0.2341343191620456,0.20147874306839186,0.5643869377695625,0.03265557609365374,0.7816091954022989,0.13026819923371646,0.08812260536398467,0.7931034482758621,0.20689655172413793,0.7049808429118773,0.2950191570881226,0.06038200862600123,0.08379544054220579,0.009858287122612447,0.1392483056069008,0.07085643869377696,0.011090573012939002,0.5693160813308688,0.01170671595810228,0.04374614910659273
E003_CON_2024,Continental,2024,alta,2745,0.013654332,0.008162977,0.008732491,0.006279871,0.0007655801,0.0014963354,0.0045167347,0.3693989071038251,0.05974499089253188,0.03897996357012751,0.9012750455373406,0.020765027322404372,0.7958579881656804,0.06607495069033531,0.13806706114398423,0.8816568047337278,0.11834319526627218,0.7899408284023669,0.21005917159763313,0.06593806921675774,0.17741347905282331,0.023679417122040074,0.21602914389799635,0.21165755919854282,0.03169398907103825,0.12786885245901639,0.07103825136612021,0.07468123861566485
E004_FR_2022,Valeo,2022,alta,2037,0.0116693,0.009927532,0.007244491,0.005029887,0.0026927278,0.0014856927,0.0068310834,0.422680412371134,0.23956799214531174,0.050564555719194895,0.7098674521354934,0.18900343642611683,0.7200929152148664,0.148664343786295,0.13124274099883856,0.667828106852497,0.3321718931475029,0.6341463414634146,0.36585365853658536,0.05351006381934217,0.24104074619538537,0.09425625920471281,0.08738340697103583,0.2709867452135493,0.03240058910162003,0.08345606283750613,0.08345606283750613,0.05351006381934217
E004_FR_2023,Valeo,2023,alta,2041,0.011922534,0.00965804,0.007274473,0.004850458,0.0027218885,0.0015774766,0.0070758164,0.44194022537971583,0.2346888780009799,0.056344928956393925,0.7089661930426262,0.17834394904458598,0.7062084257206208,0.17184035476718404,0.12195121951219512,0.6385809312638581,0.3614190687361419,0.6352549889135255,0.3647450110864745,0.05536501714845664,0.24007839294463498,0.08966193042626164,0.08721215090641843,0.26849583537481625,0.034296913277805,0.07937285644292014,0.09358157765801078,0.05193532582067614
E004_FR_2024,Valeo,2024,alta,2467,0.013171285,0.01087029,0.008986227,0.005326741,0.0029541717,0.0019390418,0.0070669623,0.47385488447507096,0.16254560194568302,0.046615322253749494,0.7908390758005674,0.11593027969193352,0.7254063301967494,0.11120615911035073,0.16338751069289992,0.7442258340461934,0.2557741659538067,0.7810094097519247,0.21899059024807527,0.08228617754357519,0.19983785974868262,0.02553708958248885,0.14673692744223754,0.2602351033644102,0.05918119173084718,0.08512363194162952,0.07863802188893393,0.062423996757194976
E005_CABK_2022,CaixaBank,2022,densidad,272,0.008934662,0.010623591,0.00567434,0.0042342986,0.0031290986,0.00086049584,0.004534776,0.5551470588235294,0.1213235294117647,0.051470588235294115,0.8272058823529411,0.06985294117647059,0.7615894039735099,0.16556291390728478,0.0728476821192053,0.6026490066225165,0.3973509933774834,0.5894039735099338,0.4105960264900662,0.08455882352941177,0.39338235294117646,0.04779411764705882,0.07720588235294118,0.15073529411764705,0.025735294117647058,0.13970588235294118,0.04779411764705882,0.03308823529411765
E005_CABK_2023,CaixaBank,2023,media,37,0.0066056633,0.0024560324,0.00710959,0.011300799,0.0,0.002373341,0.009415999,0.32432432432432434,0.02702702702702703,0.02702702702702703,0.9459459459459459,0.0,1.0,0.0,0.0,0.75,0.25,1.0,0.0,0.10810810810810811,0.16216216216216217,0.0,0.6486486486486487,0.0,0.0,0.02702702702702703,0.0,0.05405405405405406
E005_CABK_2024,CaixaBank,2024,alta,4573,0.012656341,0.013792857,0.012112649,0.0064509534,0.0031470286,0.0019420211,0.0052993167,0.31839055324732124,0.15307238136890444,0.029083752460091844,0.8178438661710037,0.1239886289088126,0.6304945054945055,0.1401098901098901,0.22939560439560439,0.7197802197802198,0.2802197802197802,0.8296703296703297,0.17032967032967034,0.10671331729717909,0.17406516509949704,0.09884102339820687,0.18893505357533347,0.1994314454406298,0.010715066695823311,0.12005248195932648,0.005904220424229171,0.09534222610977476
E006_HSBA_2022,HSBC,2022,alta,1676,0.013887889,0.016149832,0.011610354,0.0023048334,0.003044262,0.0013328524,0.004791365,0.4886634844868735,0.3275656324582339,0.0513126491646778,0.6211217183770883,0.2762529832935561,0.6190476190476191,0.18803418803418803,0.19291819291819293,0.663003663003663,0.336996336996337,0.7142857142857143,0.2857142857142857,0.060859188544152745,0.3347255369928401,0.07458233890214797,0.10501193317422435,0.2022673031026253,0.019689737470167064,0.10560859188544153,0.00477326968973747,0.09248210023866349
E006_HSBA_2023,HSBC,2023,densidad,1093,0.008584879,0.01335605,0.018022807,0.0019209872,0.0030753596,0.0018511952,0.0035362667,0.7447392497712717,0.31564501372369624,0.043000914913083256,0.6413540713632205,0.27264409881061297,0.6547911547911548,0.14987714987714987,0.19533169533169534,0.6744471744471745,0.32555282555282555,0.7014742014742015,0.2985257985257985,0.01646843549862763,0.546203110704483,0.06221408966148216,0.09972552607502287,0.0686184812442818,0.0192131747483989,0.12991765782250686,0.012808783165599268,0.04483074107959744
E006_HSBA_2024,HSBC,2024,alta,1352,0.015576036,0.017729165,0.010274418,0.0029460385,0.0022257597,0.0018554261,0.0033710995,0.4460059171597633,0.33875739644970415,0.06804733727810651,0.5931952662721893,0.27071005917159763,0.6882255389718076,0.19071310116086235,0.12106135986733002,0.6567164179104478,0.34328358208955223,0.6351575456053068,0.3648424543946932,0.07322485207100592,0.3136094674556213,0.08431952662721894,0.09541420118343195,0.20340236686390534,0.014053254437869823,0.10059171597633136,0.008875739644970414,0.10650887573964497
E007_SEB_2022,Skandinaviska Enskilda Banken,2022,alta,836,0.00982354,0.010478821,0.016308447,0.002840296,0.002020909,0.0018253985,0.0056227935,0.6782296650717703,0.23564593301435408,0.04904306220095694,0.715311004784689,0.18660287081339713,0.6402116402116402,0.15520282186948853,0.20458553791887124,0.6966490299823633,0.30335097001763667,0.8306878306878307,0.1693121693121693,0.05502392344497608,0.33133971291866027,0.11244019138755981,0.1590909090909091,0.1303827751196172,0.03349282296650718,0.1291866028708134,0.0035885167464114833,0.045454545454545456
E007_SEB_2023,Skandinaviska Enskilda Banken,2023,densidad,1215,0.010801429,0.011054255,0.012375023,0.0060433955,0.0029570134,0.0011669457,0.0062015755,0.49465020576131685,0.19506172839506172,0.037037037037037035,0.7679012345679013,0.1580246913580247,0.6988352745424293,0.16306156405990016,0.13810316139767054,0.740432612312812,0.259567387687188,0.7504159733777038,0.24958402662229617,0.0897119341563786,0.2691358024691358,0.08641975308641975,0.17119341563786009,0.1506172839506173,0.03292181069958848,0.14320987654320988,0.00823045267489712,0.048559670781893
E007_SEB_2024,Skandinaviska Enskilda Banken,2024,densidad,1599,0.008569696,0.010454088,0.015107196,0.0039047345,0.0021820257,0.0020368425,0.006029038,0.5146966854283928,0.17448405253283303,0.06816760475297061,0.7573483427141964,0.10631644777986242,0.7436208991494532,0.10206561360874848,0.1543134872417983,0.8019441069258809,0.19805589307411908,0.7399756986634265,0.2600243013365735,0.0525328330206379,0.358974358974359,0.031269543464665414,0.22764227642276422,0.15134459036898062,0.010631644777986242,0.11944965603502189,0.006253908692933083,0.041901188242651655
E008_RBI_2022,Raiffeisen Bank International,2022,densidad,85,0.012281762,0.010592888,0.0033276684,0.0013407073,0.0032880404,0.0020034208,0.0012143682,0.1411764705882353,0.27058823529411763,0.15294117647058825,0.5764705882352941,0.11764705882352938,0.3333333333333333,0.5,0.16666666666666666,0.5,0.5,0.6666666666666666,0.3333333333333333,0.03529411764705882,0.08235294117647059,0.058823529411764705,0.2235294117647059,0.0,0.0,0.5764705882352941,0.0,0.023529411764705882
E008_RBI_2023,Raiffeisen Bank International,2023,densidad_baja,101,0.015584877,0.004102924,0.046423316,0.0039784783,0.00043047784,0.0013551556,0.012814951,0.25742574257425743,0.06930693069306931,0.019801980198019802,0.9108910891089109,0.04950495049504951,0.3076923076923077,0.0,0.6923076923076923,0.8846153846153846,0.11538461538461539,0.9615384615384616,0.038461538461538464,0.009900990099009901,0.1188118811881188,0.019801980198019802,0.1485148514851485,0.0,0.009900990099009901,0.6732673267326733,0.0,0.019801980198019802
E008_RBI_2024,Raiffeisen Bank International,2024,alta,882,0.011957065,0.016793948,0.014291143,0.00518344,0.0020521868,0.001664431,0.0046162717,0.48412698412698413,0.16780045351473924,0.046485260770975055,0.7857142857142857,0.12131519274376418,0.6791569086651054,0.13817330210772832,0.18266978922716628,0.8337236533957846,0.16627634660421545,0.9672131147540983,0.03278688524590164,0.06235827664399093,0.15532879818594103,0.05328798185941043,0.3843537414965986,0.12244897959183673,0.015873015873015872,0.1417233560090703,0.0022675736961451248,0.06235827664399093
E009_UPM_2022,UPM-Kymmene,2022,densidad,1095,0.0073572984,0.021427574,0.0055880276,0.0019407753,0.0045579285,0.0012068455,0.0045553334,0.5095890410958904,0.31598173515981737,0.043835616438356165,0.6401826484018265,0.2721461187214612,0.514336917562724,0.4068100358422939,0.07885304659498207,0.521505376344086,0.478494623655914,0.6075268817204301,0.3924731182795699,0.052054794520547946,0.217351598173516,0.06940639269406393,0.0410958904109589,0.2191780821917808,0.18082191780821918,0.08401826484018265,0.08949771689497717,0.04657534246575343
E009_UPM_2023,UPM-Kymmene,2023,densidad,1421,0.010640427,0.02078044,0.0068176887,0.0021615827,0.003887344,0.0020281605,0.0049435887,0.5221674876847291,0.33004926108374383,0.06192821956368754,0.6080225193525686,0.2681210415200563,0.4838274932614555,0.42183288409703507,0.09433962264150944,0.5336927223719676,0.46630727762803237,0.6037735849056604,0.39622641509433965,0.047149894440534836,0.2343420126671358,0.07107670654468684,0.04644616467276566,0.18719211822660098,0.15482054890921887,0.1175228712174525,0.08796622097114708,0.05348346235045742
E009_UPM_2024,UPM-Kymmene,2024,densidad,2506,0.013282591,0.011485427,0.007926854,0.0032502648,0.0026572032,0.0013918364,0.005761295,0.5546687948922586,0.14445331205107742,0.034317637669592976,0.8212290502793296,0.11013567438148444,0.720863309352518,0.15467625899280577,0.12446043165467625,0.6863309352517986,0.31366906474820144,0.685611510791367,0.3143884892086331,0.052673583399840386,0.2162809257781325,0.04828411811652035,0.10893854748603352,0.2202713487629689,0.15602553870710295,0.0802075019952115,0.07661612130885874,0.040702314445331206
E010_BOL_2022,Boliden AB,2022,alta,369,0.011699989,0.012099246,0.005419783,0.004499137,0.003131322,0.0022968547,0.0060028224,0.5149051490514905,0.23306233062330622,0.10569105691056911,0.6612466124661247,0.1273712737127371,0.6736842105263158,0.24736842105263157,0.07894736842105263,0.6631578947368421,0.3368421052631579,0.5105263157894737,0.48947368421052634,0.0948509485094851,0.17344173441734417,0.032520325203252036,0.051490514905149054,0.08130081300813008,0.17615176151761516,0.28184281842818426,0.08672086720867209,0.02168021680216802
E010_BOL_2023,Boliden AB,2023,densidad,363,0.010570772,0.012479741,0.006381888,0.0015989321,0.0038920087,0.0020078414,0.0027363356,0.49586776859504134,0.21212121212121213,0.07162534435261708,0.7162534435261708,0.14049586776859505,0.6555555555555556,0.2388888888888889,0.10555555555555556,0.8166666666666667,0.18333333333333332,0.6944444444444444,0.3055555555555556,0.008264462809917356,0.20110192837465565,0.06060606060606061,0.07713498622589532,0.1322314049586777,0.10192837465564739,0.3085399449035813,0.07988980716253444,0.030303030303030304
E010_BOL_2024,Boliden AB,2024,densidad,2370,0.014001462,0.012917446,0.013268723,0.004509076,0.002199884,0.0024986628,0.0080630975,0.4957805907172996,0.16624472573839663,0.06582278481012659,0.7679324894514767,0.10042194092827005,0.68,0.13531914893617022,0.18468085106382978,0.8025531914893617,0.1974468085106383,0.7897872340425532,0.2102127659574468,0.08016877637130802,0.17721518987341772,0.035864978902953586,0.20126582278481012,0.1860759493670886,0.10337552742616034,0.08734177215189873,0.09324894514767933,0.035443037974683546
E011_ACX_2022,Acerinox,2022,densidad,173,0.010893929,0.01033995,0.0071938625,0.0023755196,0.001142291,0.0010544271,0.0038407524,0.8323699421965318,0.2023121387283237,0.03468208092485549,0.7630057803468208,0.16763005780346824,0.5833333333333334,0.2708333333333333,0.14583333333333334,0.7430555555555556,0.2569444444444444,0.6597222222222222,0.3402777777777778,0.0,0.3352601156069364,0.011560693641618497,0.028901734104046242,0.028901734104046242,0.2832369942196532,0.08670520231213873,0.20809248554913296,0.017341040462427744
E011_ACX_2023,Acerinox,2023,aceptado_sin_financieros,327,0.016885782,0.022180807,0.0073143705,0.0063936687,0.0013715158,0.0018653474,0.0068383114,0.5015290519877675,0.26605504587155965,0.04281345565749235,0.691131498470948,0.2232415902140673,0.6219512195121951,0.2804878048780488,0.0975609756097561,0.6036585365853658,0.39634146341463417,0.6707317073170732,0.32926829268292684,0.08256880733944955,0.21712538226299694,0.03363914373088685,0.11926605504587157,0.29357798165137616,0.0581039755351682,0.06422018348623854,0.08868501529051988,0.04281345565749235
E011_ACX_2024,Acerinox,2024,alta,681,0.010316044,0.011756207,0.0106840255,0.0049626254,0.0030592724,0.0016392452,0.004856229,0.6152716593245228,0.1277533039647577,0.03671071953010279,0.8355359765051396,0.0910425844346549,0.7255369928400954,0.12171837708830549,0.15274463007159905,0.7589498806682577,0.24105011933174225,0.7398568019093079,0.26014319809069214,0.06020558002936858,0.39060205580029367,0.020558002936857563,0.19383259911894274,0.0631424375917768,0.05726872246696035,0.1262848751835536,0.05726872246696035,0.030837004405286344
E012_VOE_2022,Voestalpine,2022,densidad,109,0.003842356,0.018233448,0.0048874295,0.0012202585,0.004412908,0.002625046,0.0050206305,0.6697247706422018,0.42201834862385323,0.0,0.5779816513761468,0.42201834862385323,0.410958904109589,0.589041095890411,0.0,0.5342465753424658,0.4657534246575342,0.3561643835616438,0.6438356164383562,0.0,0.5321100917431193,0.009174311926605505,0.009174311926605505,0.045871559633027525,0.01834862385321101,0.11926605504587157,0.1834862385321101,0.08256880733944955
E012_VOE_2023,Voestalpine,2023,densidad,158,0.0052457293,0.009160063,0.012438934,0.0015782167,0.0034189217,0.0021003813,0.004560524,0.7025316455696202,0.310126582278481,0.03164556962025317,0.6582278481012658,0.27848101265822783,0.4954954954954955,0.4864864864864865,0.018018018018018018,0.6306306306306306,0.36936936936936937,0.5585585585585585,0.44144144144144143,0.012658227848101266,0.5443037974683544,0.03164556962025317,0.12658227848101267,0.02531645569620253,0.03164556962025317,0.13291139240506328,0.05063291139240506,0.04430379746835443
E012_VOE_2024,Voestalpine,2024,densidad,1241,0.007625217,0.010338689,0.010563548,0.00427818,0.0018387573,0.0013874284,0.0052316505,0.5938759065269944,0.1506849315068493,0.0257856567284448,0.8235294117647058,0.12489927477840451,0.6987788331071914,0.13025780189959293,0.17096336499321574,0.830393487109905,0.16960651289009498,0.8263229308005428,0.17367706919945725,0.03384367445608381,0.2997582594681708,0.041901692183722805,0.18211120064464142,0.08702659145850121,0.08299758259468171,0.1385979049153908,0.08138597904915391,0.052377115229653506
E013_1COV_2022,Covestro,2022,alta,2690,0.011606123,0.012314163,0.009697728,0.0042542797,0.002087384,0.0022889907,0.005288731,0.354275092936803,0.18252788104089218,0.08252788104089219,0.7349442379182156,0.09999999999999999,0.6600209863588667,0.25918153200419725,0.080797481636936,0.70199370409234,0.29800629590766003,0.6935991605456453,0.30640083945435465,0.04312267657992565,0.15613382899628253,0.041635687732342004,0.19479553903345725,0.18401486988847585,0.030483271375464683,0.22639405204460966,0.06133828996282528,0.0620817843866171
E013_1COV_2023,Covestro,2023,alta,1642,0.010200478,0.010716677,0.008167932,0.005300317,0.001813705,0.0018702669,0.0063297744,0.4707673568818514,0.1540803897685749,0.034713763702801465,0.8112058465286236,0.11936662606577345,0.7619663648124192,0.15653298835705046,0.0815006468305304,0.7503234152652005,0.24967658473479948,0.7697283311772316,0.23027166882276842,0.06090133982947625,0.21315468940316687,0.034713763702801465,0.12302070645554203,0.28136419001218027,0.06029232643118149,0.09439707673568819,0.05663824604141291,0.07551766138855055
E013_1COV_2024,Covestro,2024,alta,1884,0.014546868,0.011198377,0.0106264595,0.003862947,0.0018497023,0.0027487862,0.005629094,0.4708067940552017,0.11040339702760085,0.06050955414012739,0.8290870488322718,0.049893842887473464,0.7034949267192785,0.12288613303269448,0.17361894024802707,0.7936865839909808,0.20631341600901917,0.7688838782412627,0.23111612175873733,0.052547770700636945,0.2521231422505308,0.028662420382165606,0.12526539278131635,0.24787685774946921,0.05997876857749469,0.12101910828025478,0.0589171974522293,0.05360934182590234
E014_SY1_2022,Symrise,2022,densidad,94,0.0025361627,0.013759463,0.0039845193,0.0,0.0023444197,0.0028458193,0.00440858,0.0851063829787234,0.26595744680851063,0.010638297872340425,0.723404255319149,0.2553191489361702,1.0,0.0,0.0,0.875,0.125,0.875,0.125,0.02127659574468085,0.0,0.031914893617021274,0.1595744680851064,0.723404255319149,0.0,0.05319148936170213,0.0,0.010638297872340425
E014_SY1_2023,Symrise,2023,densidad,270,0.007897151,0.025074854,0.0017967094,0.0002485094,0.004876311,0.00030386422,0.0032980745,0.562962962962963,0.40370370370370373,0.02962962962962963,0.5666666666666667,0.3740740740740741,0.7171052631578947,0.24342105263157895,0.039473684210526314,0.5723684210526315,0.4276315789473684,0.756578947368421,0.24342105263157895,0.037037037037037035,0.17777777777777778,0.05925925925925926,0.12222222222222222,0.2074074074074074,0.14814814814814814,0.12962962962962962,0.040740740740740744,0.07777777777777778
E014_SY1_2024,Symrise,2024,densidad,1692,0.014074175,0.016062727,0.010801924,0.0031459534,0.0036098035,0.0028091348,0.0053307815,0.4739952718676123,0.1991725768321513,0.0644208037825059,0.7364066193853428,0.13475177304964542,0.5997506234413965,0.19326683291770574,0.20698254364089774,0.7206982543640897,0.2793017456359102,0.8192019950124688,0.18079800498753118,0.04550827423167849,0.18498817966903072,0.07210401891252956,0.12647754137115838,0.25236406619385343,0.1288416075650118,0.09810874704491726,0.051418439716312055,0.04018912529550828
E015_YAR_2022,Yara International,2022,alta,187,0.0121989595,0.018043455,0.006067526,0.0024886054,0.0023560026,0.00097096333,0.005409289,0.6417112299465241,0.40641711229946526,0.03208556149732621,0.5614973262032086,0.37433155080213903,0.45,0.475,0.075,0.49166666666666664,0.5083333333333333,0.7833333333333333,0.21666666666666667,0.0481283422459893,0.3582887700534759,0.17647058823529413,0.11764705882352941,0.058823529411764705,0.13368983957219252,0.0374331550802139,0.03208556149732621,0.0374331550802139
E015_YAR_2023,Yara International,2023,alta,2181,0.016433557,0.011850975,0.009022098,0.0046643657,0.0029561769,0.0017664401,0.0056345686,0.41861531407611186,0.17606602475928473,0.06556625401192114,0.7583677212287941,0.1104997707473636,0.6867469879518072,0.14238773274917854,0.17086527929901424,0.7393209200438116,0.2606790799561884,0.7294633077765608,0.27053669222343923,0.08574048601558917,0.17239798257679964,0.0614397065566254,0.07840440165061899,0.2833562585969739,0.09399358092618065,0.07932141219624025,0.06373223292067859,0.08161393856029345
E015_YAR_2024,Yara International,2024,alta,2650,0.015853727,0.012873091,0.009375678,0.0041463454,0.0022818237,0.0017971413,0.00533612,0.47962264150943396,0.1709433962264151,0.06415094339622641,0.7649056603773585,0.10679245283018869,0.6813532651455547,0.17466561762391816,0.14398111723052714,0.7513768686073957,0.24862313139260425,0.6852871754523997,0.3147128245476003,0.0709433962264151,0.25169811320754715,0.04679245283018868,0.09471698113207547,0.23773584905660378,0.08037735849056604,0.0969811320754717,0.06452830188679246,0.05622641509433962
E016_BBY_2022,Balfour Beatty,2022,alta,988,0.013864178,0.018558986,0.020313397,0.005729484,0.0031191045,0.0028378877,0.004346953,0.3168016194331984,0.3026315789473684,0.09008097165991903,0.6072874493927125,0.2125506072874494,0.610223642172524,0.14696485623003194,0.24281150159744408,0.7667731629392971,0.23322683706070288,0.7763578274760383,0.22364217252396165,0.03441295546558704,0.18522267206477733,0.06174089068825911,0.23076923076923078,0.21356275303643724,0.011133603238866396,0.2236842105263158,0.015182186234817813,0.024291497975708502
E016_BBY_2023,Balfour Beatty,2023,alta,1195,0.014307823,0.01811481,0.017174153,0.0050006877,0.0023359938,0.0027154046,0.00431245,0.400836820083682,0.3179916317991632,0.09874476987447699,0.5832635983263599,0.21924686192468618,0.5532359081419624,0.2150313152400835,0.23173277661795408,0.7473903966597077,0.25260960334029225,0.7432150313152401,0.2567849686847599,0.03682008368200837,0.25271966527196654,0.06108786610878661,0.199163179916318,0.1899581589958159,0.018410041841004185,0.18242677824267783,0.04184100418410042,0.017573221757322177
E016_BBY_2024,Balfour Beatty,2024,alta,1295,0.014207756,0.023327047,0.014592372,0.0058527114,0.0020530259,0.0021047175,0.004494452,0.3621621621621622,0.3420849420849421,0.08108108108108109,0.5768339768339769,0.261003861003861,0.5650319829424307,0.2260127931769723,0.208955223880597,0.7142857142857143,0.2857142857142857,0.7313432835820896,0.26865671641791045,0.04247104247104247,0.22007722007722008,0.077992277992278,0.17065637065637065,0.2193050193050193,0.020077220077220077,0.18301158301158302,0.03166023166023166,0.03474903474903475
E017_SKA B_2022,Skanska,2022,densidad,927,0.017829053,0.018613068,0.013384767,0.0047103055,0.0021829107,0.0018785725,0.0038059845,0.48975188781014023,0.21143473570658036,0.07551240560949299,0.7130528586839266,0.13592233009708737,0.5484581497797357,0.33259911894273125,0.11894273127753303,0.6233480176211453,0.3766519823788546,0.6563876651982379,0.3436123348017621,0.06472491909385113,0.3182308522114347,0.040992448759439054,0.14563106796116504,0.1855447680690399,0.045307443365695796,0.11758360302049622,0.040992448759439054,0.040992448759439054
E017_SKA B_2023,Skanska,2023,densidad,1070,0.011509136,0.019537134,0.007148314,0.0018345097,0.0023965149,0.0017815037,0.0034882738,0.516822429906542,0.2560747663551402,0.05327102803738318,0.6906542056074766,0.20280373831775703,0.5623869801084991,0.33815551537070526,0.09945750452079566,0.6148282097649186,0.38517179023508136,0.596745027124774,0.40325497287522605,0.04205607476635514,0.29439252336448596,0.08691588785046729,0.07102803738317758,0.1616822429906542,0.08598130841121496,0.17009345794392525,0.05514018691588785,0.03271028037383177
E017_SKA B_2024,Skanska,2024,densidad,1017,0.018182969,0.020218495,0.012210207,0.0035117588,0.0019839315,0.0012924231,0.0043406505,0.4582104228121927,0.2232055063913471,0.06686332350049164,0.7099311701081613,0.15634218289085544,0.5987124463519313,0.2575107296137339,0.14377682403433475,0.6781115879828327,0.3218884120171674,0.6652360515021459,0.33476394849785407,0.05506391347099312,0.2664700098328417,0.06981317600786627,0.10324483775811209,0.176007866273353,0.05309734513274336,0.19665683382497542,0.029498525073746312,0.05014749262536873
E018_DG_2022,Vinci,2022,media,216,0.009740144,0.013769225,0.005218762,0.0014483792,0.0029075423,0.00245298,0.007063287,0.3611111111111111,0.2777777777777778,0.009259259259259259,0.7129629629629629,0.26851851851851855,0.5769230769230769,0.34615384615384615,0.07692307692307693,0.4358974358974359,0.5641025641025641,0.5897435897435898,0.41025641025641024,0.09722222222222222,0.13425925925925927,0.1527777777777778,0.06481481481481481,0.36574074074074076,0.0787037037037037,0.013888888888888888,0.06944444444444445,0.023148148148148147
E018_DG_2023,Vinci,2023,alta,1501,0.014296103,0.005469045,0.01113295,0.011543165,0.0014476952,0.0024892343,0.007043437,0.04730179880079947,0.05063291139240506,0.0552964690206529,0.894070619586942,-0.004663557628247834,0.5211267605633803,0.19718309859154928,0.28169014084507044,0.8732394366197183,0.1267605633802817,0.6901408450704225,0.30985915492957744,0.02731512325116589,0.02531645569620253,0.02731512325116589,0.2111925383077948,0.04063957361758828,0.002664890073284477,0.6568954030646236,0.006662225183211193,0.001998667554963358
E018_DG_2024,Vinci,2024,media,39,0.0030830281,0.008296363,0.0008271298,0.0040421328,0.0061873253,0.0008271298,0.0030918901,0.46153846153846156,0.28205128205128205,0.0,0.717948717948718,0.28205128205128205,0.2222222222222222,0.7222222222222222,0.05555555555555555,0.2777777777777778,0.7222222222222222,0.16666666666666666,0.8333333333333334,0.02564102564102564,0.23076923076923078,0.358974358974359,0.0,0.1794871794871795,0.10256410256410256,0.0,0.07692307692307693,0.02564102564102564
E019_EN_2022,Bouygues,2022,densidad,1332,0.0069356337,0.009447479,0.0055558644,0.0033958117,0.0035859568,0.0022811245,0.0044723805,0.47897897897897895,0.22597597597597596,0.015015015015015015,0.759009009009009,0.21096096096096095,0.5297805642633229,0.4043887147335423,0.06583072100313479,0.5407523510971787,0.4592476489028213,0.6473354231974922,0.35266457680250785,0.06906906906906907,0.23123123123123124,0.11486486486486487,0.048798798798798795,0.23798798798798798,0.09384384384384384,0.05405405405405406,0.09759759759759759,0.052552552552552555
E019_EN_2023,Bouygues,2023,alta,2896,0.00831785,0.010695139,0.004835947,0.003937821,0.0022525701,0.0017901723,0.0046985755,0.35082872928176795,0.224792817679558,0.0231353591160221,0.7520718232044199,0.2016574585635359,0.5551181102362205,0.37106299212598426,0.07381889763779527,0.5580708661417323,0.4419291338582677,0.6958661417322834,0.30413385826771655,0.05490331491712707,0.1671270718232044,0.14917127071823205,0.08252762430939227,0.2983425414364641,0.05766574585635359,0.0787292817679558,0.05283149171270718,0.05870165745856354
E019_EN_2024,Bouygues,2024,alta,5509,0.012231908,0.010482396,0.007923923,0.004970014,0.0025382359,0.0026347917,0.0062897657,0.38682156471228896,0.16954075149754946,0.03993465238700308,0.7905245961154475,0.12960609911054638,0.674331299859221,0.2041295166588456,0.12153918348193336,0.685124354763022,0.3148756452369779,0.7625527921163773,0.23744720788362272,0.06353240152477764,0.20983844617897984,0.07151933200217825,0.11000181521147213,0.32328916318751133,0.05572699219459067,0.0677073879106916,0.038664004356507534,0.05972045743329098
E020_EFGI_2022,Eiffage,2022,densidad,760,0.0041968436,0.012021628,0.004099657,0.0024202715,0.0064913626,0.002455743,0.0030896883,0.7907894736842105,0.2881578947368421,0.006578947368421052,0.7052631578947368,0.28157894736842104,0.415973377703827,0.5574043261231281,0.026622296173044926,0.3777038269550749,0.6222961730449251,0.47587354409317806,0.5241264559068219,0.005263157894736842,0.40657894736842104,0.0881578947368421,0.02368421052631579,0.09473684210526316,0.17763157894736842,0.04078947368421053,0.11710526315789474,0.046052631578947366
E020_EFGI_2023,Eiffage,2023,alta,2478,0.008559924,0.004608987,0.007995679,0.008645454,0.0026115905,0.0025713088,0.0050485968,0.13599677158999193,0.11581920903954802,0.03268765133171913,0.8514931396287329,0.0831315577078289,0.6053412462908012,0.2997032640949555,0.09495548961424333,0.6765578635014837,0.32344213649851633,0.5519287833827893,0.44807121661721067,0.03672316384180791,0.07425343018563357,0.08757062146892655,0.38861985472154964,0.06900726392251816,0.018563357546408393,0.29217110573042776,0.014124293785310734,0.018966908797417272
E020_EFGI_2024,Eiffage,2024,densidad,1237,0.007234127,0.010372892,0.009669355,0.0041464944,0.0040501035,0.0022428778,0.007832467,0.7332255456750202,0.16491511721907842,0.024252223120452707,0.8108326596604689,0.1406628940986257,0.6438809261300992,0.21940463065049615,0.13671444321940462,0.6945975744211687,0.3054024255788313,0.7519294377067255,0.24807056229327454,0.02021018593371059,0.34114793856103476,0.06548100242522231,0.13096200485044462,0.1026677445432498,0.1608730800323363,0.06952303961196443,0.07922392886014551,0.029911075181891674
E021_BRNW_2022,Brunello Cucinelli,2022,densidad_baja,26,0.005342165,0.017123375,0.005735292,0.00060096156,0.0041787294,0.0015135327,0.003187322,0.38461538461538464,0.4230769230769231,0.0,0.5769230769230769,0.4230769230769231,0.4,0.6,0.0,0.1,0.9,0.8,0.2,0.07692307692307693,0.19230769230769232,0.2692307692307692,0.0,0.23076923076923078,0.11538461538461539,0.038461538461538464,0.0,0.07692307692307693
E021_BRNW_2023,Brunello Cucinelli,2023,densidad_baja,25,0.0047039567,0.011864193,0.0024526902,0.0,0.010162677,0.0024526902,0.0008510638,0.68,0.4,0.0,0.6,0.4,0.5294117647058824,0.47058823529411764,0.0,0.5294117647058824,0.47058823529411764,0.8235294117647058,0.17647058823529413,0.04,0.2,0.36,0.0,0.28,0.08,0.0,0.0,0.04
E021_BRNW_2024,Brunello Cucinelli,2024,densidad,733,0.009721819,0.007281289,0.011051105,0.007503292,0.0017197563,0.0020432319,0.007290665,0.5688949522510232,0.06684856753069578,0.017735334242837655,0.9154160982264665,0.04911323328785812,0.7290167865707434,0.07434052757793765,0.19664268585131894,0.8513189448441247,0.1486810551558753,0.8201438848920863,0.17985611510791366,0.0504774897680764,0.2673942701227831,0.02592087312414734,0.19781718963165076,0.10641200545702592,0.09959072305593451,0.09004092769440655,0.09959072305593451,0.06275579809004093
E022_BOSS_2022,Hugo Boss,2022,densidad,389,0.009506603,0.0170455,0.0048014657,0.008611388,0.0022391367,0.001254408,0.0059429957,0.35218508997429304,0.2622107969151671,0.02570694087403599,0.712082262210797,0.23650385604113108,0.7153284671532847,0.24817518248175183,0.0364963503649635,0.583941605839416,0.41605839416058393,0.7883211678832117,0.2116788321167883,0.09511568123393316,0.15938303341902313,0.05141388174807198,0.15424164524421594,0.26735218508997427,0.033419023136246784,0.10539845758354756,0.02056555269922879,0.11311053984575835
E022_BOSS_2023,Hugo Boss,2023,alta,1268,0.011019244,0.018896779,0.016507035,0.0062312423,0.0021585638,0.002712265,0.0043953336,0.15851735015772872,0.38485804416403785,0.09305993690851735,0.5220820189274448,0.29179810725552047,0.6716417910447762,0.25870646766169153,0.06965174129353234,0.6019900497512438,0.39800995024875624,0.7313432835820896,0.26865671641791045,0.04810725552050473,0.083596214511041,0.031545741324921134,0.14589905362776026,0.12145110410094637,0.015772870662460567,0.45110410094637227,0.02050473186119874,0.08201892744479496
E022_BOSS_2024,Hugo Boss,2024,alta,1805,0.016220674,0.02202532,0.013889535,0.0049763313,0.001702984,0.0020334884,0.007209123,0.2149584487534626,0.3235457063711911,0.09030470914127424,0.5861495844875346,0.23324099722991687,0.6829896907216495,0.1958762886597938,0.1211340206185567,0.5644329896907216,0.43556701030927836,0.7474226804123711,0.25257731958762886,0.05706371191135734,0.06869806094182826,0.028254847645429362,0.14293628808864267,0.22770083102493074,0.06315789473684211,0.3047091412742382,0.03434903047091413,0.07313019390581718
E023_CFR_2022,Richemont,2022,densidad_baja,136,0.002311055,0.028230274,0.0027901593,0.0010636831,0.0037783564,0.0017920225,0.00954048,0.4852941176470588,0.3088235294117647,0.0,0.6911764705882353,0.3088235294117647,0.9090909090909091,0.09090909090909091,0.0,0.5,0.5,0.7727272727272727,0.22727272727272727,0.08088235294117647,0.16176470588235295,0.11029411764705882,0.15441176470588236,0.27205882352941174,0.08088235294117647,0.04411764705882353,0.014705882352941176,0.08088235294117647
E023_CFR_2023,Richemont,2023,densidad_baja,129,0.008960416,0.025511578,0.0043957494,0.0036457565,0.00083866,0.0006107587,0.0045382557,0.5038759689922481,0.5426356589147286,0.023255813953488372,0.43410852713178294,0.5193798449612402,0.5846153846153846,0.3076923076923077,0.1076923076923077,0.6461538461538462,0.35384615384615387,0.8307692307692308,0.16923076923076924,0.06201550387596899,0.12403100775193798,0.10077519379844961,0.10077519379844961,0.1937984496124031,0.13178294573643412,0.1937984496124031,0.023255813953488372,0.06976744186046512
E023_CFR_2024,Richemont,2024,densidad_baja,99,0.007774108,0.016234696,0.0026854337,0.00078643573,0.00028860028,0.0004040404,0.0019786956,0.3838383838383838,0.48484848484848486,0.06060606060606061,0.45454545454545453,0.42424242424242425,0.631578947368421,0.3684210526315789,0.0,0.631578947368421,0.3684210526315789,0.7894736842105263,0.21052631578947367,0.09090909090909091,0.09090909090909091,0.12121212121212122,0.1111111111111111,0.13131313131313133,0.12121212121212122,0.31313131313131315,0.0,0.020202020202020204
E024_KER_2022,Kering,2022,densidad,1397,0.0094501795,0.012544845,0.0064988965,0.003264135,0.0025053183,0.0015919629,0.004936848,0.376521116678597,0.23407301360057264,0.03221188260558339,0.733715103793844,0.20186113099498926,0.7300380228136882,0.21292775665399238,0.057034220532319393,0.5665399239543726,0.43346007604562736,0.6939163498098859,0.3060836501901141,0.08876163206871868,0.2147458840372226,0.07158196134574088,0.12956335003579098,0.3500357909806729,0.06012884753042233,0.03793843951324266,0.0164638511095204,0.030780243378668574
E024_KER_2023,Kering,2023,densidad,636,0.009620755,0.0124776345,0.0058183223,0.0036196783,0.0016377787,0.0016056263,0.0045939595,0.13522012578616352,0.19339622641509435,0.031446540880503145,0.7751572327044025,0.16194968553459121,0.813953488372093,0.11627906976744186,0.06976744186046512,0.5232558139534884,0.47674418604651164,0.8372093023255814,0.16279069767441862,0.13522012578616352,0.03773584905660377,0.07547169811320754,0.17452830188679244,0.5251572327044025,0.009433962264150943,0.0330188679245283,0.0,0.009433962264150943
E024_KER_2024,Kering,2024,densidad,1127,0.007881643,0.012559761,0.0082377745,0.0024193055,0.0025927708,0.0018655886,0.0046337047,0.5661047027506655,0.22715173025732033,0.023070097604259095,0.7497781721384206,0.20408163265306123,0.6739811912225705,0.2006269592476489,0.12539184952978055,0.567398119122257,0.43260188087774293,0.719435736677116,0.28056426332288403,0.029281277728482696,0.19343389529724933,0.05767524401064774,0.14906832298136646,0.20141969831410825,0.16858917480035493,0.050576752440106475,0.10913930789707187,0.04081632653061224
E025_ADS_2022,Adidas,2022,densidad,504,0.0065140678,0.019685168,0.003681396,0.0018496794,0.0042710095,0.00084608956,0.0049680853,0.43452380952380953,0.3888888888888889,0.025793650793650792,0.5853174603174603,0.3630952380952381,0.6986301369863014,0.2694063926940639,0.0319634703196347,0.4063926940639269,0.593607305936073,0.5799086757990868,0.4200913242009132,0.02976190476190476,0.16666666666666666,0.057539682539682536,0.07142857142857142,0.375,0.07738095238095238,0.04563492063492063,0.12103174603174603,0.05555555555555555
E025_ADS_2023,Adidas,2023,alta,704,0.012592942,0.016245343,0.004920652,0.004759485,0.0047502946,0.0010781777,0.0051053087,0.4971590909090909,0.27982954545454547,0.05539772727272727,0.6647727272727273,0.2244318181818182,0.7428571428571429,0.2057142857142857,0.05142857142857143,0.4942857142857143,0.5057142857142857,0.6171428571428571,0.38285714285714284,0.05823863636363636,0.18323863636363635,0.015625,0.109375,0.2997159090909091,0.07244318181818182,0.07670454545454546,0.10653409090909091,0.078125
E025_ADS_2024,Adidas,2024,alta,3316,0.017931275,0.014768335,0.009026098,0.005626458,0.0028774037,0.0021253368,0.006040548,0.3401688781664656,0.1640530759951749,0.0738841978287093,0.7620627261761158,0.09016887816646561,0.7296099290780141,0.09219858156028368,0.17819148936170212,0.6932624113475178,0.3067375886524823,0.7987588652482269,0.20124113475177305,0.05609167671893848,0.10283474065138722,0.03950542822677925,0.14264173703256935,0.35615199034981904,0.07539203860072376,0.07750301568154402,0.06905910735826297,0.08082026537997587
E026_REP_2022,Repsol,2022,alta,1180,0.016504634,0.015847374,0.010540159,0.006080993,0.003655437,0.0020750398,0.0044985986,0.46271186440677964,0.2559322033898305,0.06694915254237288,0.6771186440677966,0.18898305084745765,0.5677655677655677,0.2600732600732601,0.17216117216117216,0.6941391941391941,0.3058608058608059,0.7326007326007326,0.2673992673992674,0.08389830508474576,0.25254237288135595,0.06440677966101695,0.08983050847457627,0.23135593220338982,0.05423728813559322,0.10932203389830508,0.036440677966101696,0.07796610169491526
E026_REP_2023,Repsol,2023,alta,1180,0.013155871,0.015941976,0.008219337,0.0060318196,0.0026399146,0.0015601102,0.0054227817,0.5398305084745763,0.22203389830508474,0.03474576271186441,0.7432203389830508,0.18728813559322033,0.6232339089481946,0.25745682888540034,0.11930926216640503,0.6891679748822606,0.3108320251177394,0.7346938775510204,0.2653061224489796,0.08559322033898305,0.27627118644067794,0.0635593220338983,0.10423728813559321,0.2033898305084746,0.08728813559322034,0.07627118644067797,0.0423728813559322,0.061016949152542375
E026_REP_2024,Repsol,2024,alta,4042,0.012053084,0.011259294,0.009244114,0.0073394505,0.0022377349,0.0017210604,0.004393844,0.45843641761504206,0.1412666996536368,0.041810984661058884,0.8169223156853043,0.09945571499257792,0.652995143011333,0.19697787371829464,0.15002698327037237,0.7684835402050728,0.23151645979492713,0.6869940636805181,0.3130059363194819,0.07224146462147452,0.22785749628896587,0.05714992577931717,0.15858485898070263,0.17540821375556656,0.07075705096486888,0.13310242454230578,0.03933696190004948,0.06556160316674914
E027_AKERBP_2022,Aker BP,2022,densidad,152,0.021407226,0.014961394,0.020340597,0.0034227485,0.002063444,0.006657224,0.0030516288,0.20394736842105263,0.26973684210526316,0.19736842105263158,0.5328947368421053,0.07236842105263158,0.6129032258064516,0.0967741935483871,0.2903225806451613,0.6774193548387096,0.3225806451612903,0.8387096774193549,0.16129032258064516,0.06578947368421052,0.07894736842105263,0.09868421052631579,0.17105263157894737,0.3157894736842105,0.019736842105263157,0.18421052631578946,0.0,0.06578947368421052
E027_AKERBP_2023,Aker BP,2023,densidad,1740,0.014281807,0.012368357,0.010400426,0.0039355513,0.002852422,0.0014674603,0.0059624356,0.453448275862069,0.16149425287356323,0.04942528735632184,0.789080459770115,0.11206896551724138,0.7490494296577946,0.10139416983523447,0.14955640050697086,0.779467680608365,0.22053231939163498,0.6806083650190115,0.3193916349809886,0.0706896551724138,0.22988505747126436,0.04195402298850575,0.11494252873563218,0.2764367816091954,0.06206896551724138,0.09080459770114943,0.07011494252873564,0.04310344827586207
E027_AKERBP_2024,Aker BP,2024,densidad,1519,0.014277544,0.009899183,0.01430995,0.004081624,0.0032822222,0.002828596,0.00695131,0.608953258722844,0.14614878209348256,0.07899934167215274,0.7748518762343647,0.06714944042132982,0.7264864864864865,0.06486486486486487,0.20864864864864865,0.8248648648648649,0.17513513513513512,0.7383783783783784,0.2616216216216216,0.03423304805793285,0.293614219881501,0.009216589861751152,0.10994075049374588,0.18630678077682686,0.07636603028308098,0.11784068466096116,0.13890717577353523,0.03357472021066491
E028_NSN_2022,Neste,2022,alta,1684,0.010293747,0.0140293455,0.00803361,0.0029314796,0.0031240531,0.0013403908,0.006846829,0.6205463182897862,0.29453681710213775,0.03859857482185273,0.6668646080760094,0.255938242280285,0.6354066985645933,0.27751196172248804,0.08708133971291866,0.5502392344497608,0.44976076555023925,0.6200956937799043,0.3799043062200957,0.03978622327790974,0.32838479809976245,0.029691211401425176,0.08016627078384798,0.24584323040380046,0.12054631828978622,0.055819477434679333,0.07363420427553444,0.026128266033254157
E028_NSN_2023,Neste,2023,alta,1629,0.012330953,0.013805567,0.0074492726,0.0032561813,0.0021908584,0.0015267505,0.0069379495,0.5985267034990792,0.2922038060159607,0.03806015960712093,0.6697360343769183,0.25414364640883974,0.6174358974358974,0.28512820512820514,0.09743589743589744,0.558974358974359,0.441025641025641,0.6276923076923077,0.3723076923076923,0.04604051565377532,0.30263965623081646,0.04665438919582566,0.09760589318600368,0.2480049109883364,0.09760589318600368,0.06875383670963782,0.05954573357888275,0.03314917127071823
E028_NSN_2024,Neste,2024,alta,399,0.010759889,0.016875625,0.005431587,0.0033701882,0.0013955071,0.00022036207,0.00800726,0.5488721804511278,0.3358395989974937,0.03258145363408521,0.631578947368421,0.3032581453634085,0.680365296803653,0.2511415525114155,0.0684931506849315,0.45662100456621,0.54337899543379,0.6164383561643836,0.3835616438356164,0.05263157894736842,0.2531328320802005,0.02506265664160401,0.03258145363408521,0.37343358395989973,0.13283208020050125,0.02756892230576441,0.06265664160401002,0.040100250626566414
E029_TGS_2022,TGS,2022,densidad,469,0.014071167,0.012703814,0.009602814,0.0059318226,0.00466324,0.00097420206,0.006553765,0.4051172707889126,0.21535181236673773,0.057569296375266525,0.7270788912579957,0.1577825159914712,0.6473684210526316,0.14736842105263157,0.20526315789473684,0.7947368421052632,0.20526315789473684,0.7157894736842105,0.28421052631578947,0.0767590618336887,0.22174840085287847,0.03411513859275053,0.1279317697228145,0.34541577825159914,0.03624733475479744,0.07462686567164178,0.03624733475479744,0.046908315565031986
E029_TGS_2023,TGS,2023,densidad,605,0.015631407,0.0114435805,0.0084888665,0.00545578,0.0020693815,0.001986907,0.0063737254,0.40826446280991735,0.16033057851239668,0.06446280991735537,0.775206611570248,0.09586776859504131,0.6639676113360324,0.19838056680161945,0.13765182186234817,0.7692307692307693,0.23076923076923078,0.7368421052631579,0.2631578947368421,0.08760330578512397,0.20826446280991737,0.04462809917355372,0.14380165289256197,0.2644628099173554,0.05619834710743802,0.11900826446280992,0.04132231404958678,0.03471074380165289
E029_TGS_2024,TGS,2024,alta,1016,0.019560123,0.013063415,0.011452697,0.007544126,0.0025829189,0.002813737,0.0070317695,0.4271653543307087,0.15846456692913385,0.08267716535433071,0.7588582677165354,0.07578740157480314,0.6612903225806451,0.10368663594470046,0.2350230414746544,0.8778801843317973,0.12211981566820276,0.8179723502304147,0.18202764976958524,0.10334645669291338,0.17224409448818898,0.06791338582677166,0.14271653543307086,0.3110236220472441,0.038385826771653545,0.08070866141732283,0.05019685039370079,0.03346456692913386
E030_VESTAS_2022,Vestas,2022,densidad,350,0.009901502,0.01697958,0.014414428,0.0019384616,0.004491177,0.00059711613,0.0024158217,0.26857142857142857,0.32857142857142857,0.08857142857142856,0.5828571428571429,0.24,0.30851063829787234,0.5425531914893617,0.14893617021276595,0.6170212765957447,0.3829787234042553,0.7659574468085106,0.23404255319148937,0.02,0.22,0.07428571428571429,0.3485714285714286,0.1,0.002857142857142857,0.12,0.002857142857142857,0.11142857142857143
E030_VESTAS_2023,Vestas,2023,densidad,189,0.010644726,0.025672652,0.004566986,0.0005864161,0.0020137662,0.0017569086,0.00269144,0.4973544973544973,0.5767195767195767,0.05291005291005291,0.37037037037037035,0.5238095238095238,0.3617021276595745,0.5851063829787234,0.05319148936170213,0.5531914893617021,0.44680851063829785,0.6276595744680851,0.3723404255319149,0.026455026455026454,0.30158730158730157,0.026455026455026454,0.08465608465608465,0.18518518518518517,0.010582010582010581,0.30158730158730157,0.042328042328042326,0.021164021164021163
E030_VESTAS_2024,Vestas,2024,densidad,2391,0.017445005,0.014390712,0.012429604,0.0029356426,0.0020717678,0.0017956116,0.0051686415,0.4232538686741949,0.191969887076537,0.06482643245503973,0.7432036804684232,0.1271434546214973,0.6650197628458498,0.16403162055335968,0.17094861660079053,0.7252964426877471,0.274703557312253,0.6689723320158103,0.3310276679841897,0.07570054370556252,0.21622751986616479,0.0644081974069427,0.12128816394813885,0.2580510246758678,0.060644081974069425,0.09661229611041405,0.06357172731074864,0.043496445002091176
E031_LSEG_2022,London Stock Exchange Group,2022,alta,172,0.011680544,0.017256094,0.013380019,0.006194751,0.00074910815,0.000109697234,0.0039876676,0.7383720930232558,0.21511627906976744,0.005813953488372093,0.7790697674418605,0.20930232558139533,0.8110236220472441,0.11811023622047244,0.07086614173228346,0.7559055118110236,0.2440944881889764,0.7559055118110236,0.2440944881889764,0.05232558139534884,0.5290697674418605,0.046511627906976744,0.19186046511627908,0.0872093023255814,0.005813953488372093,0.05232558139534884,0.0,0.03488372093023256
E031_LSEG_2023,London Stock Exchange Group,2023,densidad,474,0.00857716,0.01430794,0.019373996,0.0035824159,0.003277321,0.0014083588,0.003833563,0.35864978902953587,0.229957805907173,0.052742616033755275,0.7172995780590717,0.17721518987341772,0.6294117647058823,0.08235294117647059,0.28823529411764703,0.7705882352941177,0.22941176470588234,0.8823529411764706,0.11764705882352941,0.03375527426160337,0.22784810126582278,0.04430379746835443,0.39029535864978904,0.16033755274261605,0.006329113924050633,0.10548523206751055,0.002109704641350211,0.029535864978902954
E031_LSEG_2024,London Stock Exchange Group,2024,densidad,547,0.0077797924,0.016220974,0.021715242,0.0033967483,0.0020893617,0.0017169827,0.0044087213,0.42230347349177333,0.21937842778793418,0.038391224862888484,0.7422303473491774,0.1809872029250457,0.6233766233766234,0.06060606060606061,0.31601731601731603,0.8095238095238095,0.19047619047619047,0.8831168831168831,0.11688311688311688,0.043875685557586835,0.24862888482632542,0.043875685557586835,0.3875685557586837,0.14442413162705667,0.005484460694698354,0.09140767824497258,0.0018281535648994515,0.03290676416819013
E032_ALLFG_2022,Allfunds Group,2022,densidad,320,0.012175759,0.018497981,0.026154816,0.005817806,0.003349382,0.0012151233,0.0072242445,0.203125,0.278125,0.025,0.696875,0.253125,0.6307692307692307,0.2,0.16923076923076924,0.5538461538461539,0.4461538461538462,0.8769230769230769,0.12307692307692308,0.078125,0.0625,0.0625,0.340625,0.275,0.00625,0.121875,0.003125,0.05
E032_ALLFG_2023,Allfunds Group,2023,densidad,206,0.0077500297,0.024668897,0.0041182274,0.006892488,0.0044182814,0.0009127715,0.006629932,0.32038834951456313,0.33980582524271846,0.0048543689320388345,0.6553398058252428,0.33495145631067963,0.6818181818181818,0.30303030303030304,0.015151515151515152,0.5757575757575758,0.42424242424242425,0.8484848484848485,0.15151515151515152,0.10679611650485436,0.08737864077669903,0.1650485436893204,0.1796116504854369,0.2961165048543689,0.0,0.04854368932038835,0.014563106796116505,0.10194174757281553
E032_ALLFG_2024,Allfunds Group,2024,alta,556,0.007633155,0.026643943,0.018279348,0.006846948,0.0019745587,0.0011485417,0.005797743,0.4226618705035971,0.2949640287769784,0.02158273381294964,0.6834532374100719,0.2733812949640288,0.6127659574468085,0.23404255319148937,0.15319148936170213,0.6936170212765957,0.30638297872340425,0.8595744680851064,0.14042553191489363,0.09532374100719425,0.23741007194244604,0.05755395683453238,0.2805755395683453,0.18525179856115107,0.01079136690647482,0.07194244604316546,0.008992805755395683,0.052158273381294966
E033_WEND_2022,Wendel,2022,densidad,1598,0.011605659,0.010974112,0.010993691,0.004277925,0.0022729768,0.0015910157,0.00513041,0.4637046307884856,0.19211514392991239,0.03316645807259074,0.7747183979974969,0.15894868585732164,0.7260458839406208,0.145748987854251,0.1282051282051282,0.7165991902834008,0.2834008097165992,0.6761133603238867,0.32388663967611336,0.10137672090112641,0.26846057571964954,0.06382978723404255,0.15707133917396746,0.2309136420525657,0.016270337922403004,0.07759699624530664,0.044430538172715896,0.04005006257822278
E033_WEND_2023,Wendel,2023,densidad,994,0.011466649,0.008743566,0.00988597,0.004737269,0.0014543862,0.0015489311,0.0057849,0.41851106639839036,0.12977867203219315,0.030181086519114688,0.8400402414486922,0.09959758551307846,0.8149038461538461,0.0889423076923077,0.09615384615384616,0.7379807692307693,0.2620192307692308,0.7211538461538461,0.27884615384615385,0.12877263581488935,0.2243460764587525,0.04225352112676056,0.21730382293762576,0.24346076458752516,0.011066398390342052,0.07645875251509054,0.02414486921529175,0.03219315895372234
E033_WEND_2024,Wendel,2024,densidad,721,0.0140737565,0.00648065,0.007703315,0.0058829086,0.0022107963,0.001720344,0.005957586,0.49791955617198336,0.06102635228848821,0.04576976421636616,0.8932038834951457,0.015256588072122053,0.8245125348189415,0.055710306406685235,0.11977715877437325,0.8050139275766016,0.19498607242339833,0.7799442896935933,0.2200557103064067,0.08737864077669903,0.2260748959778086,0.011095700416088766,0.22468793342579751,0.1955617198335645,0.008321775312066574,0.0970873786407767,0.05547850208044383,0.09431345353675451
E034_III_2022,3i,2022,alta,813,0.007827598,0.014055082,0.013503377,0.0027298008,0.002241976,0.0016078954,0.002975037,0.27183271832718325,0.2201722017220172,0.04428044280442804,0.7355473554735548,0.17589175891758918,0.7330316742081447,0.03619909502262444,0.23076923076923078,0.8371040723981901,0.16289592760180996,0.8914027149321267,0.1085972850678733,0.04305043050430504,0.13284132841328414,0.06519065190651907,0.33579335793357934,0.16482164821648215,0.0024600246002460025,0.22632226322263221,0.0012300123001230013,0.028290282902829027
E034_III_2023,3i,2023,alta,522,0.0074661304,0.0159313,0.010207051,0.0026575509,0.0032306486,0.0019134411,0.0041037574,0.5134099616858238,0.2720306513409962,0.02490421455938697,0.7030651340996169,0.24712643678160923,0.7164179104477612,0.13805970149253732,0.1455223880597015,0.6828358208955224,0.31716417910447764,0.7350746268656716,0.26492537313432835,0.04789272030651341,0.2950191570881226,0.07088122605363985,0.210727969348659,0.2413793103448276,0.019157088122605363,0.05172413793103448,0.022988505747126436,0.040229885057471264
E034_III_2024,3i,2024,alta,619,0.00736876,0.016963817,0.0104404865,0.0032116065,0.002332789,0.0021228525,0.004731192,0.4894991922455573,0.2294022617124394,0.03231017770597738,0.7382875605815832,0.19709208400646203,0.7062706270627063,0.12211221122112212,0.1716171617161716,0.7029702970297029,0.297029702970297,0.759075907590759,0.24092409240924093,0.05492730210016155,0.29079159935379645,0.06946688206785137,0.1890145395799677,0.2762520193861066,0.009693053311793215,0.07592891760904685,0.009693053311793215,0.024232633279483037
E035_EXO_2022,Exor,2022,alta,580,0.010790136,0.019592984,0.006200002,0.007346003,0.0051157237,0.0011844209,0.0047005787,0.41724137931034483,0.23103448275862068,0.039655172413793106,0.7293103448275862,0.19137931034482758,0.7148760330578512,0.19421487603305784,0.09090909090909091,0.6652892561983471,0.3347107438016529,0.8016528925619835,0.19834710743801653,0.12241379310344827,0.24655172413793103,0.10689655172413794,0.16551724137931034,0.2,0.027586206896551724,0.0896551724137931,0.01206896551724138,0.029310344827586206
E035_EXO_2023,Exor,2023,alta,510,0.008483105,0.01784191,0.0038513222,0.008502085,0.0035500345,0.00065524963,0.005016132,0.3588235294117647,0.23921568627450981,0.021568627450980392,0.7392156862745098,0.21764705882352942,0.819672131147541,0.15846994535519127,0.02185792349726776,0.5409836065573771,0.45901639344262296,0.7704918032786885,0.22950819672131148,0.13333333333333333,0.2019607843137255,0.1627450980392157,0.1627450980392157,0.20588235294117646,0.025490196078431372,0.07254901960784314,0.00784313725490196,0.027450980392156862
E035_EXO_2024,Exor,2024,alta,698,0.012191167,0.018024035,0.010292952,0.0046560266,0.0023701596,0.002601554,0.005022783,0.44126074498567336,0.1991404011461318,0.07449856733524356,0.7263610315186246,0.12464183381088824,0.6655844155844156,0.13636363636363635,0.19805194805194806,0.8084415584415584,0.19155844155844157,0.9025974025974026,0.09740259740259741,0.08595988538681948,0.2822349570200573,0.055873925501432664,0.22349570200573066,0.2134670487106017,0.017191977077363897,0.07163323782234957,0.017191977077363897,0.0329512893982808
E036_GLB_2022,Glanbia,2022,alta,859,0.0064500067,0.013030398,0.008137025,0.004657253,0.005866735,0.003991061,0.0057513095,0.12689173457508732,0.18044237485448195,0.020954598370197905,0.7986030267753201,0.15948777648428403,0.9541284403669725,0.01834862385321101,0.027522935779816515,0.7614678899082569,0.23853211009174313,0.7889908256880734,0.21100917431192662,0.012805587892898719,0.04307334109429569,0.008149010477299184,0.6623981373690337,0.10942956926658906,0.010477299185098952,0.1408614668218859,0.006984866123399301,0.005820721769499418
E036_GLB_2023,Glanbia,2023,alta,939,0.0060787154,0.012557782,0.008299226,0.004725861,0.005704899,0.0034711477,0.00620963,0.154419595314164,0.154419595314164,0.013844515441959531,0.8317358892438764,0.14057507987220447,0.8137931034482758,0.10344827586206896,0.08275862068965517,0.8275862068965517,0.1724137931034483,0.7862068965517242,0.21379310344827587,0.019169329073482427,0.06389776357827476,0.009584664536741214,0.6858359957401491,0.07987220447284345,0.007454739084132056,0.12673056443024494,0.004259850905218318,0.003194888178913738
E036_GLB_2024,Glanbia,2024,alta,824,0.0066242525,0.011553253,0.009101163,0.0054286197,0.005278266,0.004000755,0.0057761986,0.17233009708737865,0.13349514563106796,0.013349514563106795,0.8531553398058253,0.12014563106796117,0.852112676056338,0.06338028169014084,0.08450704225352113,0.7887323943661971,0.2112676056338028,0.8380281690140845,0.1619718309859155,0.01820388349514563,0.07524271844660194,0.0024271844660194173,0.6638349514563107,0.08373786407766991,0.009708737864077669,0.12742718446601942,0.012135922330097087,0.007281553398058253
E037_PERP_2022,Pernod Ricard,2022,media,1498,0.013365236,0.015837116,0.011794708,0.0051365746,0.004072956,0.0035728924,0.0058070407,0.3678237650200267,0.19292389853137518,0.056074766355140186,0.7510013351134847,0.13684913217623498,0.631578947368421,0.21960072595281308,0.14882032667876588,0.6297640653357531,0.3702359346642468,0.6969147005444646,0.3030852994555354,0.07343124165554073,0.12283044058744993,0.06542056074766354,0.11815754339118825,0.2630173564753004,0.1308411214953271,0.08611481975967958,0.07209612817089453,0.06809078771695594
E037_PERP_2023,Pernod Ricard,2023,alta,1492,0.014034201,0.014131635,0.010609676,0.0060383864,0.003385486,0.0021953022,0.0067503145,0.44168900804289546,0.23525469168900803,0.05026809651474531,0.7144772117962467,0.18498659517426272,0.6251896813353566,0.18968133535660092,0.18512898330804248,0.6600910470409712,0.33990895295902884,0.7617602427921093,0.23823975720789076,0.058981233243967826,0.17560321715817695,0.07171581769436998,0.11193029490616623,0.26072386058981234,0.1239946380697051,0.0824396782841823,0.05026809651474531,0.064343163538874
E037_PERP_2024,Pernod Ricard,2024,alta,1741,0.012987789,0.013943827,0.009942634,0.005627099,0.0030441948,0.0022932997,0.006592223,0.43595634692705343,0.2584721424468696,0.04709936817920735,0.694428489373923,0.21137277426766227,0.6231884057971014,0.19499341238471674,0.18181818181818182,0.6561264822134387,0.3438735177865613,0.7523056653491436,0.24769433465085638,0.05054566341183228,0.17001723147616313,0.07294658242389432,0.10453762205628948,0.27972429638139,0.12464101091326824,0.08271108558299828,0.058012636415852956,0.05686387133831131
E038_CPR_2022,Davide Campari-Milano,2022,densidad,252,0.011083916,0.009704461,0.0039385054,0.009144543,0.0022309164,0.0014075985,0.0049094576,0.6507936507936508,0.1865079365079365,0.06746031746031746,0.746031746031746,0.11904761904761905,0.7621951219512195,0.1951219512195122,0.042682926829268296,0.6524390243902439,0.3475609756097561,0.5121951219512195,0.4878048780487805,0.06746031746031746,0.32142857142857145,0.051587301587301584,0.07142857142857142,0.06349206349206349,0.12698412698412698,0.11507936507936507,0.15079365079365079,0.031746031746031744
E038_CPR_2023,Davide Campari-Milano,2023,densidad,381,0.011444861,0.013000182,0.0040636286,0.0032382233,0.0028433865,0.0014401994,0.004820243,0.6036745406824147,0.25196850393700787,0.05511811023622047,0.6929133858267716,0.19685039370078738,0.7,0.24347826086956523,0.05652173913043478,0.5739130434782609,0.4260869565217391,0.4956521739130435,0.5043478260869565,0.047244094488188976,0.3228346456692913,0.06036745406824147,0.049868766404199474,0.09186351706036745,0.12860892388451445,0.09448818897637795,0.14173228346456693,0.06299212598425197
E038_CPR_2024,Davide Campari-Milano,2024,alta,4053,0.0121128205,0.015638577,0.010156314,0.0052165566,0.0030150178,0.002268251,0.004845321,0.28127313101406365,0.24105600789538614,0.06785097458672588,0.691093017517888,0.17320503330866027,0.6175438596491228,0.1763157894736842,0.20614035087719298,0.7324561403508771,0.2675438596491228,0.7964912280701755,0.20350877192982456,0.06489020478657784,0.09375771033802122,0.04909943251912164,0.2548729336294103,0.18184061189242537,0.07475943745373798,0.2000986923266716,0.02788058228472736,0.05280039476930669
E039_NOVO B_2022,Novo Nordisk,2022,densidad,290,0.01040532,0.018130561,0.005147678,0.011482451,0.004812954,0.0013206835,0.0038728316,0.2689655172413793,0.31724137931034485,0.05862068965517241,0.6241379310344828,0.25862068965517243,0.7051282051282052,0.2564102564102564,0.038461538461538464,0.6153846153846154,0.38461538461538464,0.7051282051282052,0.2948717948717949,0.07586206896551724,0.1413793103448276,0.1724137931034483,0.20689655172413793,0.1724137931034483,0.013793103448275862,0.12758620689655173,0.017241379310344827,0.07241379310344828
E039_NOVO B_2023,Novo Nordisk,2023,densidad,248,0.0092805745,0.015473627,0.0030324117,0.011485497,0.004293037,7.7543424e-05,0.0044811433,0.31451612903225806,0.29435483870967744,0.04435483870967742,0.6612903225806451,0.25,0.7307692307692307,0.20512820512820512,0.0641025641025641,0.6923076923076923,0.3076923076923077,0.7564102564102564,0.24358974358974358,0.08870967741935484,0.10080645161290322,0.20967741935483872,0.25,0.15725806451612903,0.020161290322580645,0.0967741935483871,0.04838709677419355,0.028225806451612902
E039_NOVO B_2024,Novo Nordisk,2024,densidad,868,0.015344072,0.010123009,0.0139305005,0.009416527,0.0021180825,0.004257168,0.0046735764,0.5783410138248848,0.16013824884792627,0.07373271889400922,0.7661290322580645,0.08640552995391705,0.7669322709163346,0.0796812749003984,0.15338645418326693,0.7768924302788844,0.22310756972111553,0.6653386454183267,0.3346613545816733,0.038018433179723504,0.21774193548387097,0.03341013824884793,0.20852534562211983,0.06682027649769585,0.097926267281106,0.1347926267281106,0.11290322580645161,0.08986175115207373
E040_CTEC_2022,ConvaTec,2022,densidad,577,0.014389879,0.017309308,0.01510418,0.002427451,0.005078556,0.0015262963,0.0038633575,0.6065857885615251,0.317157712305026,0.07625649913344887,0.6065857885615251,0.24090121317157712,0.56,0.13428571428571429,0.3057142857142857,0.76,0.24,0.7485714285714286,0.25142857142857145,0.060658578856152515,0.36395147313691506,0.09358752166377816,0.09185441941074524,0.14558058925476602,0.0415944540727903,0.09878682842287695,0.06412478336221837,0.03986135181975736
E040_CTEC_2023,ConvaTec,2023,densidad,857,0.01211606,0.019563392,0.011153745,0.0030540358,0.003326248,0.0014901352,0.005629057,0.4830805134189031,0.352392065344224,0.060676779463243874,0.5869311551925321,0.29171528588098017,0.6666666666666666,0.11594202898550725,0.21739130434782608,0.7125603864734299,0.28743961352657005,0.7632850241545893,0.23671497584541062,0.042007001166861145,0.24387397899649943,0.09451575262543757,0.13302217036172695,0.18436406067677946,0.045507584597432905,0.1073512252042007,0.056009334889148193,0.09334889148191365
E040_CTEC_2024,ConvaTec,2024,densidad,1203,0.013417827,0.020746691,0.01613401,0.004555144,0.003102386,0.0018751977,0.0060244543,0.38902743142144636,0.342477140482128,0.06650041562759768,0.5910224438902744,0.27597672485453034,0.5897435897435898,0.12179487179487179,0.28846153846153844,0.7649572649572649,0.23504273504273504,0.8269230769230769,0.17307692307692307,0.05320033250207814,0.2194513715710723,0.06317539484621779,0.18121363258520365,0.16375727348295926,0.02826267664172901,0.16957605985037408,0.02826267664172901,0.09310058187863675
E041_ALC_2022,Alcon,2022,densidad,23,0.0,0.0,0.0011750881,0.01697326,0.0,0.0011750881,0.0049636913,0.08695652173913043,0.0,0.0,1.0,0.0,1.0,0.0,0.0,1.0,0.0,1.0,0.0,0.043478260869565216,0.0,0.0,0.5217391304347826,0.043478260869565216,0.0,0.391304347826087,0.0,0.0
E041_ALC_2023,Alcon,2023,media,42,0.004970036,0.046324044,0.0048184195,0.0006802721,0.005110231,0.0,0.0038696642,0.19047619047619047,0.6428571428571429,0.0,0.35714285714285715,0.6428571428571429,0.5,0.5,0.0,0.25,0.75,0.625,0.375,0.0,0.07142857142857142,0.23809523809523808,0.0,0.16666666666666666,0.0,0.21428571428571427,0.14285714285714285,0.16666666666666666
E041_ALC_2024,Alcon,2024,densidad_baja,38,0.007212092,0.0057146633,0.007864973,0.006795323,0.0005720824,0.0037693083,0.010747521,0.05263157894736842,0.05263157894736842,0.02631578947368421,0.9210526315789473,0.02631578947368421,1.0,0.0,0.0,1.0,0.0,1.0,0.0,0.02631578947368421,0.0,0.0,0.7631578947368421,0.07894736842105263,0.0,0.13157894736842105,0.0,0.0
E042_QIA_2022,Qiagen,2022,alta,735,0.012724767,0.014417734,0.005269821,0.0063085393,0.0030973363,0.0020604876,0.0071935137,0.2979591836734694,0.24761904761904763,0.044897959183673466,0.7074829931972789,0.20272108843537417,0.7214611872146118,0.2328767123287671,0.045662100456621,0.5616438356164384,0.4383561643835616,0.6438356164383562,0.3561643835616438,0.08571428571428572,0.1346938775510204,0.12380952380952381,0.08979591836734693,0.2693877551020408,0.029931972789115645,0.08299319727891157,0.05986394557823129,0.12380952380952381
E042_QIA_2023,Qiagen,2023,alta,1026,0.013976233,0.016652402,0.008724721,0.0059643867,0.0028884702,0.0022111752,0.00787694,0.34307992202729043,0.2524366471734893,0.04775828460038986,0.6998050682261209,0.20467836257309943,0.7130681818181818,0.17329545454545456,0.11363636363636363,0.6335227272727273,0.3664772727272727,0.7017045454545454,0.29829545454545453,0.08869395711500974,0.14912280701754385,0.08187134502923976,0.09649122807017543,0.30214424951267055,0.029239766081871343,0.08576998050682261,0.057504873294346975,0.10916179337231968
E042_QIA_2024,Qiagen,2024,alta,1238,0.016522918,0.015087978,0.008650552,0.0050940304,0.0023875479,0.001561142,0.006387423,0.33521809369951533,0.18578352180936994,0.05977382875605816,0.7544426494345718,0.12600969305331178,0.7469879518072289,0.12289156626506025,0.13012048192771083,0.6867469879518072,0.3132530120481928,0.727710843373494,0.27228915662650605,0.0864297253634895,0.16558966074313408,0.03715670436187399,0.12762520193861066,0.2310177705977383,0.033925686591276254,0.12277867528271405,0.07592891760904685,0.11954765751211632
E043_LONN_2022,Lonza Group,2022,densidad,142,0.006828428,0.03183362,0.002408672,0.0006582976,0.0028847572,0.00041526803,0.003388298,0.352112676056338,0.5,0.014084507042253521,0.4859154929577465,0.4859154929577465,0.9,0.1,0.0,0.46,0.54,0.82,0.18,0.02112676056338028,0.13380281690140844,0.07042253521126761,0.09859154929577464,0.5774647887323944,0.0,0.06338028169014084,0.007042253521126761,0.028169014084507043
E043_LONN_2023,Lonza Group,2023,densidad_baja,111,0.0021148352,0.033192154,0.0013470092,0.0011203128,0.0034528414,0.00047415838,0.0014536824,0.3153153153153153,0.6936936936936937,0.009009009009009009,0.2972972972972973,0.6846846846846847,0.5428571428571428,0.45714285714285713,0.0,0.34285714285714286,0.6571428571428571,0.7428571428571429,0.2571428571428571,0.0,0.13513513513513514,0.05405405405405406,0.0990990990990991,0.36036036036036034,0.02702702702702703,0.18018018018018017,0.018018018018018018,0.12612612612612611
E043_LONN_2024,Lonza Group,2024,densidad_baja,108,0.002793259,0.039237555,0.00241107,0.0015798,0.00369103,0.0008899059,0.002653864,0.37037037037037035,0.7037037037037037,0.0,0.2962962962962963,0.7037037037037037,0.65,0.325,0.025,0.25,0.75,0.65,0.35,0.06481481481481481,0.18518518518518517,0.046296296296296294,0.027777777777777776,0.2037037037037037,0.08333333333333333,0.2037037037037037,0.0,0.18518518518518517
E044_LDO_2022,Leonardo,2022,densidad,189,0.018114466,0.010995549,0.013800055,0.0129423225,0.0029333332,0.0018475084,0.0056456616,0.41798941798941797,0.08465608465608465,0.08465608465608465,0.8306878306878307,0.0,0.7088607594936709,0.08860759493670886,0.20253164556962025,0.8607594936708861,0.13924050632911392,0.8860759493670886,0.11392405063291139,0.12698412698412698,0.19047619047619047,0.05291005291005291,0.12169312169312169,0.2751322751322751,0.010582010582010581,0.05291005291005291,0.047619047619047616,0.12169312169312169
E044_LDO_2023,Leonardo,2023,densidad,141,0.022822691,0.0073644575,0.009239319,0.015390373,0.0004257861,0.00035772056,0.0054638097,0.5531914893617021,0.07801418439716312,0.0851063829787234,0.8368794326241135,-0.00709219858156028,0.6282051282051282,0.15384615384615385,0.21794871794871795,0.8717948717948718,0.1282051282051282,0.9230769230769231,0.07692307692307693,0.1276595744680851,0.3191489361702128,0.03546099290780142,0.05673758865248227,0.2127659574468085,0.04964539007092199,0.04964539007092199,0.0851063829787234,0.06382978723404255
E044_LDO_2024,Leonardo,2024,alta,59,0.0067449305,0.017121663,0.003151519,0.005794864,0.0017126942,0.00056497176,0.0053742398,0.15254237288135594,0.4745762711864407,0.01694915254237288,0.5084745762711864,0.4576271186440678,0.7777777777777778,0.2222222222222222,0.0,0.6666666666666666,0.3333333333333333,0.6666666666666666,0.3333333333333333,0.05084745762711865,0.0847457627118644,0.06779661016949153,0.2033898305084746,0.03389830508474576,0.0,0.4406779661016949,0.0,0.11864406779661017
E045_BOL_2022,Bolloré,2022,densidad_baja,21,0.002957705,0.025632773,0.0026549818,0.002478579,0.0009718173,0.0004810005,0.014085591,0.5238095238095238,0.42857142857142855,0.0,0.5714285714285714,0.42857142857142855,0.9090909090909091,0.09090909090909091,0.0,0.6363636363636364,0.36363636363636365,1.0,0.0,0.14285714285714285,0.23809523809523808,0.09523809523809523,0.09523809523809523,0.2857142857142857,0.14285714285714285,0.0,0.0,0.0
E045_BOL_2023,Bolloré,2023,densidad,1470,0.00831463,0.010863833,0.010203752,0.004299327,0.0019320989,0.0026436609,0.0052463175,0.4891156462585034,0.23673469387755103,0.012244897959183673,0.7510204081632653,0.22448979591836735,0.5938803894297635,0.2698191933240612,0.13630041724617525,0.6383866481223922,0.3616133518776078,0.6759388038942976,0.3240611961057024,0.047619047619047616,0.23741496598639455,0.09795918367346938,0.08707482993197278,0.2816326530612245,0.04217687074829932,0.0673469387755102,0.10612244897959183,0.0326530612244898
E045_BOL_2024,Bolloré,2024,densidad,2100,0.013141795,0.010872504,0.009228656,0.0053995866,0.0018923817,0.0024338234,0.007099247,0.3742857142857143,0.1380952380952381,0.039523809523809524,0.8223809523809524,0.09857142857142859,0.6310432569974554,0.16666666666666666,0.20229007633587787,0.8015267175572519,0.1984732824427481,0.7404580152671756,0.2595419847328244,0.08333333333333333,0.15761904761904763,0.028095238095238097,0.17761904761904762,0.3357142857142857,0.028095238095238097,0.07952380952380952,0.07285714285714286,0.037142857142857144
E046_SGSN_2022,SGS S.A.,2022,densidad,514,0.018461032,0.014746098,0.013813907,0.0047180685,0.0037209766,0.0021681648,0.007282172,0.3540856031128405,0.14396887159533073,0.07976653696498054,0.7762645914396887,0.06420233463035019,0.6978021978021978,0.0989010989010989,0.2032967032967033,0.7967032967032966,0.2032967032967033,0.8351648351648352,0.16483516483516483,0.09727626459143969,0.1867704280155642,0.021400778210116732,0.21595330739299612,0.33073929961089493,0.009727626459143969,0.07003891050583658,0.0038910505836575876,0.06420233463035019
E046_SGSN_2023,SGS S.A.,2023,densidad,541,0.017197367,0.015893249,0.0114617,0.004396964,0.0021830068,0.0025395323,0.007495092,0.3512014787430684,0.1645101663585952,0.06839186691312385,0.767097966728281,0.09611829944547134,0.6894736842105263,0.1,0.21052631578947367,0.7947368421052632,0.20526315789473684,0.7526315789473684,0.24736842105263157,0.09057301293900184,0.1977818853974122,0.025878003696857672,0.16635859519408502,0.3807763401109057,0.0166358595194085,0.07208872458410351,0.009242144177449169,0.04066543438077634
E046_SGSN_2024,SGS S.A.,2024,densidad,485,0.014040896,0.019629482,0.011765553,0.0036608828,0.0025753856,0.0028794263,0.008449295,0.3731958762886598,0.21855670103092784,0.05154639175257732,0.7298969072164948,0.16701030927835053,0.6850828729281768,0.13812154696132597,0.17679558011049723,0.6795580110497238,0.32044198895027626,0.7513812154696132,0.24861878453038674,0.07628865979381444,0.2329896907216495,0.026804123711340205,0.1422680412371134,0.354639175257732,0.008247422680412371,0.10927835051546392,0.006185567010309278,0.04329896907216495
E047_SAF_2022,Safran,2022,densidad,839,0.008898256,0.01301225,0.009319013,0.0028752713,0.0022248211,0.0021666323,0.00483617,0.41835518474374256,0.24076281287246723,0.03218116805721097,0.7270560190703218,0.20858164481525626,0.7435897435897436,0.2022792022792023,0.05413105413105413,0.6381766381766382,0.36182336182336183,0.5612535612535613,0.43874643874643876,0.033373063170441,0.33134684147794996,0.06436233611442194,0.08462455303933254,0.34803337306317045,0.011918951132300357,0.07270560190703218,0.01907032181168057,0.03456495828367104
E047_SAF_2023,Safran,2023,densidad,882,0.009154879,0.012557164,0.0072010537,0.0039815544,0.002557808,0.0015901995,0.0051112785,0.42857142857142855,0.23809523809523808,0.036281179138321996,0.7256235827664399,0.2018140589569161,0.6693121693121693,0.2619047619047619,0.06878306878306878,0.6058201058201058,0.3941798941798942,0.5476190476190477,0.4523809523809524,0.02834467120181406,0.3321995464852608,0.06802721088435375,0.10204081632653061,0.3333333333333333,0.02040816326530612,0.07596371882086168,0.012471655328798186,0.027210884353741496
E047_SAF_2024,Safran,2024,densidad,2004,0.015124455,0.010004285,0.00942958,0.005492987,0.0014940153,0.0021618921,0.006379673,0.45808383233532934,0.16167664670658682,0.0688622754491018,0.7694610778443114,0.09281437125748503,0.7058823529411765,0.14270152505446623,0.1514161220043573,0.7527233115468409,0.24727668845315903,0.6982570806100218,0.3017429193899782,0.05888223552894212,0.25748502994011974,0.04940119760479042,0.13622754491017963,0.25898203592814373,0.023453093812375248,0.09630738522954092,0.054890219560878244,0.06437125748502993
E048_CS_2022,AXA,2022,alta,1138,0.01075796,0.010151015,0.010208979,0.0037552405,0.0018824701,0.0015182748,0.004478071,0.4876977152899824,0.23462214411247803,0.04130052724077329,0.7240773286467487,0.19332161687170474,0.6378378378378379,0.16036036036036036,0.2018018018018018,0.7009009009009008,0.2990990990990991,0.7549549549549549,0.24504504504504504,0.04569420035149385,0.32073813708260107,0.12390158172231985,0.12126537785588752,0.218804920913884,0.028119507908611598,0.070298769771529,0.015817223198594025,0.05536028119507909
E048_CS_2023,AXA,2023,alta,2530,0.018243527,0.0075294855,0.023558166,0.007892279,0.0025626856,0.0055332594,0.006938146,0.33359683794466405,0.1482213438735178,0.10316205533596838,0.7486166007905138,0.04505928853754941,0.6208530805687204,0.11966824644549763,0.259478672985782,0.7630331753554502,0.23696682464454977,0.7962085308056872,0.2037914691943128,0.04189723320158103,0.20553359683794467,0.06600790513833991,0.208300395256917,0.12648221343873517,0.025691699604743084,0.26798418972332017,0.006324110671936759,0.05177865612648221
E048_CS_2024,AXA,2024,alta,2538,0.015281115,0.008826488,0.012013519,0.0060404954,0.0020595293,0.0020768836,0.006446589,0.48266351457840817,0.1438140267927502,0.042159180457052796,0.814026792750197,0.10165484633569741,0.6995918367346938,0.08897959183673469,0.21142857142857144,0.7861224489795918,0.21387755102040817,0.8040816326530612,0.19591836734693877,0.06264775413711583,0.28329393223010246,0.05988967691095351,0.16706067769897556,0.1946414499605989,0.028368794326241134,0.14066193853427897,0.010638297872340425,0.05279747832939322
E049_TLX_2022,Talanx,2022,densidad,207,0.006035163,0.007172046,0.017844753,0.005650119,0.0019464007,0.0012557097,0.0051177596,0.6231884057971014,0.16908212560386474,0.014492753623188406,0.8164251207729468,0.15458937198067632,0.7054263565891473,0.13178294573643412,0.16279069767441862,0.7441860465116279,0.2558139534883721,0.8527131782945736,0.14728682170542637,0.01932367149758454,0.28502415458937197,0.00966183574879227,0.2995169082125604,0.057971014492753624,0.01932367149758454,0.23671497584541062,0.014492753623188406,0.057971014492753624
E049_TLX_2023,Talanx,2023,densidad,780,0.008163731,0.0077899247,0.010385819,0.0056507043,0.0024485006,0.0014598464,0.0081826495,0.358974358974359,0.14102564102564102,0.016666666666666666,0.8423076923076923,0.12435897435897436,0.75,0.06785714285714285,0.18214285714285713,0.7964285714285714,0.20357142857142857,0.8357142857142857,0.16428571428571428,0.06282051282051282,0.1346153846153846,0.04230769230769231,0.36025641025641025,0.17307692307692307,0.020512820512820513,0.12692307692307692,0.00641025641025641,0.07307692307692308
E049_TLX_2024,Talanx,2024,alta,3216,0.014054729,0.011231794,0.016643686,0.0043310863,0.0022200197,0.0027758763,0.0053862706,0.32027363184079605,0.1424129353233831,0.05907960199004975,0.7985074626865671,0.08333333333333334,0.6553398058252428,0.09611650485436893,0.24854368932038834,0.8621359223300971,0.1378640776699029,0.8135922330097087,0.18640776699029127,0.06374378109452736,0.20988805970149255,0.030472636815920398,0.2347636815920398,0.15329601990049752,0.010572139303482588,0.21921641791044777,0.007462686567164179,0.07058457711442787
E050_AV_2022,Aviva,2022,densidad,572,0.015570654,0.015638104,0.024326682,0.0046841255,0.00317082,0.0024199286,0.0050404463,0.32867132867132864,0.25874125874125875,0.07867132867132867,0.6625874125874126,0.18006993006993008,0.6382978723404256,0.14361702127659576,0.21808510638297873,0.5904255319148937,0.4095744680851064,0.776595744680851,0.22340425531914893,0.06993006993006994,0.22727272727272727,0.09615384615384616,0.1958041958041958,0.18356643356643357,0.033216783216783216,0.1381118881118881,0.0017482517482517483,0.05419580419580419
E050_AV_2023,Aviva,2023,densidad,614,0.010683227,0.016747586,0.00841238,0.0038973773,0.002897201,0.0009554677,0.0039722826,0.4153094462540717,0.31433224755700323,0.02768729641693811,0.6579804560260586,0.2866449511400651,0.5450980392156862,0.33725490196078434,0.11764705882352941,0.5568627450980392,0.44313725490196076,0.6039215686274509,0.396078431372549,0.08631921824104234,0.255700325732899,0.14332247557003258,0.1742671009771987,0.1970684039087948,0.035830618892508145,0.06840390879478828,0.003257328990228013,0.035830618892508145
E050_AV_2024,Aviva,2024,alta,412,0.012943482,0.015377062,0.011935304,0.0038964367,0.0028121793,0.0004970386,0.0041109147,0.5242718446601942,0.2936893203883495,0.043689320388349516,0.662621359223301,0.24999999999999997,0.625,0.25,0.125,0.6435185185185185,0.35648148148148145,0.7222222222222222,0.2777777777777778,0.0970873786407767,0.30097087378640774,0.15048543689320387,0.12378640776699029,0.1650485436893204,0.03155339805825243,0.08737864077669903,0.0024271844660194173,0.0412621359223301
E051_TRYG_2022,Tryg,2022,densidad,104,0.019442488,0.017191304,0.008583361,0.01144208,0.0038606885,0.0034972392,0.0027531078,0.5769230769230769,0.375,0.028846153846153848,0.5961538461538461,0.34615384615384615,0.6,0.31666666666666665,0.08333333333333333,0.6,0.4,0.8166666666666667,0.18333333333333332,0.08653846153846154,0.23076923076923078,0.028846153846153848,0.21153846153846154,0.22115384615384615,0.009615384615384616,0.019230769230769232,0.038461538461538464,0.15384615384615385
E051_TRYG_2023,Tryg,2023,densidad,857,0.01916423,0.010618981,0.009725304,0.008807723,0.0032433644,0.0012981386,0.004336371,0.4200700116686114,0.13885647607934656,0.044340723453908985,0.8168028004667445,0.09451575262543757,0.7388888888888889,0.1111111111111111,0.15,0.7833333333333333,0.21666666666666667,0.7777777777777778,0.2222222222222222,0.07934655775962661,0.22987164527421236,0.03267211201866978,0.19253208868144692,0.220536756126021,0.012835472578763127,0.13302217036172695,0.019836639439906652,0.07934655775962661
E051_TRYG_2024,Tryg,2024,densidad,974,0.01661638,0.010803201,0.011402702,0.008939691,0.003734789,0.0011932165,0.004015206,0.4537987679671458,0.15503080082135523,0.033880903490759756,0.811088295687885,0.12114989733059547,0.6515837104072398,0.10633484162895927,0.2420814479638009,0.7375565610859729,0.26244343891402716,0.7058823529411765,0.29411764705882354,0.029774127310061602,0.2751540041067762,0.03490759753593429,0.1673511293634497,0.21149897330595482,0.027720739219712527,0.12422997946611909,0.059548254620123205,0.06981519507186858
E052_ZURN_2022,Zurich Insurance Group,2022,alta,1539,0.017949937,0.011612921,0.017085206,0.003131705,0.002992834,0.0015646438,0.0032236574,0.51137102014295,0.26250812215724495,0.05588044184535412,0.6816114359974009,0.20662768031189083,0.4650571791613723,0.17153748411689962,0.3634053367217281,0.7903430749682337,0.2096569250317662,0.8106734434561627,0.18932655654383734,0.037686809616634176,0.3170890188434048,0.056530214424951264,0.13450292397660818,0.15204678362573099,0.01364522417153996,0.18778427550357374,0.005198180636777128,0.09551656920077972
E052_ZURN_2023,Zurich Insurance Group,2023,alta,1724,0.016263083,0.015376514,0.017631738,0.0034101747,0.0032703097,0.0020550296,0.004509349,0.5110208816705336,0.29292343387471,0.054524361948955914,0.6525522041763341,0.23839907192575407,0.47105561861521,0.1782065834279228,0.3507377979568672,0.7468785471055619,0.25312145289443816,0.8036322360953462,0.1963677639046538,0.04640371229698376,0.3068445475638051,0.06496519721577726,0.10962877030162413,0.18851508120649652,0.008700696055684454,0.17749419953596288,0.0075406032482598605,0.08990719257540604
E052_ZURN_2024,Zurich Insurance Group,2024,alta,1945,0.015944226,0.01678589,0.014778489,0.0035307982,0.0036550213,0.0014914,0.0043278723,0.5110539845758355,0.29203084832904885,0.05758354755784062,0.6503856041131105,0.23444730077120823,0.5392354124748491,0.16398390342052313,0.29678068410462777,0.7082494969818913,0.2917505030181087,0.744466800804829,0.25553319919517103,0.04473007712082262,0.3341902313624679,0.06735218508997429,0.0910025706940874,0.19023136246786632,0.011311053984575836,0.17326478149100258,0.0071979434447300775,0.080719794344473
E053_VPLAY B_2022,Viaplay,2022,densidad,781,0.0108885,0.020602753,0.0040593925,0.0025005338,0.003097717,0.0010329073,0.003317332,0.3072983354673495,0.2612035851472471,0.03329065300896287,0.70550576184379,0.22791293213828426,0.8,0.15416666666666667,0.04583333333333333,0.6083333333333333,0.39166666666666666,0.6916666666666667,0.30833333333333335,0.10115236875800256,0.18693982074263765,0.07170294494238157,0.10371318822023047,0.352112676056338,0.012804097311139564,0.07810499359795134,0.008962868117797696,0.08450704225352113
E053_VPLAY B_2023,Viaplay,2023,alta,857,0.014905754,0.018253727,0.008146523,0.0032178257,0.0025060696,0.0013158309,0.0046012555,0.3862310385064177,0.21820303383897316,0.056009334889148193,0.7257876312718786,0.16219369894982497,0.8187311178247734,0.06646525679758308,0.1148036253776435,0.6827794561933535,0.31722054380664655,0.7552870090634441,0.24471299093655588,0.09918319719953325,0.25204200700116686,0.058343057176196034,0.10851808634772463,0.28004667444574094,0.023337222870478413,0.07234539089848308,0.010501750291715286,0.09568261376896149
E053_VPLAY B_2024,Viaplay,2024,alta,721,0.019747991,0.014607055,0.01008935,0.0033153677,0.0025070482,0.0011531515,0.0059270877,0.3564493758668516,0.1636615811373093,0.05825242718446602,0.7780859916782247,0.10540915395284328,0.8287937743190662,0.042801556420233464,0.12840466926070038,0.7470817120622568,0.2529182879377432,0.8287937743190662,0.17120622568093385,0.09015256588072122,0.19694868238557559,0.03744798890429958,0.1650485436893204,0.33841886269070737,0.013869625520110958,0.06796116504854369,0.012482662968099861,0.07766990291262135
E054_ONT_2022,Ontex,2022,densidad,497,0.015737802,0.009650648,0.009347113,0.0024167637,0.0015027927,0.0013888038,0.0035565358,0.5271629778672032,0.14688128772635814,0.08048289738430583,0.772635814889336,0.0663983903420523,0.7290076335877863,0.13358778625954199,0.13740458015267176,0.7061068702290076,0.29389312977099236,0.6183206106870229,0.3816793893129771,0.028169014084507043,0.1891348088531187,0.05835010060362173,0.08651911468812877,0.3038229376257545,0.10865191146881288,0.08651911468812877,0.10865191146881288,0.030181086519114688
E054_ONT_2023,Ontex,2023,alta,994,0.015784893,0.013626991,0.009721715,0.003883025,0.0019804875,0.0018049404,0.006643313,0.49295774647887325,0.2012072434607646,0.047283702213279676,0.7515090543259557,0.15392354124748492,0.7653061224489796,0.11224489795918367,0.12244897959183673,0.7244897959183674,0.2755102040816326,0.7938775510204081,0.20612244897959184,0.07645875251509054,0.1619718309859155,0.039235412474849095,0.1720321931589537,0.22233400402414488,0.06941649899396378,0.09154929577464789,0.07545271629778671,0.09154929577464789
E054_ONT_2024,Ontex,2024,alta,1216,0.01755394,0.017914021,0.011922061,0.0047547175,0.002177263,0.0014336638,0.006771584,0.3626644736842105,0.23273026315789475,0.06578947368421052,0.7014802631578947,0.16694078947368424,0.7278911564625851,0.1111111111111111,0.16099773242630386,0.7505668934240363,0.2494331065759637,0.81859410430839,0.18140589569160998,0.11348684210526316,0.14226973684210525,0.03536184210526316,0.15213815789473684,0.29851973684210525,0.02138157894736842,0.07894736842105263,0.049342105263157895,0.10855263157894737
E055_ULVR_2022,Unilever,2022,alta,1448,0.010041848,0.010924537,0.010685144,0.003333462,0.0035984754,0.0037121305,0.004509173,0.1111878453038674,0.16160220994475138,0.06146408839779006,0.7769337016574586,0.10013812154696133,0.7329192546583851,0.11801242236024845,0.14906832298136646,0.7204968944099379,0.2795031055900621,0.84472049689441,0.15527950310559005,0.049723756906077346,0.03591160220994475,0.021408839779005526,0.5787292817679558,0.125,0.008287292817679558,0.12845303867403315,0.016574585635359115,0.03591160220994475
E055_ULVR_2023,Unilever,2023,media,90,0.0047028344,0.008426933,0.0047726794,0.0007277466,0.0009539843,0.0018959437,0.005788756,0.4222222222222222,0.022222222222222223,0.0,0.9777777777777777,0.022222222222222223,0.8947368421052632,0.10526315789473684,0.0,0.8421052631578947,0.15789473684210525,0.5526315789473685,0.4473684210526316,0.011111111111111112,0.2222222222222222,0.011111111111111112,0.25555555555555554,0.12222222222222222,0.044444444444444446,0.28888888888888886,0.03333333333333333,0.011111111111111112
E055_ULVR_2024,Unilever,2024,alta,534,0.016962972,0.012488865,0.018463263,0.0040059066,0.0013676276,0.004321909,0.006580792,0.2247191011235955,0.19288389513108614,0.1198501872659176,0.6872659176029963,0.07303370786516854,0.5083333333333333,0.21666666666666667,0.275,0.6166666666666667,0.38333333333333336,0.7583333333333333,0.24166666666666667,0.06179775280898876,0.08614232209737828,0.02247191011235955,0.11797752808988764,0.08239700374531835,0.035580524344569285,0.45880149812734083,0.0449438202247191,0.0898876404494382
E056_DIA_2023,Dia,2023,densidad,334,0.014246096,0.011106157,0.0128983725,0.0068076015,0.0018721826,0.0023885432,0.005662464,0.38922155688622756,0.11976047904191617,0.05688622754491018,0.8233532934131736,0.06287425149700598,0.6230769230769231,0.2076923076923077,0.16923076923076924,0.5615384615384615,0.43846153846153846,0.676923076923077,0.3230769230769231,0.1497005988023952,0.17065868263473055,0.020958083832335328,0.24251497005988024,0.1407185628742515,0.07784431137724551,0.06287425149700598,0.09880239520958084,0.03592814371257485
E056_DIA_2024,Dia,2024,densidad_baja,72,0.024343353,0.0067034564,0.026667116,0.028856358,0.0015317734,0.011454647,0.022108294,0.18055555555555555,0.09722222222222222,0.2361111111111111,0.6666666666666666,-0.1388888888888889,0.15384615384615385,0.0,0.8461538461538461,0.9230769230769231,0.07692307692307693,0.9230769230769231,0.07692307692307693,0.041666666666666664,0.041666666666666664,0.06944444444444445,0.06944444444444445,0.2777777777777778,0.0,0.3888888888888889,0.09722222222222222,0.013888888888888888
E057_COLR_2022,Colruyt,2022,densidad,475,0.006468982,0.012910232,0.002869235,0.0015448862,0.0052121845,0.0011518956,0.0024546091,0.5578947368421052,0.2336842105263158,0.023157894736842106,0.7431578947368421,0.2105263157894737,0.5773584905660377,0.4075471698113208,0.01509433962264151,0.4226415094339623,0.5773584905660377,0.4377358490566038,0.5622641509433962,0.010526315789473684,0.24,0.13473684210526315,0.029473684210526315,0.17894736842105263,0.17684210526315788,0.07578947368421053,0.09473684210526316,0.05894736842105263
E057_COLR_2023,Colruyt,2023,densidad,490,0.0069788923,0.014038673,0.004852534,0.0012444993,0.0028081576,0.00202287,0.0021256218,0.6061224489795919,0.24693877551020407,0.04693877551020408,0.7061224489795919,0.19999999999999998,0.5488215488215489,0.4074074074074074,0.04377104377104377,0.4006734006734007,0.5993265993265994,0.4276094276094276,0.5723905723905723,0.00816326530612245,0.24489795918367346,0.11224489795918367,0.026530612244897958,0.1816326530612245,0.20612244897959184,0.04081632653061224,0.11020408163265306,0.06938775510204082
E057_COLR_2024,Colruyt,2024,densidad,876,0.007767551,0.012323453,0.0045260536,0.0017197392,0.0035409795,0.0011982766,0.002812557,0.5753424657534246,0.19863013698630136,0.0319634703196347,0.769406392694064,0.16666666666666666,0.6448412698412699,0.32341269841269843,0.031746031746031744,0.5317460317460317,0.46825396825396826,0.5178571428571429,0.48214285714285715,0.0228310502283105,0.2374429223744292,0.10388127853881278,0.05251141552511415,0.158675799086758,0.1598173515981735,0.09817351598173515,0.09360730593607305,0.0730593607305936
E058_SGRO_2022,Segro,2022,densidad,222,0.0066295383,0.01922645,0.019529514,0.0037553709,0.0014113747,0.0013984573,0.0040292707,0.6801801801801802,0.24324324324324326,0.02252252252252252,0.7342342342342343,0.22072072072072074,0.5960264900662252,0.16556291390728478,0.23841059602649006,0.7350993377483444,0.26490066225165565,0.609271523178808,0.39072847682119205,0.036036036036036036,0.5315315315315315,0.013513513513513514,0.1981981981981982,0.02702702702702703,0.036036036036036036,0.13063063063063063,0.0045045045045045045,0.02252252252252252
E058_SGRO_2023,Segro,2023,densidad,185,0.006178191,0.017876476,0.021202277,0.004194164,0.0016621157,0.0010852596,0.006525443,0.7567567567567568,0.21081081081081082,0.032432432432432434,0.7567567567567568,0.1783783783783784,0.5857142857142857,0.17142857142857143,0.24285714285714285,0.7571428571428571,0.24285714285714285,0.6285714285714286,0.37142857142857144,0.016216216216216217,0.6,0.0,0.15675675675675677,0.02702702702702703,0.03783783783783784,0.14054054054054055,0.0,0.021621621621621623
E058_SGRO_2024,Segro,2024,densidad,327,0.019032566,0.013464098,0.019828543,0.00829448,0.0023318257,0.0032309769,0.008162082,0.45871559633027525,0.2018348623853211,0.11926605504587157,0.6788990825688074,0.08256880733944955,0.6133333333333333,0.1,0.2866666666666667,0.7733333333333333,0.22666666666666666,0.72,0.28,0.039755351681957186,0.345565749235474,0.012232415902140673,0.1834862385321101,0.13761467889908258,0.027522935779816515,0.22629969418960244,0.0030581039755351682,0.024464831804281346
E059_MRL_2022,Merlin Properties,2022,densidad,249,0.0055399253,0.008911711,0.002300696,0.001517268,0.0021906924,0.00030892802,0.0045823846,0.8473895582329317,0.1686746987951807,0.012048192771084338,0.8192771084337349,0.15662650602409636,0.8199052132701422,0.15165876777251186,0.02843601895734597,0.6872037914691943,0.3127962085308057,0.43601895734597157,0.5639810426540285,0.01606425702811245,0.5903614457831325,0.020080321285140562,0.05622489959839357,0.020080321285140562,0.05220883534136546,0.12449799196787148,0.11646586345381527,0.004016064257028112
E059_MRL_2023,Merlin Properties,2023,densidad,234,0.006122264,0.0080039725,0.0018767408,0.0019428993,0.0015150128,0.0003287311,0.004114902,0.8846153846153846,0.14102564102564102,0.02564102564102564,0.8333333333333334,0.11538461538461539,0.8309178743961353,0.13043478260869565,0.03864734299516908,0.714975845410628,0.28502415458937197,0.43478260869565216,0.5652173913043478,0.01282051282051282,0.6239316239316239,0.01282051282051282,0.05555555555555555,0.021367521367521368,0.05128205128205128,0.07692307692307693,0.13247863247863248,0.01282051282051282
E059_MRL_2024,Merlin Properties,2024,densidad,231,0.005714942,0.008130235,0.0015833316,0.0022626154,0.0012752283,0.00033300035,0.0044428403,0.8441558441558441,0.12987012987012986,0.025974025974025976,0.8441558441558441,0.10389610389610388,0.8564102564102564,0.10256410256410256,0.041025641025641026,0.7692307692307693,0.23076923076923078,0.4564102564102564,0.5435897435897435,0.008658008658008658,0.5930735930735931,0.021645021645021644,0.05627705627705628,0.021645021645021644,0.06060606060606061,0.08658008658008658,0.1471861471861472,0.004329004329004329
E060_GFC_2022,Gecina,2022,densidad,481,0.006174454,0.018471638,0.007293651,0.0051686596,0.0021283801,0.001744325,0.004108046,0.4074844074844075,0.20374220374220375,0.010395010395010396,0.7858627858627859,0.19334719334719336,0.7142857142857143,0.21428571428571427,0.07142857142857142,0.6479591836734694,0.3520408163265306,0.7908163265306123,0.20918367346938777,0.02702702702702703,0.22661122661122662,0.10395010395010396,0.25363825363825365,0.2286902286902287,0.029106029106029108,0.062370062370062374,0.014553014553014554,0.05405405405405406
E060_GFC_2023,Gecina,2023,alta,877,0.005570597,0.006048141,0.008318721,0.005504985,0.0048078946,0.0023298324,0.0042833337,0.18928164196123148,0.07753705815279362,0.02508551881413911,0.8973774230330672,0.052451539338654506,0.7650602409638554,0.07228915662650602,0.16265060240963855,0.8855421686746988,0.1144578313253012,0.7530120481927711,0.2469879518072289,0.036488027366020526,0.09806157354618016,0.036488027366020526,0.6944127708095781,0.036488027366020526,0.011402508551881414,0.07525655644241733,0.005701254275940707,0.005701254275940707
E060_GFC_2024,Gecina,2024,densidad,762,0.008414317,0.018052233,0.006542499,0.0036561827,0.0029238844,0.0013976375,0.0047985218,0.5997375328083989,0.26115485564304464,0.049868766404199474,0.6889763779527559,0.21128608923884518,0.6192560175054704,0.2713347921225383,0.10940919037199125,0.6542669584245077,0.34573304157549234,0.5382932166301969,0.4617067833698031,0.007874015748031496,0.39501312335958005,0.06299212598425197,0.10761154855643044,0.21391076115485563,0.05249343832020997,0.06299212598425197,0.05774278215223097,0.03937007874015748
E061_CAST_2022,Castellum,2022,densidad,1061,0.013683198,0.011452242,0.0094857495,0.003211508,0.0067027775,0.0012761385,0.0062174625,0.5202639019792649,0.10744580584354382,0.04806786050895382,0.8444863336475024,0.05937794533459,0.7590579710144928,0.1213768115942029,0.11956521739130435,0.7753623188405797,0.2246376811594203,0.657608695652174,0.3423913043478261,0.05466540999057493,0.31479736098020733,0.046182846371347785,0.09236569274269557,0.27332704995287466,0.051837888784165884,0.08011310084825636,0.04806786050895382,0.03864278982092366
E061_CAST_2023,Castellum,2023,densidad,1250,0.011988426,0.010223328,0.009375657,0.003315025,0.0071058916,0.0011218218,0.0047895904,0.576,0.1328,0.0552,0.812,0.0776,0.7125,0.1375,0.15,0.7097222222222223,0.2902777777777778,0.6611111111111111,0.3388888888888889,0.0616,0.3408,0.0592,0.08,0.1944,0.0784,0.1032,0.0448,0.0376
E061_CAST_2024,Castellum,2024,densidad,1412,0.013533896,0.010735733,0.012035571,0.0039499896,0.005027608,0.0016549095,0.0040994096,0.5269121813031161,0.13739376770538245,0.058781869688385266,0.8038243626062322,0.07861189801699718,0.728494623655914,0.12903225806451613,0.1424731182795699,0.7486559139784946,0.2513440860215054,0.7002688172043011,0.29973118279569894,0.07223796033994334,0.2988668555240793,0.04603399433427762,0.13031161473087818,0.21954674220963172,0.06019830028328612,0.09135977337110482,0.0453257790368272,0.03611898016997167
E062_DHER_2022,Delivery Hero,2022,densidad,25,0.0029100531,0.0018181818,0.00537506,0.00095238094,0.0,0.0,0.0014285715,0.28,0.04,0.04,0.92,0.0,1.0,0.0,0.0,0.8571428571428571,0.14285714285714285,0.8571428571428571,0.14285714285714285,0.0,0.2,0.12,0.0,0.12,0.04,0.48,0.0,0.04
E062_DHER_2023,Delivery Hero,2023,densidad,519,0.008254056,0.0105811125,0.004684589,0.005690949,0.0017514935,0.0011505983,0.0036390945,0.2003853564547206,0.16955684007707128,0.03275529865125241,0.7976878612716763,0.13680154142581888,0.7980769230769231,0.15384615384615385,0.04807692307692308,0.6634615384615384,0.33653846153846156,0.7115384615384616,0.28846153846153844,0.08477842003853564,0.09633911368015415,0.05202312138728324,0.16955684007707128,0.3140655105973025,0.0038535645472061657,0.15028901734104047,0.036608863198458574,0.09248554913294797
E062_DHER_2024,Delivery Hero,2024,densidad,783,0.01295248,0.015324567,0.0077200425,0.0061127106,0.0018250413,0.0012315444,0.0055173407,0.27458492975734355,0.2503192848020434,0.019157088122605363,0.7305236270753512,0.23116219667943805,0.5581395348837209,0.3302325581395349,0.11162790697674418,0.5627906976744186,0.4372093023255814,0.6930232558139535,0.30697674418604654,0.08684546615581099,0.140485312899106,0.06130268199233716,0.14431673052362706,0.26053639846743293,0.01277139208173691,0.140485312899106,0.05363984674329502,0.09961685823754789
E063_TPK_2022,Travis Perkins,2022,densidad,308,0.008930926,0.02825614,0.0028192804,0.002011202,0.0038972918,0.00033203218,0.0019185888,0.4805194805194805,0.44805194805194803,0.025974025974025976,0.525974025974026,0.42207792207792205,0.722972972972973,0.25675675675675674,0.02027027027027027,0.5405405405405406,0.4594594594594595,0.722972972972973,0.27702702702702703,0.04220779220779221,0.22402597402597402,0.1038961038961039,0.13636363636363635,0.22402597402597402,0.01948051948051948,0.1590909090909091,0.032467532467532464,0.05844155844155844
E063_TPK_2023,Travis Perkins,2023,densidad,262,0.0085177235,0.023804203,0.002745461,0.0028804976,0.004301087,0.0002245173,0.0033498746,0.4732824427480916,0.3816793893129771,0.026717557251908396,0.5916030534351145,0.35496183206106874,0.7016129032258065,0.25806451612903225,0.04032258064516129,0.47580645161290325,0.5241935483870968,0.6935483870967742,0.3064516129032258,0.05725190839694656,0.2862595419847328,0.09923664122137404,0.08778625954198473,0.2748091603053435,0.022900763358778626,0.06870229007633588,0.04580152671755725,0.05725190839694656
E063_TPK_2024,Travis Perkins,2024,densidad,259,0.013820999,0.016460309,0.025497688,0.000964385,0.009238833,0.0020346087,0.0042257016,0.752895752895753,0.1891891891891892,0.1583011583011583,0.6525096525096525,0.03088803088803091,0.4358974358974359,0.10256410256410256,0.46153846153846156,0.8461538461538461,0.15384615384615385,0.8256410256410256,0.17435897435897435,0.0,0.5328185328185329,0.02702702702702703,0.1274131274131274,0.04633204633204633,0.06563706563706563,0.17374517374517376,0.015444015444015444,0.011583011583011582
E064_HMB_2022,H&M,2022,alta,362,0.01249231,0.011879696,0.008207039,0.0029760287,0.002440896,0.0009688501,0.004682286,0.4723756906077348,0.23204419889502761,0.055248618784530384,0.712707182320442,0.17679558011049723,0.7134502923976608,0.17543859649122806,0.1111111111111111,0.631578947368421,0.3684210526315789,0.7017543859649122,0.2982456140350877,0.1132596685082873,0.20165745856353592,0.04696132596685083,0.1132596685082873,0.22099447513812154,0.058011049723756904,0.12154696132596685,0.049723756906077346,0.07458563535911603
E064_HMB_2023,H&M,2023,densidad,586,0.009740856,0.011327393,0.01522109,0.0033310603,0.0026446402,0.0038626008,0.0034238144,0.4351535836177474,0.22696245733788395,0.08191126279863481,0.6911262798634812,0.14505119453924914,0.6039215686274509,0.20392156862745098,0.19215686274509805,0.6784313725490196,0.3215686274509804,0.7647058823529411,0.23529411764705882,0.08532423208191127,0.23208191126279865,0.034129692832764506,0.1825938566552901,0.14675767918088736,0.04778156996587031,0.1689419795221843,0.05802047781569966,0.04436860068259386
E064_HMB_2024,H&M,2024,alta,1475,0.015266134,0.014977128,0.009427471,0.0031019414,0.002795491,0.0022208118,0.005955503,0.5233898305084745,0.26440677966101694,0.07389830508474576,0.6616949152542373,0.19050847457627118,0.6463730569948186,0.18911917098445596,0.1645077720207254,0.6463730569948186,0.3536269430051813,0.7176165803108808,0.2823834196891192,0.05288135593220339,0.21627118644067797,0.03728813559322034,0.07728813559322034,0.24,0.10915254237288136,0.07322033898305084,0.1152542372881356,0.07864406779661016
E065_MKS_2022,Marks & Spencer,2022,densidad,237,0.00797774,0.015881654,0.01566579,0.0015115471,0.0030257816,0.0021573643,0.0032209884,0.6540084388185654,0.3333333333333333,0.0379746835443038,0.6286919831223629,0.29535864978902954,0.6516129032258065,0.10967741935483871,0.23870967741935484,0.7096774193548387,0.2903225806451613,0.7161290322580646,0.2838709677419355,0.004219409282700422,0.3924050632911392,0.04219409282700422,0.31645569620253167,0.0759493670886076,0.016877637130801686,0.0970464135021097,0.029535864978902954,0.02531645569620253
E065_MKS_2023,Marks & Spencer,2023,densidad,364,0.0073455134,0.01995432,0.030486131,0.0007985542,0.0015989043,0.0011754228,0.0040605203,0.6758241758241759,0.26373626373626374,0.057692307692307696,0.6785714285714286,0.20604395604395603,0.6178861788617886,0.10975609756097561,0.27235772357723576,0.6910569105691057,0.3089430894308943,0.7926829268292683,0.2073170731707317,0.02197802197802198,0.45604395604395603,0.024725274725274724,0.19230769230769232,0.03021978021978022,0.03021978021978022,0.18406593406593408,0.027472527472527472,0.03296703296703297
E065_MKS_2024,Marks & Spencer,2024,densidad,436,0.011457192,0.018485023,0.02794217,0.001218821,0.0022602729,0.0010655379,0.0044418043,0.5940366972477065,0.24541284403669725,0.06192660550458716,0.6926605504587156,0.1834862385321101,0.6447876447876448,0.10810810810810811,0.2471042471042471,0.6718146718146718,0.3281853281853282,0.7374517374517374,0.2625482625482625,0.022935779816513763,0.3486238532110092,0.0389908256880734,0.23853211009174313,0.05504587155963303,0.03211009174311927,0.16055045871559634,0.034403669724770644,0.06880733944954129
E066_JD_2022,JD Sports,2022,densidad,423,0.0047148545,0.02086547,0.010541541,0.0026017437,0.0019917935,0.0008212924,0.004815326,0.8132387706855791,0.3617021276595745,0.009456264775413711,0.6288416075650118,0.35224586288416077,0.7354651162790697,0.16279069767441862,0.10174418604651163,0.6656976744186046,0.33430232558139533,0.6627906976744186,0.3372093023255814,0.0070921985815602835,0.42789598108747046,0.03546099290780142,0.12529550827423167,0.04964539007092199,0.08747044917257683,0.08037825059101655,0.13947990543735225,0.04728132387706856
E066_JD_2023,JD Sports,2023,densidad,624,0.0062455465,0.022547834,0.012194163,0.004021577,0.002556269,0.00042786472,0.003975695,0.7932692307692307,0.3557692307692308,0.011217948717948718,0.6330128205128205,0.34455128205128205,0.6989898989898989,0.18383838383838383,0.11717171717171718,0.6282828282828283,0.3717171717171717,0.6666666666666666,0.3333333333333333,0.011217948717948718,0.40544871794871795,0.028846153846153848,0.10737179487179487,0.060897435897435896,0.07051282051282051,0.07852564102564102,0.16025641025641027,0.07692307692307693
E066_JD_2024,JD Sports,2024,densidad,436,0.0074419808,0.016407326,0.017720822,0.003794218,0.0014019794,0.0016301583,0.006699475,0.7362385321100917,0.2408256880733945,0.03669724770642202,0.7224770642201835,0.20412844036697247,0.6573208722741433,0.1308411214953271,0.2118380062305296,0.719626168224299,0.2803738317757009,0.7476635514018691,0.2523364485981308,0.013761467889908258,0.4105504587155963,0.05733944954128441,0.13761467889908258,0.05733944954128441,0.08486238532110092,0.11009174311926606,0.07110091743119266,0.05733944954128441
E067_MELE_2022,Melexis,2022,alta,661,0.014893015,0.017718907,0.0068256655,0.0046152184,0.0055842395,0.0024463725,0.004957421,0.24962178517397882,0.21331316187594554,0.04236006051437216,0.7443267776096822,0.17095310136157338,0.7575757575757576,0.1696969696969697,0.07272727272727272,0.7696969696969697,0.23030303030303031,0.8303030303030303,0.1696969696969697,0.09379727685325265,0.11195158850226929,0.1043872919818457,0.0832072617246596,0.3691376701966717,0.024205748865355523,0.046898638426626324,0.05143721633888049,0.11497730711043873
E067_MELE_2023,Melexis,2023,alta,691,0.014632434,0.02002331,0.006704896,0.0047951005,0.005440396,0.0020445283,0.0053995713,0.29232995658465993,0.22575976845151954,0.041968162083936326,0.7322720694645442,0.1837916063675832,0.7772277227722773,0.15841584158415842,0.06435643564356436,0.7772277227722773,0.22277227722772278,0.7524752475247525,0.24752475247524752,0.085383502170767,0.15340086830680175,0.056439942112879886,0.08972503617945007,0.3516642547033285,0.0361794500723589,0.05209840810419682,0.04341534008683068,0.1316931982633864
E067_MELE_2024,Melexis,2024,alta,1412,0.016410874,0.018031728,0.010244411,0.0048189918,0.0028946672,0.0023643218,0.0066499803,0.43626062322946174,0.19830028328611898,0.034702549575070823,0.7669971671388102,0.16359773371104816,0.7662337662337663,0.1444805194805195,0.08928571428571429,0.762987012987013,0.237012987012987,0.849025974025974,0.15097402597402598,0.11543909348441926,0.16926345609065155,0.028328611898016998,0.16572237960339944,0.23229461756373937,0.03611898016997167,0.09135977337110482,0.06657223796033994,0.09490084985835694
E068_SGE_2022,Sage Group,2022,alta,834,0.0119316,0.018600801,0.020449108,0.0024970083,0.004907194,0.0020589072,0.0041639498,0.38369304556354916,0.3369304556354916,0.06354916067146282,0.5995203836930456,0.2733812949640288,0.628125,0.1,0.271875,0.728125,0.271875,0.890625,0.109375,0.04436450839328537,0.2637889688249401,0.06235011990407674,0.2446043165467626,0.08752997601918465,0.007194244604316547,0.19904076738609114,0.002398081534772182,0.08872901678657075
E068_SGE_2023,Sage Group,2023,alta,938,0.010205589,0.021446519,0.01795374,0.002944687,0.0045760656,0.0024045093,0.0029565617,0.2835820895522388,0.2878464818763326,0.07036247334754797,0.6417910447761194,0.21748400852878463,0.6842105263157895,0.12030075187969924,0.19548872180451127,0.7180451127819549,0.2819548872180451,0.8947368421052632,0.10526315789473684,0.046908315565031986,0.17803837953091683,0.054371002132196165,0.26652452025586354,0.13539445628997868,0.009594882729211088,0.2068230277185501,0.0021321961620469083,0.10021321961620469
E068_SGE_2024,Sage Group,2024,media,103,0.0054803225,0.01936943,0.005991343,0.0027690527,0.0067016794,0.0,0.003215039,0.5145631067961165,0.5631067961165048,0.019417475728155338,0.4174757281553398,0.5436893203883495,0.7547169811320755,0.1509433962264151,0.09433962264150944,0.49056603773584906,0.5094339622641509,0.7735849056603774,0.22641509433962265,0.14563106796116504,0.24271844660194175,0.13592233009708737,0.0970873786407767,0.24271844660194175,0.02912621359223301,0.019417475728155338,0.0,0.08737864077669903
E069_STMPA_2022,STMicroelectronics,2022,densidad,485,0.015985623,0.010962682,0.0089061735,0.007061343,0.0035628048,0.0012475732,0.005288811,0.49690721649484537,0.20412371134020618,0.030927835051546393,0.7649484536082474,0.1731958762886598,0.7593360995850622,0.0912863070539419,0.14937759336099585,0.7385892116182573,0.26141078838174275,0.7800829875518672,0.21991701244813278,0.0865979381443299,0.1711340206185567,0.02268041237113402,0.18350515463917524,0.2268041237113402,0.10515463917525773,0.07835051546391752,0.05979381443298969,0.06597938144329897
E069_STMPA_2023,STMicroelectronics,2023,alta,450,0.005651239,0.0045707766,0.005328974,0.0036072924,0.0024286793,0.00220001,0.002580928,0.1111111111111111,0.044444444444444446,0.013333333333333334,0.9422222222222222,0.03111111111111111,0.98,0.0,0.02,0.78,0.22,0.74,0.26,0.0044444444444444444,0.011111111111111112,0.022222222222222223,0.84,0.06666666666666667,0.0,0.04666666666666667,0.0022222222222222222,0.006666666666666667
E069_STMPA_2024,STMicroelectronics,2024,alta,1829,0.017489435,0.008546381,0.007329758,0.004003752,0.0023337456,0.0019985023,0.00496175,0.466375068343357,0.12137780207763806,0.045379989065062874,0.833242208857299,0.07599781301257519,0.7690504103165299,0.06916764361078546,0.16178194607268465,0.7456037514654161,0.2543962485345838,0.7584994138335287,0.24150058616647127,0.06943685073810825,0.18316019682886822,0.03444505194095134,0.12957900492072172,0.28376161837069436,0.08693275013668672,0.07982504100601422,0.09130672498633133,0.04155276107162384
E070_VOD_2022,Vodafone Group,2022,alta,1910,0.014128743,0.017223049,0.009649576,0.0040193815,0.0035761064,0.002017569,0.0039637825,0.1481675392670157,0.34764397905759165,0.07905759162303665,0.5732984293193717,0.268586387434555,0.508833922261484,0.3215547703180212,0.1696113074204947,0.607773851590106,0.392226148409894,0.6925795053003534,0.30742049469964666,0.05654450261780105,0.11204188481675392,0.1068062827225131,0.10261780104712041,0.18952879581151832,0.007329842931937173,0.27486910994764396,0.012565445026178011,0.13769633507853404
E070_VOD_2023,Vodafone Group,2023,densidad,237,0.010969516,0.01679573,0.0035833477,0.00095421704,0.0016944187,0.0013487914,0.0017695627,0.5738396624472574,0.3924050632911392,0.0379746835443038,0.569620253164557,0.35443037974683544,0.5955882352941176,0.3897058823529412,0.014705882352941176,0.40441176470588236,0.5955882352941176,0.4338235294117647,0.5661764705882353,0.016877637130801686,0.3924050632911392,0.06751054852320675,0.029535864978902954,0.26582278481012656,0.016877637130801686,0.06329113924050633,0.11814345991561181,0.029535864978902954
E070_VOD_2024,Vodafone Group,2024,densidad,448,0.011586866,0.014851764,0.0028544366,0.0004917121,0.00236357,0.00063593074,0.0013056614,0.5245535714285714,0.38839285714285715,0.044642857142857144,0.5669642857142857,0.34375,0.5659574468085107,0.39148936170212767,0.0425531914893617,0.48936170212765956,0.5106382978723404,0.5148936170212766,0.4851063829787234,0.022321428571428572,0.37276785714285715,0.19866071428571427,0.044642857142857144,0.06696428571428571,0.03794642857142857,0.08705357142857142,0.06919642857142858,0.10044642857142858
E071_SCMN_2022,Swisscom,2022,densidad,127,0.0077183363,0.021885585,0.0014917095,0.002178588,0.007612674,0.0003937008,0.007865064,0.23622047244094488,0.5118110236220472,0.03937007874015748,0.44881889763779526,0.47244094488188976,0.5666666666666667,0.43333333333333335,0.0,0.3333333333333333,0.6666666666666666,0.5,0.5,0.06299212598425197,0.1968503937007874,0.09448818897637795,0.031496062992125984,0.15748031496062992,0.007874015748031496,0.25196850393700787,0.0,0.1968503937007874
E071_SCMN_2023,Swisscom,2023,alta,542,0.015177877,0.012894346,0.006930694,0.004206609,0.0015905063,0.0018604468,0.0059406245,0.3376383763837638,0.2029520295202952,0.06826568265682657,0.7287822878228782,0.13468634686346864,0.6666666666666666,0.2568306010928962,0.07650273224043716,0.546448087431694,0.453551912568306,0.6065573770491803,0.39344262295081966,0.12361623616236163,0.25092250922509224,0.06642066420664207,0.09225092250922509,0.23247232472324722,0.025830258302583026,0.09778597785977859,0.01845018450184502,0.09225092250922509
E071_SCMN_2024,Swisscom,2024,alta,709,0.015252485,0.013858248,0.010562683,0.0040323655,0.0016213869,0.0030093216,0.006425356,0.39633286318758815,0.22143864598025387,0.09732016925246827,0.6812411847672779,0.1241184767277856,0.5622775800711743,0.25622775800711745,0.18149466192170818,0.6263345195729537,0.3736654804270463,0.697508896797153,0.302491103202847,0.1071932299012694,0.2919605077574048,0.05923836389280677,0.10578279266572638,0.18194640338504936,0.02538787023977433,0.09873060648801128,0.023977433004231313,0.10578279266572638
E072_FNTN_2022,Freenet,2022,alta,864,0.009754704,0.014014731,0.0046431143,0.007845914,0.0018767436,0.0015442633,0.005230121,0.27314814814814814,0.17708333333333334,0.02662037037037037,0.7962962962962963,0.15046296296296297,0.6949152542372882,0.2584745762711864,0.046610169491525424,0.6949152542372882,0.3050847457627119,0.6483050847457628,0.3516949152542373,0.07060185185185185,0.13657407407407407,0.03935185185185185,0.125,0.2777777777777778,0.02662037037037037,0.13194444444444445,0.03009259259259259,0.16203703703703703
E072_FNTN_2023,Freenet,2023,alta,813,0.010038575,0.0126633085,0.00578015,0.007898266,0.0019811986,0.0015832972,0.005596737,0.2730627306273063,0.14760147601476015,0.03444034440344403,0.8179581795817958,0.11316113161131611,0.7612612612612613,0.2072072072072072,0.03153153153153153,0.7657657657657657,0.23423423423423423,0.7027027027027027,0.2972972972972973,0.07011070110701106,0.14145141451414514,0.03690036900369004,0.13038130381303814,0.2693726937269373,0.023370233702337023,0.12423124231242312,0.038130381303813035,0.16605166051660517
E072_FNTN_2024,Freenet,2024,alta,1596,0.01435927,0.0071745915,0.011945864,0.0057714307,0.0022783803,0.0019615062,0.004864632,0.33646616541353386,0.045739348370927316,0.05701754385964912,0.8972431077694235,-0.011278195488721804,0.8305400372439479,0.04283054003724395,0.1266294227188082,0.9199255121042831,0.08007448789571694,0.7914338919925512,0.2085661080074488,0.10213032581453634,0.19924812030075187,0.016290726817042606,0.19047619047619047,0.2487468671679198,0.011904761904761904,0.13659147869674185,0.020050125313283207,0.07456140350877193
E073_ORAN_2022,Orange S.A.,2022,densidad,346,0.004179733,0.0043334435,0.004375856,0.0051100114,0.001054228,0.0018910952,0.001450754,0.5751445086705202,0.07803468208092486,0.02601156069364162,0.8959537572254336,0.05202312138728324,0.8241206030150754,0.12060301507537688,0.05527638190954774,0.8944723618090452,0.10552763819095477,0.6381909547738693,0.36180904522613067,0.005780346820809248,0.4190751445086705,0.02023121387283237,0.06358381502890173,0.08092485549132948,0.046242774566473986,0.20809248554913296,0.11271676300578035,0.04335260115606936
E073_ORAN_2023,Orange S.A.,2023,alta,4329,0.007052947,0.007126386,0.0061841775,0.0054154024,0.0025032933,0.0028529733,0.0041171066,0.2363132363132363,0.12774312774312774,0.03164703164703165,0.8406098406098406,0.0960960960960961,0.6920821114369502,0.2238514173998045,0.08406647116324535,0.6793743890518084,0.3206256109481916,0.6686217008797654,0.3313782991202346,0.04435204435204435,0.16216216216216217,0.08292908292908292,0.31208131208131207,0.16354816354816354,0.018942018942018943,0.10487410487410487,0.028644028644028645,0.08246708246708247
E073_ORAN_2024,Orange S.A.,2024,densidad,2044,0.008857102,0.009478281,0.0070732045,0.0031198603,0.0016858301,0.0023191352,0.0040371367,0.4388454011741683,0.17367906066536204,0.055283757338551856,0.7710371819960861,0.11839530332681018,0.6911928651059086,0.20066889632107024,0.10813823857302118,0.7224080267558528,0.27759197324414714,0.6911928651059086,0.3088071348940914,0.02984344422700587,0.30234833659491195,0.04354207436399217,0.10518590998043052,0.25929549902152643,0.019569471624266144,0.09344422700587084,0.06996086105675146,0.07681017612524461
E074_TIT_2022,Telecom Italia,2022,densidad,31,0.0045138234,0.020023024,0.0077047218,0.00919775,0.00076804915,0.001771336,0.0010080645,0.3548387096774194,0.0967741935483871,0.0,0.9032258064516129,0.0967741935483871,1.0,0.0,0.0,0.9090909090909091,0.09090909090909091,1.0,0.0,0.06451612903225806,0.0967741935483871,0.12903225806451613,0.3870967741935484,0.22580645161290322,0.0,0.03225806451612903,0.03225806451612903,0.03225806451612903
E074_TIT_2023,Telecom Italia,2023,densidad_baja,36,0.004922848,0.01589688,0.009711239,0.009452797,0.00067750673,0.0019896766,0.0,0.4166666666666667,0.05555555555555555,0.0,0.9444444444444444,0.05555555555555555,0.8666666666666667,0.06666666666666667,0.06666666666666667,1.0,0.0,1.0,0.0,0.05555555555555555,0.08333333333333333,0.1111111111111111,0.3888888888888889,0.19444444444444445,0.0,0.08333333333333333,0.027777777777777776,0.05555555555555555
E074_TIT_2024,Telecom Italia,2024,alta,2451,0.014886771,0.0098194,0.008680464,0.008711033,0.0015278109,0.0020240122,0.005284872,0.31211750305997554,0.1073031415748674,0.04773561811505508,0.8449612403100775,0.05956752345981232,0.7032679738562092,0.14640522875816994,0.1503267973856209,0.7607843137254902,0.23921568627450981,0.7320261437908496,0.2679738562091503,0.10077519379844961,0.17503059975520197,0.05671154630762954,0.16850265197878417,0.23133414932680538,0.009383924928600572,0.1211750305997552,0.04039167686658507,0.0966952264381885
E075_CPG_2022,Compass Group,2022,densidad,371,0.0048198933,0.017706987,0.01316845,0.0017566596,0.0033794723,0.0013180106,0.0044810004,0.633423180592992,0.40431266846361186,0.03504043126684636,0.5606469002695418,0.3692722371967655,0.548936170212766,0.28936170212765955,0.16170212765957448,0.5361702127659574,0.46382978723404256,0.6893617021276596,0.31063829787234043,0.01078167115902965,0.37735849056603776,0.12398921832884097,0.08086253369272237,0.11320754716981132,0.0673854447439353,0.09973045822102426,0.08355795148247978,0.0431266846361186
E075_CPG_2023,Compass Group,2023,densidad,549,0.0077637113,0.02349833,0.00949066,0.0010512563,0.0030254086,0.0006599285,0.0030751692,0.5628415300546448,0.41712204007285975,0.030965391621129327,0.5519125683060109,0.3861566484517304,0.5533980582524272,0.23624595469255663,0.21035598705501618,0.656957928802589,0.343042071197411,0.686084142394822,0.313915857605178,0.025500910746812388,0.33515482695810567,0.15482695810564662,0.08561020036429873,0.18397085610200364,0.025500910746812388,0.07832422586520947,0.08378870673952642,0.0273224043715847
E075_CPG_2024,Compass Group,2024,densidad,510,0.006283395,0.02151635,0.009879631,0.0022805925,0.0033333837,0.00049409695,0.0044794357,0.6705882352941176,0.38235294117647056,0.0392156862745098,0.5784313725490197,0.3431372549019608,0.6081871345029239,0.23391812865497075,0.15789473684210525,0.5730994152046783,0.4269005847953216,0.804093567251462,0.195906432748538,0.0392156862745098,0.3607843137254902,0.09803921568627451,0.10196078431372549,0.13333333333333333,0.03725490196078431,0.08627450980392157,0.08235294117647059,0.060784313725490195
E076_FLTR_2022,Flutter Entertainment,2022,densidad,121,0.006587192,0.010207052,0.008837062,0.0008816995,0.00452798,0.0,0.0016945034,0.6694214876033058,0.1487603305785124,0.008264462809917356,0.8429752066115702,0.14049586776859505,0.8518518518518519,0.04938271604938271,0.09876543209876543,0.8395061728395061,0.16049382716049382,0.7037037037037037,0.2962962962962963,0.008264462809917356,0.512396694214876,0.01652892561983471,0.15702479338842976,0.09090909090909091,0.01652892561983471,0.17355371900826447,0.0,0.024793388429752067
E076_FLTR_2023,Flutter Entertainment,2023,alta,634,0.009092665,0.024661573,0.017858617,0.004448235,0.004593766,0.001576111,0.006946381,0.34069400630914826,0.36908517350157727,0.017350157728706624,0.613564668769716,0.35173501577287064,0.7175925925925926,0.09722222222222222,0.18518518518518517,0.6342592592592593,0.36574074074074076,0.8333333333333334,0.16666666666666666,0.06309148264984227,0.21766561514195584,0.15141955835962145,0.20662460567823343,0.1719242902208202,0.00946372239747634,0.07570977917981073,0.0,0.10410094637223975
E076_FLTR_2024,Flutter Entertainment,2024,densidad_baja,31,0.0038558792,0.013139605,0.01045369,0.00035448425,0.00868403,0.0027730619,0.006143013,0.3870967741935484,0.12903225806451613,0.03225806451612903,0.8387096774193549,0.0967741935483871,1.0,0.0,0.0,0.8333333333333334,0.16666666666666666,1.0,0.0,0.03225806451612903,0.25806451612903225,0.0,0.6774193548387096,0.0,0.0,0.03225806451612903,0.0,0.0
E077_AENA_2022,Aena,2022,aceptado_sin_financieros,5154,0.015603687,0.013899365,0.0070126983,0.00810265,0.0022658478,0.0017087245,0.007450713,0.3259604190919674,0.10128055878928988,0.03162592161428017,0.86709351959643,0.0696546371750097,0.7488095238095238,0.15119047619047618,0.1,0.6696428571428571,0.33035714285714285,0.7910714285714285,0.20892857142857144,0.09565386107877377,0.13445867287543656,0.07605743112145906,0.15386107877376795,0.3193636010865347,0.03550640279394645,0.07140085370585952,0.03938688397361273,0.07431121459060923
E077_AENA_2023,Aena,2023,aceptado_sin_financieros,1070,0.0059293336,0.016508847,0.0060588387,0.0045067323,0.0016660402,0.0010922538,0.00438232,0.7168224299065421,0.2,0.011214953271028037,0.788785046728972,0.18878504672897198,0.6883963494132985,0.23076923076923078,0.08083441981747067,0.6323337679269883,0.36766623207301175,0.6531942633637549,0.3468057366362451,0.04766355140186916,0.502803738317757,0.04579439252336449,0.10467289719626169,0.06355140186915888,0.038317757009345796,0.07850467289719626,0.06542056074766354,0.05327102803738318
E077_AENA_2024,Aena,2024,aceptado_sin_financieros,3440,0.00995936,0.015438704,0.009559981,0.00582451,0.0022616843,0.0016842348,0.005304407,0.41569767441860467,0.19476744186046513,0.02994186046511628,0.7752906976744186,0.16482558139534886,0.6832167832167833,0.16293706293706295,0.15384615384615385,0.720979020979021,0.279020979020979,0.7762237762237763,0.22377622377622378,0.05813953488372093,0.18924418604651164,0.08313953488372093,0.1755813953488372,0.22616279069767442,0.0747093023255814,0.07994186046511628,0.05930232558139535,0.05377906976744186
E078_AF_2022,Air France-KLM,2022,densidad,257,0.017260594,0.020837858,0.009843673,0.0037393502,0.0019336299,0.0010646166,0.0043251207,0.38132295719844356,0.27626459143968873,0.1556420233463035,0.5680933852140078,0.12062256809338523,0.6632653061224489,0.15306122448979592,0.1836734693877551,0.7653061224489796,0.23469387755102042,0.9183673469387755,0.08163265306122448,0.06614785992217899,0.14396887159533073,0.07782101167315175,0.15953307392996108,0.3463035019455253,0.011673151750972763,0.09727626459143969,0.027237354085603113,0.07003891050583658
E078_AF_2023,Air France-KLM,2023,alta,1336,0.01445796,0.004236839,0.00846526,0.01365128,0.0019309501,0.0030352485,0.005186518,0.09281437125748503,0.11976047904191617,0.06212574850299401,0.8181137724550899,0.05763473053892216,0.5806451612903226,0.23387096774193547,0.18548387096774194,0.5645161290322581,0.43548387096774194,0.3870967741935484,0.6129032258064516,0.04116766467065868,0.0561377245508982,0.016467065868263474,0.16467065868263472,0.03218562874251497,0.002245508982035928,0.6811377245508982,0.0,0.005988023952095809
E078_AF_2024,Air France-KLM,2024,alta,1282,0.014211811,0.0034993836,0.008684884,0.015219773,0.0019462382,0.0029041243,0.0056524677,0.08190327613104524,0.0998439937597504,0.060842433697347896,0.8393135725429017,0.0390015600624025,0.580952380952381,0.2,0.21904761904761905,0.6190476190476191,0.38095238095238093,0.41904761904761906,0.580952380952381,0.036661466458658344,0.042901716068642744,0.01638065522620905,0.15522620904836193,0.0265210608424337,0.0015600624024961,0.7137285491419657,0.0,0.0070202808112324495
E079_ENEL_2022,Enel,2022,densidad,312,0.008499659,0.015809597,0.0056624105,0.002865819,0.002404232,0.0015363861,0.0014096281,0.4775641025641026,0.23076923076923078,0.04807692307692308,0.7211538461538461,0.1826923076923077,0.5570469798657718,0.38926174496644295,0.053691275167785234,0.738255033557047,0.26174496644295303,0.7181208053691275,0.28187919463087246,0.02564102564102564,0.32371794871794873,0.03205128205128205,0.30128205128205127,0.0641025641025641,0.003205128205128205,0.21794871794871795,0.0,0.03205128205128205
E079_ENEL_2023,Enel,2023,densidad,199,0.015676392,0.006863297,0.0069111604,0.007807527,0.001369698,0.0015432709,0.0036229494,0.4824120603015075,0.18090452261306533,0.11055276381909548,0.7085427135678392,0.07035175879396985,0.7395833333333334,0.13541666666666666,0.125,0.8958333333333334,0.10416666666666667,0.7395833333333334,0.2604166666666667,0.06030150753768844,0.24120603015075376,0.09045226130653267,0.08040201005025126,0.36180904522613067,0.01507537688442211,0.10050251256281408,0.01507537688442211,0.035175879396984924
E079_ENEL_2024,Enel,2024,alta,1918,0.016624408,0.012141345,0.0062048095,0.0054550255,0.001691987,0.0016440594,0.004422019,0.4176225234619395,0.17361835245046925,0.058394160583941604,0.7679874869655892,0.11522419186652764,0.6441947565543071,0.18476903870162298,0.17103620474406991,0.7378277153558053,0.26217228464419473,0.7765293383270911,0.22347066167290885,0.07142857142857142,0.14077163712200208,0.08289885297184567,0.1334723670490094,0.2705943691345151,0.10844629822732013,0.09332638164754953,0.043274244004171014,0.05578727841501564
E080_ANE_2022,Acciona Energía,2022,aceptado_sin_financieros,128,0.015516761,0.02656374,0.0057103327,0.004036961,0.0014591195,0.0015737738,0.0045339256,0.359375,0.2421875,0.0078125,0.75,0.234375,0.5434782608695652,0.3695652173913043,0.08695652173913043,0.6304347826086957,0.3695652173913043,0.9347826086956522,0.06521739130434782,0.1796875,0.09375,0.0546875,0.359375,0.140625,0.0859375,0.0234375,0.015625,0.046875
E080_ANE_2023,Acciona Energía,2023,aceptado_sin_financieros,1769,0.010077003,0.016483843,0.011538928,0.0026806276,0.0026585946,0.0017297672,0.0048995335,0.4465799886941775,0.25494629734313173,0.03674392312040701,0.7083097795364612,0.21820237422272473,0.5,0.3037974683544304,0.1962025316455696,0.7088607594936709,0.2911392405063291,0.7468354430379747,0.25316455696202533,0.03730921424533635,0.22328999434708874,0.07744488411531938,0.10740531373657433,0.355568117580554,0.0847936687394008,0.041266252119841716,0.0423968343697004,0.030525720746184284
E080_ANE_2024,Acciona Energía,2024,aceptado_sin_financieros,187,0.015781155,0.020148857,0.006334378,0.0040039625,0.0032557596,0.00094419287,0.0038393054,0.5508021390374331,0.45989304812834225,0.09090909090909091,0.44919786096256686,0.36898395721925137,0.3883495145631068,0.49514563106796117,0.11650485436893204,0.6601941747572816,0.33980582524271846,0.6310679611650486,0.36893203883495146,0.0374331550802139,0.32620320855614976,0.1657754010695187,0.0962566844919786,0.08021390374331551,0.053475935828877004,0.18716577540106952,0.016042780748663103,0.0374331550802139
E081_ENGIE_2022,Engie,2022,densidad_baja,61,0.00946359,0.0036480299,0.0035090183,0.008260266,0.003393759,0.0021940034,0.002264051,0.13114754098360656,0.06557377049180328,0.03278688524590164,0.9016393442622951,0.03278688524590164,0.875,0.125,0.0,0.875,0.125,0.5,0.5,0.03278688524590164,0.03278688524590164,0.08196721311475409,0.22950819672131148,0.2786885245901639,0.0,0.3442622950819672,0.0,0.0
E081_ENGIE_2023,Engie,2023,densidad_baja,96,0.011110897,0.013982053,0.008099745,0.008384123,0.0035233528,0.004248956,0.016005907,0.28125,0.0625,0.052083333333333336,0.8854166666666666,0.010416666666666664,0.8148148148148148,0.14814814814814814,0.037037037037037035,0.6666666666666666,0.3333333333333333,0.48148148148148145,0.5185185185185185,0.0,0.10416666666666667,0.03125,0.041666666666666664,0.3541666666666667,0.0,0.4583333333333333,0.010416666666666666,0.0
E081_ENGIE_2024,Engie,2024,densidad_baja,163,0.013616278,0.00928673,0.009145142,0.008764548,0.0048863906,0.004598319,0.012860614,0.4049079754601227,0.06134969325153374,0.03680981595092025,0.901840490797546,0.024539877300613494,0.6818181818181818,0.09090909090909091,0.22727272727272727,0.6818181818181818,0.3181818181818182,0.36363636363636365,0.6363636363636364,0.0,0.06134969325153374,0.03067484662576687,0.04294478527607362,0.22085889570552147,0.0,0.5214723926380368,0.12269938650306748,0.0
E082_SSE_2022,SSE,2022,alta,838,0.00847228,0.01144728,0.0067148814,0.0034106546,0.005869617,0.003964686,0.0046467483,0.1718377088305489,0.21241050119331742,0.031026252983293555,0.7565632458233891,0.18138424821002386,0.75,0.1736111111111111,0.0763888888888889,0.625,0.375,0.6875,0.3125,0.015513126491646777,0.08353221957040573,0.017899761336515514,0.5859188544152745,0.2100238663484487,0.003579952267303103,0.07398568019093078,0.002386634844868735,0.007159904534606206
E082_SSE_2023,SSE,2023,alta,679,0.010207066,0.015511048,0.0050389217,0.003303062,0.0060744737,0.0021942507,0.004016668,0.18262150220913106,0.23564064801178203,0.036818851251840944,0.727540500736377,0.19882179675994108,0.7419354838709677,0.1693548387096774,0.08870967741935484,0.7096774193548387,0.2903225806451613,0.7016129032258065,0.29838709677419356,0.014727540500736377,0.0662739322533137,0.022091310751104567,0.5110456553755522,0.27245949926362295,0.004418262150220913,0.09131075110456553,0.004418262150220913,0.013254786450662739
E082_SSE_2024,SSE,2024,densidad,804,0.00937369,0.016890703,0.0035735138,0.0031221411,0.004260479,0.0013962736,0.0036168215,0.6318407960199005,0.4527363184079602,0.06218905472636816,0.48507462686567165,0.39054726368159204,0.5551181102362205,0.37401574803149606,0.07086614173228346,0.5984251968503937,0.4015748031496063,0.6122047244094488,0.38779527559055116,0.03233830845771144,0.3917910447761194,0.09577114427860696,0.12686567164179105,0.21393034825870647,0.033582089552238806,0.06840796019900497,0.009950248756218905,0.02736318407960199
E083_ENG_2022,Enagás,2022,alta,1501,0.014774957,0.012602362,0.0084239105,0.0051593217,0.0019103853,0.0018587179,0.003566934,0.36642238507661556,0.21052631578947367,0.04596935376415723,0.7435043304463691,0.16455696202531644,0.6509090909090909,0.21272727272727274,0.13636363636363635,0.68,0.32,0.68,0.32,0.09260493004663557,0.1698867421718854,0.07128580946035976,0.1658894070619587,0.2938041305796136,0.04596935376415723,0.06129247168554297,0.039973351099267154,0.059293804130579615
E083_ENG_2023,Enagás,2023,alta,2238,0.01509517,0.0119625,0.011829287,0.006209188,0.0020349398,0.0017745203,0.004044759,0.3963360142984808,0.19571045576407506,0.04289544235924933,0.7613941018766756,0.15281501340482573,0.6538895152198422,0.19616685456595265,0.14994363021420518,0.7350620067643743,0.2649379932356257,0.7147688838782412,0.2852311161217587,0.09830205540661305,0.1675603217158177,0.058981233243967826,0.17605004468275245,0.24084003574620197,0.058534405719392314,0.10411081322609472,0.035299374441465595,0.06032171581769437
E083_ENG_2024,Enagás,2024,alta,3834,0.013216006,0.014007219,0.00938827,0.005821009,0.0020269062,0.0015169422,0.008512426,0.3854981742305686,0.18127282211789253,0.036776212832550864,0.7819509650495566,0.14449660928534167,0.628552097428958,0.2070365358592693,0.16441136671177267,0.7307171853856563,0.2692828146143437,0.7347767253044655,0.2652232746955345,0.103547209181012,0.2005738132498696,0.05529473135106938,0.1499739175795514,0.23135106937923838,0.051904016692749085,0.10824204486176317,0.03129890453834116,0.06781429316640585
E084_WKL_2022,Wolters Kluwer,2022,densidad,475,0.00880086,0.01444496,0.008260902,0.004232975,0.0034494863,0.00022547749,0.0038982285,0.30105263157894735,0.1726315789473684,0.037894736842105266,0.7894736842105263,0.13473684210526315,0.7552447552447552,0.1048951048951049,0.13986013986013987,0.7062937062937062,0.2937062937062937,0.7342657342657343,0.26573426573426573,0.07368421052631578,0.19157894736842104,0.04842105263157895,0.22526315789473683,0.2694736842105263,0.023157894736842106,0.06526315789473684,0.01263157894736842,0.09052631578947369
E084_WKL_2023,Wolters Kluwer,2023,densidad,788,0.012546147,0.009624695,0.009291308,0.003950328,0.002352222,0.0021529167,0.004009964,0.4073604060913706,0.10279187817258884,0.04060913705583756,0.8565989847715736,0.062182741116751275,0.8629283489096573,0.06230529595015576,0.07476635514018691,0.8255451713395638,0.17445482866043613,0.6230529595015576,0.37694704049844235,0.05964467005076142,0.26776649746192893,0.0266497461928934,0.1319796954314721,0.2614213197969543,0.02030456852791878,0.1484771573604061,0.01015228426395939,0.07360406091370558
E084_WKL_2024,Wolters Kluwer,2024,densidad,1262,0.010416044,0.014395392,0.0074530146,0.003966589,0.0027319647,0.0013830579,0.003338544,0.3502377179080824,0.1774960380348653,0.025356576862123614,0.7971473851030111,0.15213946117274169,0.8800904977375565,0.038461538461538464,0.08144796380090498,0.7647058823529411,0.23529411764705882,0.6809954751131222,0.3190045248868778,0.06735340729001585,0.2329635499207607,0.019809825673534072,0.15213946117274169,0.2979397781299525,0.014263074484944533,0.1109350237717908,0.010301109350237718,0.09429477020602219
E085_STER_2022,Stora Enso,2022,densidad,1437,0.0096230935,0.010591473,0.004493102,0.0050160973,0.002094734,0.0013898339,0.004340552,0.4759916492693111,0.162839248434238,0.06610995128740431,0.7710508002783577,0.09672929714683369,0.7046783625730995,0.21637426900584794,0.07894736842105263,0.7076023391812866,0.29239766081871343,0.6637426900584795,0.3362573099415205,0.06610995128740431,0.17536534446764093,0.06402226861517049,0.22825330549756437,0.1649269311064718,0.1266527487821851,0.08002783576896312,0.0744606819763396,0.020180932498260265
E085_STER_2023,Stora Enso,2023,densidad,2050,0.011924825,0.01391586,0.005023135,0.0039615957,0.001760816,0.0013691909,0.004005707,0.4624390243902439,0.20243902439024392,0.06585365853658537,0.7317073170731707,0.13658536585365855,0.619198312236287,0.2911392405063291,0.08966244725738397,0.6940928270042194,0.3059071729957806,0.6624472573839663,0.33755274261603374,0.05804878048780488,0.1521951219512195,0.055121951219512196,0.20682926829268292,0.15170731707317073,0.13902439024390245,0.13609756097560977,0.07414634146341463,0.026829268292682926
E085_STER_2024,Stora Enso,2024,alta,2028,0.017419856,0.012806472,0.011038011,0.005087981,0.0012301516,0.0028238331,0.0050169434,0.5088757396449705,0.13806706114398423,0.08826429980276135,0.7736686390532544,0.049802761341222884,0.625968992248062,0.15988372093023256,0.21414728682170542,0.8042635658914729,0.19573643410852712,0.7335271317829457,0.26647286821705424,0.06854043392504931,0.1814595660749507,0.03648915187376726,0.15779092702169625,0.17258382642998027,0.16863905325443787,0.11982248520710059,0.07248520710059171,0.022189349112426034
E086_TUI_2022,TUI Group,2022,densidad,506,0.0053394074,0.018760368,0.003867698,0.0025163214,0.0060808253,0.0010300617,0.0036640149,0.34189723320158105,0.38537549407114624,0.02766798418972332,0.5869565217391305,0.3577075098814229,0.6473988439306358,0.3352601156069364,0.017341040462427744,0.44508670520231214,0.5549132947976878,0.6473988439306358,0.35260115606936415,0.029644268774703556,0.14031620553359683,0.12648221343873517,0.09881422924901186,0.39723320158102765,0.03359683794466403,0.08300395256916997,0.03359683794466403,0.05731225296442688
E086_TUI_2023,TUI Group,2023,densidad,312,0.009966506,0.017181624,0.02226287,0.0029688023,0.0053422996,0.0027390379,0.0052236435,0.7692307692307693,0.34294871794871795,0.11858974358974358,0.5384615384615384,0.22435897435897437,0.5291666666666667,0.17916666666666667,0.2916666666666667,0.7291666666666666,0.2708333333333333,0.65,0.35,0.0,0.5961538461538461,0.038461538461538464,0.11538461538461539,0.016025641025641024,0.02564102564102564,0.14423076923076922,0.038461538461538464,0.02564102564102564
E086_TUI_2024,TUI Group,2024,alta,960,0.007491501,0.013567754,0.010461819,0.0038793788,0.0033403153,0.001532811,0.0035834133,0.44166666666666665,0.2947916666666667,0.05,0.6552083333333333,0.24479166666666669,0.6320754716981132,0.2099056603773585,0.1580188679245283,0.6745283018867925,0.32547169811320753,0.6698113207547169,0.330188679245283,0.017708333333333333,0.24375,0.07708333333333334,0.15729166666666666,0.20208333333333334,0.03125,0.20729166666666668,0.034375,0.029166666666666667
E087_ORK_2022,Orkla ASA,2022,densidad,430,0.007701688,0.017559456,0.0068469285,0.0021878246,0.0043675685,0.0006938778,0.007155042,0.686046511627907,0.27906976744186046,0.09534883720930233,0.6255813953488372,0.18372093023255814,0.6,0.2711864406779661,0.1288135593220339,0.5423728813559322,0.4576271186440678,0.6644067796610169,0.33559322033898303,0.05581395348837209,0.2558139534883721,0.06046511627906977,0.08372093023255814,0.12325581395348838,0.20465116279069767,0.046511627906976744,0.10465116279069768,0.06511627906976744
E087_ORK_2023,Orkla ASA,2023,densidad,1122,0.013496463,0.017628131,0.009327866,0.002437836,0.004219638,0.001488654,0.005365837,0.516042780748663,0.2549019607843137,0.09090909090909091,0.6541889483065954,0.1639928698752228,0.5682210708117443,0.27461139896373055,0.15716753022452504,0.5094991364421416,0.4905008635578584,0.7012089810017271,0.2987910189982729,0.035650623885918005,0.19162210338680927,0.06506238859180036,0.057932263814616754,0.2905525846702317,0.14527629233511585,0.0570409982174688,0.10784313725490197,0.049019607843137254
E087_ORK_2024,Orkla ASA,2024,alta,2642,0.014738117,0.013815862,0.012220999,0.004433825,0.0039205416,0.0021769241,0.0053272396,0.43792581377744133,0.1271763815291446,0.07494322482967448,0.7978803936411809,0.05223315669947011,0.6845289541918755,0.12705272255834055,0.18841832324978391,0.7199654278305964,0.28003457216940364,0.7744165946413137,0.22558340535868626,0.08705526116578349,0.2040121120363361,0.08705526116578349,0.17562452687358063,0.1691900075700227,0.07683573050719152,0.08970476911430735,0.04958364875094625,0.060938682816048445
E088_BARN_2022,Barry Callebaut,2022,alta,432,0.008540662,0.018446052,0.0038604755,0.0027659433,0.0027822105,0.0010295125,0.0042744027,0.5856481481481481,0.44907407407407407,0.0625,0.48842592592592593,0.38657407407407407,0.5019762845849802,0.43478260869565216,0.06324110671936758,0.43478260869565216,0.5652173913043478,0.6521739130434783,0.34782608695652173,0.018518518518518517,0.18518518518518517,0.18055555555555555,0.020833333333333332,0.18981481481481483,0.2847222222222222,0.05092592592592592,0.020833333333333332,0.04861111111111111
E088_BARN_2023,Barry Callebaut,2023,alta,645,0.008481472,0.021811279,0.0039106742,0.0035907715,0.003908196,0.0017786107,0.004805122,0.5534883720930233,0.46511627906976744,0.046511627906976744,0.4883720930232558,0.41860465116279066,0.5350140056022409,0.4061624649859944,0.058823529411764705,0.4061624649859944,0.5938375350140056,0.6442577030812325,0.3557422969187675,0.024806201550387597,0.17674418604651163,0.20930232558139536,0.024806201550387597,0.16124031007751938,0.2837209302325581,0.04806201550387597,0.018604651162790697,0.05271317829457364
E088_BARN_2024,Barry Callebaut,2024,densidad,160,0.02740604,0.0147633655,0.028924212,0.009860868,0.000390625,0.007255192,0.005639109,0.26875,0.20625,0.175,0.61875,0.03125,0.46511627906976744,0.023255813953488372,0.5116279069767442,0.9302325581395349,0.06976744186046512,1.0,0.0,0.075,0.01875,0.01875,0.30625,0.13125,0.0125,0.35,0.0,0.0875
E089_ADEN_2022,Adecco,2022,densidad,236,0.0117512215,0.0220629,0.00568174,0.002269235,0.0070151314,0.00064559636,0.00465011,0.3559322033898305,0.3474576271186441,0.01694915254237288,0.635593220338983,0.3305084745762712,0.75,0.14285714285714285,0.10714285714285714,0.6904761904761905,0.30952380952380953,0.8333333333333334,0.16666666666666666,0.17372881355932204,0.1652542372881356,0.029661016949152543,0.22033898305084745,0.2754237288135593,0.0211864406779661,0.07627118644067797,0.00423728813559322,0.03389830508474576
E089_ADEN_2023,Adecco,2023,densidad,182,0.008715985,0.010395546,0.011544878,0.005526741,0.0040504243,0.0026531585,0.0058020176,0.5054945054945055,0.24725274725274726,0.027472527472527472,0.7252747252747253,0.21978021978021978,0.7934782608695652,0.09782608695652174,0.10869565217391304,0.7282608695652174,0.2717391304347826,0.75,0.25,0.04395604395604396,0.31868131868131866,0.04395604395604396,0.3516483516483517,0.0989010989010989,0.016483516483516484,0.08791208791208792,0.016483516483516484,0.02197802197802198
E089_ADEN_2024,Adecco,2024,densidad,635,0.019513719,0.024428042,0.009876678,0.005265574,0.0022140793,0.002651065,0.008047098,0.1921259842519685,0.38740157480314963,0.09133858267716535,0.521259842519685,0.2960629921259843,0.7377049180327869,0.13114754098360656,0.13114754098360656,0.8032786885245902,0.19672131147540983,0.8360655737704918,0.16393442622950818,0.14803149606299212,0.08503937007874016,0.06771653543307087,0.1763779527559055,0.4094488188976378,0.006299212598425197,0.03464566929133858,0.0,0.07244094488188976
E090_WIHL_2022,Wihlborgs Fastigheter,2022,densidad,613,0.009422604,0.009350543,0.010654367,0.0024964125,0.002618587,0.002414573,0.004761734,0.5122349102773246,0.13050570962479607,0.048939641109298535,0.8205546492659054,0.08156606851549754,0.7611464968152867,0.08917197452229299,0.14968152866242038,0.767515923566879,0.23248407643312102,0.6847133757961783,0.31528662420382164,0.08156606851549755,0.3132137030995106,0.06525285481239804,0.11256117455138662,0.2544861337683524,0.022838499184339316,0.0766721044045677,0.01794453507340946,0.05546492659053834
E090_WIHL_2023,Wihlborgs Fastigheter,2023,densidad,655,0.007940982,0.008116163,0.0071794437,0.0024476752,0.0034603188,0.0019252355,0.0053731957,0.517557251908397,0.1435114503816794,0.04580152671755725,0.8106870229007633,0.09770992366412215,0.7905604719764012,0.08849557522123894,0.12094395280235988,0.7728613569321534,0.22713864306784662,0.6607669616519174,0.3392330383480826,0.07022900763358779,0.3190839694656489,0.06259541984732825,0.10534351145038168,0.2564885496183206,0.024427480916030534,0.0900763358778626,0.025954198473282442,0.04580152671755725
E090_WIHL_2024,Wihlborgs Fastigheter,2024,densidad,799,0.011136373,0.008245333,0.0078008636,0.0021891543,0.0028731583,0.0016978702,0.005432763,0.5607008760951189,0.13892365456821026,0.058823529411764705,0.8022528160200251,0.08010012515644556,0.71875,0.11383928571428571,0.16741071428571427,0.75,0.25,0.6607142857142857,0.3392857142857143,0.07509386733416772,0.3304130162703379,0.057571964956195244,0.09762202753441802,0.2327909887359199,0.03254067584480601,0.08635794743429287,0.04005006257822278,0.04755944931163955
E091_P911_2022,Porsche,2022,densidad,1214,0.0075333994,0.01716024,0.0030907295,0.0029731258,0.0021153926,0.0012634177,0.0035989268,0.30477759472817134,0.214168039538715,0.022240527182866558,0.7635914332784185,0.19192751235584843,0.6567567567567567,0.3054054054054054,0.03783783783783784,0.5702702702702702,0.4297297297297297,0.7135135135135136,0.2864864864864865,0.08731466227347612,0.1556836902800659,0.09719934102141681,0.12685337726523888,0.29983525535420097,0.051070840197693576,0.06260296540362438,0.05354200988467875,0.06589785831960461
E091_P911_2023,Porsche,2023,media,183,0.0075744246,0.009350219,0.004148141,0.0015389994,0.0009590086,0.00076908956,0.0035367454,0.41530054644808745,0.18032786885245902,0.01639344262295082,0.8032786885245902,0.1639344262295082,0.7368421052631579,0.23684210526315788,0.02631578947368421,0.6447368421052632,0.35526315789473684,0.8289473684210527,0.17105263157894737,0.08196721311475409,0.21311475409836064,0.15300546448087432,0.21311475409836064,0.14754098360655737,0.02185792349726776,0.10382513661202186,0.0273224043715847,0.03825136612021858
E091_P911_2024,Porsche,2024,densidad,2752,0.008851575,0.008462601,0.008009039,0.0046672625,0.0019818386,0.0030836216,0.00667972,0.5268895348837209,0.12318313953488372,0.03597383720930233,0.840843023255814,0.08720930232558138,0.7068965517241379,0.15931034482758621,0.13379310344827586,0.7937931034482759,0.20620689655172414,0.7841379310344827,0.21586206896551724,0.041061046511627904,0.23982558139534885,0.02252906976744186,0.11010174418604651,0.22274709302325582,0.11228197674418605,0.09520348837209303,0.10101744186046512,0.055232558139534885
E092_EVK_2022,Evonik Industries,2022,densidad,930,0.010358599,0.0132661145,0.006138967,0.0024659561,0.0017620401,0.0014133042,0.006777342,0.43548387096774194,0.17526881720430107,0.05161290322580645,0.7731182795698924,0.12365591397849462,0.7530864197530864,0.1506172839506173,0.0962962962962963,0.7135802469135802,0.28641975308641976,0.6962962962962963,0.3037037037037037,0.03978494623655914,0.22903225806451613,0.024731182795698924,0.12043010752688173,0.33548387096774196,0.08387096774193549,0.0967741935483871,0.026881720430107527,0.043010752688172046
E092_EVK_2023,Evonik Industries,2023,densidad,1014,0.010101119,0.0138542615,0.0076325354,0.0031591167,0.0026305201,0.0011270808,0.0057731722,0.4723865877712032,0.1844181459566075,0.04437869822485207,0.7712031558185405,0.14003944773175542,0.7098121085594989,0.18162839248434237,0.10855949895615867,0.7244258872651357,0.2755741127348643,0.7202505219206681,0.2797494780793319,0.047337278106508875,0.23471400394477318,0.027613412228796843,0.11242603550295859,0.28994082840236685,0.09763313609467456,0.10946745562130178,0.03254437869822485,0.048323471400394474
E092_EVK_2024,Evonik Industries,2024,densidad,1505,0.0074426336,0.011928965,0.010485771,0.0020571302,0.0016927025,0.0020344069,0.0029894332,0.6445182724252492,0.1867109634551495,0.03521594684385382,0.7780730897009966,0.1514950166112957,0.6690721649484536,0.2154639175257732,0.1154639175257732,0.711340206185567,0.28865979381443296,0.677319587628866,0.32268041237113404,0.016611295681063124,0.30830564784053155,0.022591362126245847,0.18538205980066444,0.06046511627906977,0.12558139534883722,0.13089700996677742,0.07906976744186046,0.07109634551495017
E093_BNR_2022,Brenntag,2022,alta,867,0.010667047,0.013297424,0.0054933764,0.005971549,0.003168657,0.0015077066,0.005293512,0.42675893886966554,0.18339100346020762,0.040369088811995385,0.776239907727797,0.14302191464821223,0.7783783783783784,0.17567567567567569,0.04594594594594595,0.6810810810810811,0.31891891891891894,0.7243243243243244,0.2756756756756757,0.06228373702422145,0.20530565167243367,0.031141868512110725,0.1845444059976932,0.2664359861591695,0.0530565167243368,0.09457900807381776,0.04844290657439446,0.05420991926182238
E093_BNR_2023,Brenntag,2023,alta,957,0.008945034,0.011412467,0.006855447,0.0070044943,0.002699905,0.0015425194,0.0050078062,0.4587251828631139,0.1755485893416928,0.034482758620689655,0.7899686520376176,0.14106583072100315,0.7585421412300684,0.17995444191343962,0.06150341685649203,0.715261958997722,0.2847380410022779,0.7220956719817767,0.27790432801822323,0.055381400208986416,0.2225705329153605,0.025078369905956112,0.19540229885057472,0.22884012539184953,0.04597701149425287,0.1013584117032393,0.06374085684430512,0.06165099268547544
E093_BNR_2024,Brenntag,2024,alta,1338,0.013392937,0.011884,0.008820617,0.0058526667,0.0020061168,0.0021390016,0.0060746875,0.39985052316890884,0.13378176382660686,0.035127055306427506,0.8310911808669657,0.09865470852017935,0.7233644859813084,0.15327102803738318,0.1233644859813084,0.7813084112149533,0.21869158878504674,0.7345794392523365,0.26542056074766357,0.05829596412556054,0.187593423019432,0.014947683109118086,0.16442451420029897,0.28400597907324365,0.04484304932735426,0.10164424514200299,0.08669656203288491,0.05754857997010463
E094_OR_2022,L'Oréal,2022,densidad,1190,0.009959912,0.010997485,0.010179491,0.0034897216,0.0025168105,0.0025758944,0.007154687,0.5142857142857142,0.23277310924369748,0.06134453781512605,0.7058823529411765,0.17142857142857143,0.6584967320261438,0.22875816993464052,0.11274509803921569,0.5882352941176471,0.4117647058823529,0.7058823529411765,0.29411764705882354,0.05378151260504202,0.17983193277310924,0.0680672268907563,0.11512605042016806,0.17899159663865546,0.14705882352941177,0.10420168067226891,0.08067226890756303,0.07226890756302522
E094_OR_2023,L'Oréal,2023,densidad,1106,0.0071967994,0.012070522,0.00734688,0.002049381,0.0029375362,0.002073543,0.0067642154,0.5786618444846293,0.26491862567811936,0.0461121157323689,0.6889692585895117,0.21880650994575046,0.7078125,0.1890625,0.103125,0.5890625,0.4109375,0.6953125,0.3046875,0.0325497287522604,0.19981916817359854,0.0759493670886076,0.09674502712477397,0.19439421338155516,0.19529837251356238,0.0705244122965642,0.07414104882459313,0.06057866184448463
E094_OR_2024,L'Oréal,2024,densidad,1375,0.013242934,0.015478764,0.009324401,0.0039871065,0.0015882705,0.003142472,0.006772673,0.5156363636363637,0.1869090909090909,0.05163636363636363,0.7614545454545455,0.13527272727272727,0.6770098730606487,0.19746121297602257,0.12552891396332863,0.6741889985895627,0.32581100141043723,0.8011283497884344,0.19887165021156558,0.07709090909090908,0.16872727272727273,0.04727272727272727,0.12218181818181818,0.22181818181818183,0.11563636363636363,0.072,0.08,0.09527272727272727
E095_UBSG_2022,UBS Group,2022,densidad,233,0.0039063455,0.02124245,0.0072867763,0.00033487118,0.0020096803,0.001065609,0.0034812782,0.41201716738197425,0.31759656652360513,0.012875536480686695,0.6695278969957081,0.30472103004291845,0.5729166666666666,0.34375,0.08333333333333333,0.6458333333333334,0.3541666666666667,0.7916666666666666,0.20833333333333334,0.03862660944206009,0.24034334763948498,0.20600858369098712,0.13733905579399142,0.27467811158798283,0.004291845493562232,0.06866952789699571,0.004291845493562232,0.02575107296137339
E095_UBSG_2023,UBS Group,2023,alta,774,0.01782767,0.006754631,0.027845716,0.007195177,0.0018438024,0.0022233964,0.010806903,0.15891472868217055,0.21059431524547803,0.08397932816537468,0.7054263565891473,0.12661498708010335,0.24390243902439024,0.016260162601626018,0.7398373983739838,0.975609756097561,0.024390243902439025,0.967479674796748,0.032520325203252036,0.01808785529715762,0.11627906976744186,0.00904392764857881,0.10465116279069768,0.011627906976744186,0.014211886304909561,0.6679586563307494,0.0,0.05813953488372093
E095_UBSG_2024,UBS Group,2024,alta,681,0.01847264,0.005667055,0.025809217,0.008558817,0.0014351412,0.0027970967,0.011962251,0.09838472834067548,0.14684287812041116,0.12334801762114538,0.7298091042584435,0.023494860499265788,0.26865671641791045,0.0,0.7313432835820896,0.9701492537313433,0.029850746268656716,0.9402985074626866,0.05970149253731343,0.022026431718061675,0.08516886930983847,0.004405286343612335,0.1277533039647577,0.014684287812041116,0.002936857562408223,0.6828193832599119,0.0,0.06020558002936858
E096_NEM_2023,Nemetschek,2023,densidad,81,0.0038578312,0.0037192365,0.0056585805,0.007506874,0.001518901,0.002122401,0.0026580791,0.5555555555555556,0.024691358024691357,0.024691358024691357,0.9506172839506173,0.0,0.8444444444444444,0.13333333333333333,0.022222222222222223,0.9777777777777777,0.022222222222222223,0.8,0.2,0.024691358024691357,0.32098765432098764,0.07407407407407407,0.037037037037037035,0.012345679012345678,0.12345679012345678,0.345679012345679,0.06172839506172839,0.0
E096_NEM_2024,Nemetschek,2024,densidad,938,0.007850167,0.014261385,0.015331681,0.003650211,0.0014546431,0.0017364522,0.0033258386,0.4232409381663113,0.10874200426439233,0.019189765458422176,0.8720682302771855,0.08955223880597016,0.7027707808564232,0.07808564231738035,0.21914357682619648,0.947103274559194,0.05289672544080604,0.924433249370277,0.07556675062972293,0.03411513859275053,0.23773987206823027,0.039445628997867806,0.2622601279317697,0.19189765458422176,0.023454157782515993,0.15991471215351813,0.006396588486140725,0.04477611940298507
E097_UMG_2022,Universal Music Group,2022,alta,768,0.01196568,0.0129688755,0.00841225,0.0047063264,0.0022116376,0.0027477045,0.005459627,0.3567708333333333,0.234375,0.0703125,0.6953125,0.1640625,0.7481751824817519,0.12408759124087591,0.12773722627737227,0.7226277372262774,0.2773722627737226,0.7700729927007299,0.22992700729927007,0.045572916666666664,0.21744791666666666,0.16666666666666666,0.1328125,0.22786458333333334,0.006510416666666667,0.1015625,0.033854166666666664,0.06770833333333333
E097_UMG_2023,Universal Music Group,2023,alta,2108,0.013790482,0.014758781,0.010417356,0.007608314,0.0027900392,0.0044416026,0.005023368,0.19212523719165087,0.23956356736242884,0.08586337760910816,0.674573055028463,0.15370018975332067,0.7382716049382716,0.16790123456790124,0.09382716049382717,0.7037037037037037,0.2962962962962963,0.7654320987654321,0.2345679012345679,0.059297912713472484,0.10958254269449716,0.14089184060721063,0.22343453510436434,0.12333965844402277,0.009487666034155597,0.2381404174573055,0.017552182163187855,0.07827324478178369
E097_UMG_2024,Universal Music Group,2024,alta,652,0.012699912,0.011219384,0.01190121,0.0042709624,0.0013298623,0.0034544226,0.0061944798,0.45858895705521474,0.14570552147239263,0.0598159509202454,0.7944785276073619,0.08588957055214723,0.8461538461538461,0.05351170568561873,0.10033444816053512,0.8260869565217391,0.17391304347826086,0.7993311036789298,0.20066889632107024,0.0705521472392638,0.26533742331288346,0.04294478527607362,0.16717791411042945,0.15337423312883436,0.019938650306748466,0.14570552147239263,0.02607361963190184,0.10889570552147239
E098_MICP_2022,Michelin,2022,densidad,1594,0.00805054,0.013350452,0.0062983297,0.0028776699,0.0029361583,0.0017335681,0.0042061666,0.5495608531994981,0.3074027603513174,0.04140526976160602,0.6511919698870765,0.2659974905897114,0.6038812785388128,0.2979452054794521,0.09817351598173515,0.6073059360730594,0.3926940639269406,0.6198630136986302,0.3801369863013699,0.01756587202007528,0.26286072772898367,0.08594730238393977,0.09284818067754078,0.21706398996235884,0.08406524466750313,0.0972396486825596,0.09974905897114178,0.04265997490589712
E098_MICP_2023,Michelin,2023,densidad,2202,0.01041583,0.012181468,0.008037443,0.0035202047,0.002777475,0.0019759056,0.004682657,0.4927338782924614,0.2620345140781108,0.05313351498637602,0.6848319709355132,0.20890099909173476,0.6387096774193548,0.25806451612903225,0.1032258064516129,0.6082949308755761,0.391705069124424,0.6368663594470046,0.3631336405529954,0.045413260672116255,0.22161671207992734,0.07629427792915532,0.09763851044504995,0.2506811989100817,0.0740236148955495,0.10217983651226158,0.08038147138964577,0.051771117166212535
E098_MICP_2024,Michelin,2024,densidad,1906,0.014174584,0.010631846,0.009552004,0.002543358,0.0030669258,0.0027458477,0.0054486934,0.655299055613851,0.2261280167890871,0.06925498426023086,0.7046169989506821,0.15687303252885623,0.655724579663731,0.18654923939151322,0.1577261809447558,0.6869495596477182,0.3130504403522818,0.734187349879904,0.2658126501200961,0.021511017838405037,0.2607555089192025,0.03515215110178384,0.09233997901364113,0.17995802728226654,0.1385099685204617,0.08184679958027283,0.1285414480587618,0.061385099685204614
E099_PIRC_2022,Pirelli,2022,alta,393,0.002905934,0.0024354418,0.0070526004,0.019198103,0.001451893,0.0026307858,0.0029018663,0.061068702290076333,0.015267175572519083,0.002544529262086514,0.9821882951653944,0.01272264631043257,0.9166666666666666,0.0,0.08333333333333333,1.0,0.0,1.0,0.0,0.035623409669211195,0.022900763358778626,0.05343511450381679,0.6539440203562341,0.007633587786259542,0.005089058524173028,0.20865139949109415,0.007633587786259542,0.005089058524173028
E099_PIRC_2023,Pirelli,2023,densidad,516,0.008664561,0.009598575,0.007587033,0.007181257,0.0025087649,0.0020572064,0.004511386,0.5968992248062015,0.15891472868217055,0.03875968992248062,0.8023255813953488,0.12015503875968993,0.7435064935064936,0.18181818181818182,0.07467532467532467,0.7694805194805194,0.2305194805194805,0.6396103896103896,0.36038961038961037,0.04263565891472868,0.3430232558139535,0.040697674418604654,0.09689922480620156,0.19186046511627908,0.07170542635658915,0.0562015503875969,0.10077519379844961,0.0562015503875969
E099_PIRC_2024,Pirelli,2024,densidad,1038,0.009472518,0.010518121,0.008139397,0.007250802,0.0013771625,0.0010218449,0.0040150634,0.6117533718689788,0.13583815028901733,0.016377649325626204,0.8477842003853564,0.11946050096339113,0.7590551181102362,0.13700787401574804,0.10393700787401575,0.7716535433070866,0.2283464566929134,0.7905511811023622,0.2094488188976378,0.04720616570327553,0.3892100192678227,0.024084778420038536,0.174373795761079,0.13776493256262043,0.06069364161849711,0.07514450867052024,0.03564547206165703,0.055876685934489405
E100_FERR_2022,Ferrari,2022,densidad,563,0.008372373,0.012241915,0.006309803,0.005867955,0.0038674923,0.0014024694,0.0038446872,0.4227353463587922,0.20603907637655416,0.017761989342806393,0.7761989342806395,0.18827708703374776,0.7184873949579832,0.20168067226890757,0.07983193277310924,0.6848739495798319,0.31512605042016806,0.6554621848739496,0.3445378151260504,0.019538188277087035,0.25754884547069273,0.08703374777975133,0.06216696269982238,0.3108348134991119,0.055062166962699825,0.07104795737122557,0.07992895204262877,0.056838365896980464
E100_FERR_2023,Ferrari,2023,densidad,370,0.00920621,0.0090797115,0.005323772,0.006672572,0.003696514,0.00059557677,0.0037053246,0.5972972972972973,0.2648648648648649,0.02702702702702703,0.7081081081081081,0.23783783783783785,0.6606334841628959,0.25339366515837103,0.08597285067873303,0.6063348416289592,0.3936651583710407,0.5701357466063348,0.4298642533936652,0.021621621621621623,0.37567567567567567,0.010810810810810811,0.05675675675675676,0.22702702702702704,0.07837837837837838,0.1,0.08378378378378379,0.04594594594594595
E100_FERR_2024,Ferrari,2024,densidad,957,0.008864648,0.0110581815,0.011048434,0.0055049756,0.002274959,0.0018383045,0.0034793208,0.509926854754441,0.14942528735632185,0.027168234064785787,0.8234064785788924,0.12225705329153606,0.7418032786885246,0.09631147540983606,0.16188524590163936,0.7520491803278688,0.24795081967213115,0.7479508196721312,0.2520491803278688,0.03970741901776385,0.3019853709508882,0.030303030303030304,0.2027168234064786,0.12016718913270637,0.03970741901776385,0.11598746081504702,0.07105538140020899,0.07836990595611286
E101_RENA_2022,Renault,2022,densidad,428,0.013752772,0.0065595475,0.0074746194,0.0052323057,0.002293419,0.00070176827,0.006370501,0.46261682242990654,0.1658878504672897,0.02102803738317757,0.8130841121495327,0.14485981308411214,0.6161616161616161,0.30303030303030304,0.08080808080808081,0.5757575757575758,0.42424242424242425,0.7626262626262627,0.23737373737373738,0.04906542056074766,0.21495327102803738,0.12850467289719625,0.12149532710280374,0.2967289719626168,0.035046728971962614,0.07009345794392523,0.04906542056074766,0.035046728971962614
E101_RENA_2023,Renault,2023,densidad,1201,0.009735614,0.009581229,0.0083021205,0.0071604624,0.0034872307,0.0025724906,0.0076236026,0.6452955870108243,0.17152373022481265,0.03663613655287261,0.7918401332223147,0.13488759367194003,0.6025806451612903,0.30709677419354836,0.09032258064516129,0.6219354838709678,0.37806451612903225,0.632258064516129,0.36774193548387096,0.02164862614487927,0.3488759367194005,0.05745212323064113,0.07993338884263114,0.07660283097418817,0.06411323896752706,0.11906744379683597,0.15154038301415487,0.08076602830974189
E101_RENA_2024,Renault,2024,densidad,2182,0.011733152,0.009107938,0.008453225,0.004682738,0.0014627238,0.0013870909,0.0055095926,0.5114573785517873,0.12786434463794683,0.03299725022914757,0.8391384051329056,0.09486709440879926,0.6989247311827957,0.14695340501792115,0.15412186379928317,0.6612903225806451,0.3387096774193548,0.717741935483871,0.28225806451612906,0.031164069660861594,0.2076076993583868,0.05453712190650779,0.11228230980751604,0.2506874427131072,0.08845096241979836,0.08065994500458296,0.11732355637030248,0.05728689275893675
E102_ABN_2022,ABN AMRO,2022,alta,765,0.02054869,0.0072228694,0.04319919,0.005184802,0.0026889127,0.0033901732,0.0058345757,0.37254901960784315,0.15947712418300652,0.10196078431372549,0.738562091503268,0.057516339869281036,0.27017543859649124,0.0456140350877193,0.6842105263157895,0.9368421052631579,0.06315789473684211,0.8526315789473684,0.14736842105263157,0.050980392156862744,0.2261437908496732,0.011764705882352941,0.13594771241830064,0.040522875816993466,0.03529411764705882,0.42483660130718953,0.00784313725490196,0.06666666666666667
E102_ABN_2023,ABN AMRO,2023,alta,224,0.0141279055,0.01677336,0.005802969,0.0025585706,0.005027479,0.00251741,0.0024641722,0.36607142857142855,0.34375,0.10714285714285714,0.5491071428571429,0.23660714285714285,0.5365853658536586,0.4268292682926829,0.036585365853658534,0.4878048780487805,0.5121951219512195,0.6585365853658537,0.34146341463414637,0.06696428571428571,0.20089285714285715,0.12946428571428573,0.07142857142857142,0.24553571428571427,0.026785714285714284,0.11607142857142858,0.03571428571428571,0.10714285714285714
E102_ABN_2024,ABN AMRO,2024,alta,2626,0.012733869,0.010640422,0.017354725,0.0036234332,0.0027382437,0.0015230989,0.0046667666,0.5270373191165271,0.16831683168316833,0.04798172124904798,0.7837014470677837,0.12033511043412035,0.6437861271676301,0.09754335260115607,0.2586705202312139,0.7825144508670521,0.217485549132948,0.7882947976878613,0.21170520231213874,0.07616146230007616,0.2833206397562833,0.04683929931454684,0.15194211728865195,0.14775323686214775,0.046458492003046456,0.13214013709063213,0.030845392231530846,0.08453922315308454
E103_KBC_2022,KBC Group,2022,alta,9,0.012048019,0.004976893,0.004729705,0.0058479533,0.0,0.0011454753,0.012020793,0.7777777777777778,0.1111111111111111,0.0,0.8888888888888888,0.1111111111111111,1.0,0.0,0.0,0.7142857142857143,0.2857142857142857,1.0,0.0,0.0,0.1111111111111111,0.0,0.4444444444444444,0.2222222222222222,0.0,0.2222222222222222,0.0,0.0
E103_KBC_2023,KBC Group,2023,alta,9,0.012455909,0.004524411,0.0031415345,0.0058479533,0.0,0.0011574074,0.010678871,0.7777777777777778,0.1111111111111111,0.0,0.8888888888888888,0.1111111111111111,1.0,0.0,0.0,0.7142857142857143,0.2857142857142857,1.0,0.0,0.0,0.0,0.0,0.4444444444444444,0.3333333333333333,0.0,0.2222222222222222,0.0,0.0
E103_KBC_2024,KBC Group,2024,alta,1681,0.013167436,0.009563487,0.015050955,0.004128729,0.0016757693,0.0014692914,0.005114188,0.5038667459845331,0.10648423557406306,0.04283164782867341,0.8506841165972635,0.06365258774538965,0.7343565525383707,0.05076741440377804,0.21487603305785125,0.8276269185360094,0.17237308146399055,0.8299881936245572,0.17001180637544275,0.09220701963117192,0.2873289708506841,0.024985127900059488,0.2248661511005354,0.11540749553837001,0.04580606781677573,0.13503866745984533,0.004759071980963712,0.06960142772159429
E104_INGA_2022,ING Group,2022,alta,875,0.01205962,0.0132869035,0.0065080435,0.0029002607,0.0019496407,0.00095142645,0.003291545,0.32685714285714285,0.29942857142857143,0.09942857142857142,0.6011428571428571,0.2,0.5664335664335665,0.3531468531468531,0.08041958041958042,0.46153846153846156,0.5384615384615384,0.6923076923076923,0.3076923076923077,0.05714285714285714,0.18171428571428572,0.11657142857142858,0.07542857142857143,0.18057142857142858,0.026285714285714287,0.21942857142857142,0.010285714285714285,0.13257142857142856
E104_INGA_2023,ING Group,2023,alta,244,0.006215574,0.010392485,0.026944116,0.006526944,0.0035994109,0.0017215739,0.0051862122,0.04918032786885246,0.1557377049180328,0.02459016393442623,0.819672131147541,0.13114754098360656,0.8333333333333334,0.16666666666666666,0.0,0.4166666666666667,0.5833333333333334,0.75,0.25,0.02459016393442623,0.028688524590163935,0.012295081967213115,0.5901639344262295,0.22540983606557377,0.0,0.10655737704918032,0.0,0.012295081967213115
E104_INGA_2024,ING Group,2024,alta,1376,0.01824292,0.0099634,0.016728023,0.0041423296,0.0022325886,0.0028769653,0.0068042874,0.48255813953488375,0.17950581395348839,0.07340116279069768,0.747093023255814,0.1061046511627907,0.6656626506024096,0.11897590361445783,0.21536144578313254,0.786144578313253,0.21385542168674698,0.8162650602409639,0.18373493975903615,0.08502906976744186,0.28343023255813954,0.03343023255813953,0.1511627906976744,0.1686046511627907,0.036337209302325583,0.1511627906976744,0.005087209302325582,0.08575581395348837
E105_UC_2022,UniCredit,2022,densidad,100,0.0035052574,0.015575771,0.004526553,0.0015565522,0.0013662737,0.0010518484,0.0046052225,0.68,0.56,0.0,0.44,0.56,0.29411764705882354,0.7058823529411765,0.0,0.27941176470588236,0.7205882352941176,0.5735294117647058,0.4264705882352941,0.02,0.45,0.27,0.05,0.04,0.04,0.1,0.01,0.02
E105_UC_2023,UniCredit,2023,densidad,68,0.0035117145,0.017954838,0.0037012722,0.0009752321,0.006321551,0.0013832352,0.0031006585,0.5882352941176471,0.7058823529411765,0.0,0.29411764705882354,0.7058823529411765,0.475,0.5,0.025,0.4,0.6,0.75,0.25,0.0,0.23529411764705882,0.4264705882352941,0.08823529411764706,0.07352941176470588,0.029411764705882353,0.11764705882352941,0.0,0.029411764705882353
E105_UC_2024,UniCredit,2024,densidad,905,0.008937676,0.01521761,0.013467544,0.008460008,0.001993051,0.0014582024,0.0068113627,0.3988950276243094,0.20994475138121546,0.016574585635359115,0.7734806629834254,0.19337016574585636,0.6842105263157895,0.13573407202216067,0.18005540166204986,0.7728531855955678,0.22714681440443213,0.9445983379501385,0.055401662049861494,0.10607734806629834,0.15027624309392265,0.051933701657458566,0.34585635359116024,0.12596685082872927,0.027624309392265192,0.13038674033149172,0.014364640883977901,0.04751381215469613
E106_SAN_2022,Banco Santander,2022,alta,6985,0.0113726845,0.0139310025,0.01612466,0.00591861,0.0034511012,0.0017336659,0.005595324,0.09620615604867573,0.22376521116678597,0.05826771653543307,0.717967072297781,0.16549749463135288,0.6428571428571429,0.16071428571428573,0.19642857142857142,0.7410714285714286,0.25892857142857145,0.8541666666666666,0.14583333333333334,0.04667143879742305,0.051395848246241944,0.03965640658554044,0.39642090193271295,0.05955619183965641,0.00329277022190408,0.3556191839656407,0.0037222619899785255,0.043664996420901936
E106_SAN_2023,Banco Santander,2023,alta,7059,0.0114443265,0.014757408,0.015917579,0.0056766532,0.003470669,0.0015370558,0.0054098074,0.10355574443972235,0.21986117013741324,0.0563819237852387,0.7237569060773481,0.16347924635217453,0.6388508891928865,0.1121751025991792,0.24897400820793433,0.7647058823529411,0.23529411764705882,0.896032831737346,0.1039671682626539,0.044623884402889925,0.05468196628417623,0.040090664400056666,0.3925485196203428,0.0624734381640459,0.004108230627567644,0.3541578127213486,0.002833262501770789,0.04448222127780139
E106_SAN_2024,Banco Santander,2024,densidad,976,0.013549133,0.006886563,0.009825514,0.0077757854,0.0016392915,0.00071227516,0.0042588627,0.4139344262295082,0.0625,0.027663934426229508,0.9098360655737705,0.03483606557377049,0.8316831683168316,0.06683168316831684,0.10148514851485149,0.849009900990099,0.15099009900990099,0.7475247524752475,0.2524752475247525,0.09221311475409837,0.2489754098360656,0.03381147540983607,0.21618852459016394,0.1444672131147541,0.010245901639344262,0.2038934426229508,0.006147540983606557,0.04405737704918033
E107_VK_2022,Vallourec,2022,densidad,908,0.010276257,0.0077196485,0.009944528,0.0032592712,0.0015305105,0.0026845678,0.006181932,0.6861233480176211,0.21696035242290748,0.07378854625550661,0.7092511013215859,0.14317180616740088,0.7014446227929374,0.15890850722311398,0.13964686998394862,0.7158908507223114,0.2841091492776886,0.5682182985553772,0.4317817014446228,0.034140969162995596,0.2643171806167401,0.025330396475770924,0.06497797356828194,0.14317180616740088,0.15748898678414097,0.09911894273127753,0.18061674008810572,0.030837004405286344
E107_VK_2023,Vallourec,2023,densidad,1074,0.01133404,0.00803741,0.009886327,0.004060902,0.0019967637,0.0027475564,0.005837162,0.7392923649906891,0.21508379888268156,0.06983240223463687,0.7150837988826816,0.1452513966480447,0.6964735516372796,0.16120906801007556,0.14231738035264482,0.756926952141058,0.24307304785894207,0.5906801007556675,0.4093198992443325,0.03445065176908752,0.3063314711359404,0.017690875232774673,0.07262569832402235,0.1042830540037244,0.15083798882681565,0.08286778398510242,0.19832402234636873,0.032588454376163874
E107_VK_2024,Vallourec,2024,alta,259,0.012864607,0.00748804,0.014206534,0.0067729703,0.00023007397,0.0038309942,0.0074917288,0.5637065637065637,0.04633204633204633,0.011583011583011582,0.9420849420849421,0.03474903474903475,0.821917808219178,0.03424657534246575,0.14383561643835616,0.958904109589041,0.0410958904109589,0.9315068493150684,0.0684931506849315,0.10038610038610038,0.3552123552123552,0.05791505791505792,0.277992277992278,0.11196911196911197,0.011583011583011582,0.02702702702702703,0.03861003861003861,0.019305019305019305
E108_MT_2022,ArcelorMittal,2022,alta,727,0.0076495474,0.017780382,0.0049433303,0.0010928366,0.0069018933,0.0018547578,0.006338803,0.6781292984869326,0.4332874828060523,0.030261348005502064,0.5364511691884457,0.4030261348005502,0.49290060851926976,0.4462474645030426,0.060851926977687626,0.48884381338742394,0.5111561866125761,0.5578093306288032,0.4421906693711968,0.027510316368638238,0.40440165061898214,0.10041265474552957,0.08528198074277854,0.12929848693259974,0.08940852819807428,0.052269601100412656,0.0811554332874828,0.030261348005502064
E108_MT_2023,ArcelorMittal,2023,alta,624,0.009155631,0.017274404,0.007802452,0.0015737478,0.006677488,0.0018499411,0.005047218,0.655448717948718,0.3958333333333333,0.041666666666666664,0.5625,0.35416666666666663,0.48166259168704156,0.41075794621026895,0.10757946210268948,0.5427872860635696,0.4572127139364303,0.5794621026894865,0.42053789731051344,0.030448717948717948,0.38782051282051283,0.08173076923076923,0.09935897435897435,0.14903846153846154,0.05448717948717949,0.09134615384615384,0.07051282051282051,0.035256410256410256
E108_MT_2024,ArcelorMittal,2024,alta,243,0.008994674,0.01809912,0.007261107,0.0021843254,0.0039981245,0.00047258794,0.003015966,0.6213991769547325,0.37448559670781895,0.04938271604938271,0.5761316872427984,0.32510288065843623,0.3973509933774834,0.4900662251655629,0.11258278145695365,0.5629139072847682,0.4370860927152318,0.4900662251655629,0.5099337748344371,0.02880658436213992,0.42386831275720166,0.0205761316872428,0.15637860082304528,0.16872427983539096,0.02880658436213992,0.11522633744855967,0.0411522633744856,0.01646090534979424
E109_SOLB_2022,Solvay,2022,densidad,908,0.011063336,0.017158765,0.0076058037,0.0014562219,0.0020903188,0.0017340687,0.0024634183,0.5737885462555066,0.26762114537444937,0.05837004405286344,0.6740088105726872,0.20925110132158592,0.6065259117082533,0.2821497120921305,0.11132437619961612,0.6813819577735125,0.31861804222648754,0.6429942418426103,0.3570057581573896,0.022026431718061675,0.24559471365638766,0.08039647577092511,0.05947136563876652,0.2544052863436123,0.11894273127753303,0.08920704845814978,0.06277533039647577,0.0671806167400881
E109_SOLB_2023,Solvay,2023,densidad,1523,0.016248414,0.0129008265,0.009487492,0.0046112793,0.0016329162,0.0014916726,0.0038465394,0.4865397242284964,0.15364412344057782,0.04005252790544977,0.8063033486539725,0.11359159553512804,0.717948717948718,0.14035087719298245,0.1417004048582996,0.7894736842105263,0.21052631578947367,0.7503373819163293,0.2496626180836707,0.06369008535784636,0.19369665134602757,0.07485226526592252,0.09455022980958634,0.26723571897570586,0.08995403808273145,0.07485226526592252,0.06434668417596848,0.07682206172028891
E109_SOLB_2024,Solvay,2024,densidad,1801,0.019513458,0.013281634,0.0109879775,0.0047415723,0.0022633113,0.0015840845,0.005800056,0.4802887284841755,0.16157690172126596,0.054969461410327596,0.7834536368684064,0.10660744031093836,0.6832369942196532,0.1260115606936416,0.1907514450867052,0.7549132947976879,0.24508670520231213,0.7375722543352601,0.26242774566473986,0.09106052193225986,0.19988895058300943,0.02498611882287618,0.13103831204886174,0.27373681288173235,0.07440310938367574,0.0843975569128262,0.07218212104386452,0.04830649639089395
E110_AKZA_2022,AkzoNobel,2022,densidad,538,0.012639498,0.014063159,0.008613934,0.0007875839,0.0021499372,0.0016026594,0.003492453,0.5204460966542751,0.3271375464684015,0.05947955390334572,0.6133828996282528,0.26765799256505574,0.5892857142857143,0.3107142857142857,0.1,0.5107142857142857,0.48928571428571427,0.5857142857142857,0.4142857142857143,0.01486988847583643,0.2620817843866171,0.08921933085501858,0.08178438661710037,0.25092936802973975,0.07434944237918216,0.07434944237918216,0.09479553903345725,0.05762081784386617
E110_AKZA_2023,AkzoNobel,2023,alta,780,0.014825882,0.015189913,0.0077315257,0.0022459195,0.002775238,0.0011086093,0.0043245098,0.43846153846153846,0.20512820512820512,0.05641025641025641,0.7384615384615385,0.14871794871794872,0.6812865497076024,0.20175438596491227,0.11695906432748537,0.6374269005847953,0.36257309941520466,0.6140350877192983,0.38596491228070173,0.06282051282051282,0.21666666666666667,0.07179487179487179,0.1282051282051282,0.29102564102564105,0.04358974358974359,0.06538461538461539,0.07179487179487179,0.04871794871794872
E110_AKZA_2024,AkzoNobel,2024,alta,1188,0.013071332,0.0119522195,0.008499129,0.002652618,0.0017986466,0.0013266089,0.003867044,0.4823232323232323,0.16077441077441076,0.046296296296296294,0.7929292929292929,0.11447811447811447,0.7486910994764397,0.11518324607329843,0.13612565445026178,0.7172774869109948,0.28272251308900526,0.6631762652705061,0.3368237347294939,0.05723905723905724,0.2138047138047138,0.021043771043771045,0.14562289562289563,0.24326599326599327,0.05723905723905724,0.08417508417508418,0.09259259259259259,0.08501683501683502
E111_BAS_2022,BASF,2022,densidad,433,0.017034352,0.009357631,0.0034580014,0.00639788,0.0017077905,0.00071984035,0.006198836,0.4133949191685912,0.11085450346420324,0.020785219399538105,0.8683602771362586,0.09006928406466513,0.7988826815642458,0.13966480446927373,0.061452513966480445,0.7262569832402235,0.2737430167597765,0.6424581005586593,0.3575418994413408,0.10854503464203233,0.11547344110854503,0.04849884526558892,0.12702078521939955,0.3094688221709007,0.025404157043879907,0.09930715935334873,0.13625866050808313,0.03002309468822171
E111_BAS_2023,BASF,2023,densidad,700,0.0062813167,0.013476589,0.0048760595,0.002184923,0.0016657071,0.0019039118,0.0049251304,0.8642857142857143,0.23285714285714285,0.024285714285714285,0.7428571428571429,0.20857142857142857,0.6082644628099173,0.2991735537190083,0.09256198347107437,0.5785123966942148,0.4214876033057851,0.6165289256198347,0.3834710743801653,0.012857142857142857,0.37285714285714283,0.02142857142857143,0.03142857142857143,0.03857142857142857,0.2914285714285714,0.055714285714285716,0.13142857142857142,0.04428571428571428
E111_BAS_2024,BASF,2024,alta,3356,0.012106848,0.011724647,0.008421165,0.0040035187,0.0019948748,0.0024063513,0.0066855024,0.549165673420739,0.19189511323003575,0.041120381406436236,0.766984505363528,0.15077473182359952,0.6413456321215409,0.21486706456863808,0.14378730330982095,0.695604991861096,0.30439500813890397,0.764514378730331,0.23548562126966902,0.05899880810488677,0.21901072705601907,0.05125148986889154,0.10399284862932062,0.21245530393325388,0.13051251489868892,0.08611442193087009,0.06942789034564958,0.06823599523241955
E112_HEI_2022,Heidelberg Materials,2022,densidad,257,0.012187122,0.0079921875,0.011615163,0.003942737,0.0009684807,0.0047900327,0.0031442805,0.6264591439688716,0.12062256809338522,0.05058365758754864,0.8287937743190662,0.07003891050583658,0.7515527950310559,0.14285714285714285,0.10559006211180125,0.8198757763975155,0.18012422360248448,0.7701863354037267,0.22981366459627328,0.023346303501945526,0.31906614785992216,0.019455252918287938,0.17898832684824903,0.08560311284046693,0.058365758754863814,0.17898832684824903,0.11284046692607004,0.023346303501945526
E112_HEI_2023,Heidelberg Materials,2023,densidad,819,0.010453246,0.016232166,0.006440798,0.002427332,0.0038941707,0.0015427398,0.0044768644,0.6275946275946276,0.2893772893772894,0.026862026862026864,0.6837606837606838,0.2625152625152625,0.4688715953307393,0.41050583657587547,0.12062256809338522,0.5603112840466926,0.4396887159533074,0.6634241245136187,0.33657587548638135,0.04151404151404151,0.2893772893772894,0.07936507936507936,0.054945054945054944,0.20024420024420025,0.1343101343101343,0.06349206349206349,0.10134310134310134,0.03540903540903541
E112_HEI_2024,Heidelberg Materials,2024,densidad,3081,0.01533751,0.010872786,0.012086531,0.005054168,0.00209221,0.0026043775,0.00690997,0.4810126582278481,0.1726712106458942,0.06037000973709834,0.7669587796170074,0.11230120090879585,0.5978407557354926,0.2078272604588394,0.19433198380566802,0.7213225371120108,0.2786774628879892,0.7348178137651822,0.2651821862348178,0.07692307692307693,0.2038299253489127,0.05744888023369036,0.1278805582603051,0.19961051606621227,0.09639727361246349,0.0970464135021097,0.0727036676403765,0.06815968841285297
E113_ACS_2022,ACS Group,2022,alta,212,0.00976123,0.018410627,0.015334627,0.0044591306,0.003756975,0.0046960004,0.007391548,0.41509433962264153,0.35377358490566035,0.06132075471698113,0.5849056603773585,0.29245283018867924,0.6704545454545454,0.18181818181818182,0.14772727272727273,0.5795454545454546,0.42045454545454547,0.7386363636363636,0.26136363636363635,0.018867924528301886,0.2358490566037736,0.02830188679245283,0.1509433962264151,0.2358490566037736,0.0047169811320754715,0.25471698113207547,0.009433962264150943,0.06132075471698113
E113_ACS_2023,ACS Group,2023,alta,432,0.008959696,0.018942919,0.024828414,0.0043406733,0.0052360725,0.0035623806,0.0052535897,0.4791666666666667,0.32175925925925924,0.046296296296296294,0.6319444444444444,0.27546296296296297,0.6135265700483091,0.14492753623188406,0.24154589371980675,0.8164251207729468,0.18357487922705315,0.8164251207729468,0.18357487922705315,0.011574074074074073,0.32407407407407407,0.03009259259259259,0.16666666666666666,0.1550925925925926,0.013888888888888888,0.2222222222222222,0.006944444444444444,0.06944444444444445
E113_ACS_2024,ACS Group,2024,alta,144,0.009887228,0.019606687,0.0029366375,0.0013829358,0.0009547093,0.00061601837,0.0085406415,0.5486111111111112,0.3472222222222222,0.0,0.6527777777777778,0.3472222222222222,0.6582278481012658,0.2911392405063291,0.05063291139240506,0.4430379746835443,0.5569620253164557,0.8354430379746836,0.16455696202531644,0.06944444444444445,0.20833333333333334,0.09722222222222222,0.14583333333333334,0.25,0.09027777777777778,0.05555555555555555,0.034722222222222224,0.04861111111111111
E114_SGO_2022,Saint-Gobain,2022,densidad,367,0.004748985,0.020581117,0.0036521263,0.00095423847,0.002628353,0.0024571605,0.0035415676,0.4332425068119891,0.4114441416893733,0.01907356948228883,0.5694822888283378,0.3923705722070845,0.44654088050314467,0.5220125786163522,0.031446540880503145,0.6855345911949685,0.31446540880503143,0.7232704402515723,0.27672955974842767,0.02997275204359673,0.21525885558583105,0.1553133514986376,0.08174386920980926,0.21798365122615804,0.03814713896457766,0.07901907356948229,0.07629427792915532,0.10626702997275204
E114_SGO_2023,Saint-Gobain,2023,alta,1130,0.008740924,0.013413732,0.011487787,0.00211709,0.0027749457,0.003023107,0.004644003,0.5504424778761062,0.2150442477876106,0.020353982300884955,0.7646017699115044,0.19469026548672566,0.4887459807073955,0.3520900321543408,0.15916398713826366,0.6141479099678456,0.3858520900321543,0.770096463022508,0.22990353697749197,0.02920353982300885,0.25398230088495577,0.1168141592920354,0.05575221238938053,0.2327433628318584,0.061946902654867256,0.046902654867256637,0.13274336283185842,0.06991150442477877
E114_SGO_2024,Saint-Gobain,2024,alta,2077,0.0101883635,0.01037301,0.011525968,0.0029099418,0.0027363766,0.0027666066,0.0042269207,0.5397207510832932,0.15214251324025035,0.0274434280211844,0.8204140587385652,0.12469908521906595,0.6110615521855486,0.23907225691347012,0.14986619090098127,0.727921498661909,0.272078501338091,0.7564674397859055,0.24353256021409456,0.04044294655753491,0.24410207029369282,0.07125662012518055,0.10495907558979298,0.22869523350987,0.06884930187770823,0.0693307655272027,0.11795859412614347,0.05440539239287434
E115_FER_2022,Ferrovial,2022,densidad,228,0.021234699,0.012574235,0.021325411,0.0045899735,0.0027496573,0.0009012442,0.0043630074,0.4342105263157895,0.021929824561403508,0.043859649122807015,0.9342105263157895,-0.021929824561403508,0.7171717171717171,0.10101010101010101,0.18181818181818182,0.9393939393939394,0.06060606060606061,0.7474747474747475,0.25252525252525254,0.06140350877192982,0.2324561403508772,0.04824561403508772,0.17543859649122806,0.2324561403508772,0.04824561403508772,0.11842105263157894,0.039473684210526314,0.043859649122807015
E115_FER_2023,Ferrovial,2023,alta,20,0.0028298204,0.0070721544,0.0036868688,0.0008196721,0.0,0.0,0.002752976,0.65,0.15,0.0,0.85,0.15,0.9230769230769231,0.07692307692307693,0.0,0.7692307692307693,0.23076923076923078,1.0,0.0,0.1,0.2,0.05,0.5,0.05,0.05,0.0,0.0,0.05
E115_FER_2024,Ferrovial,2024,densidad,317,0.026057484,0.030520488,0.01695401,0.0083561875,0.002080331,0.002464221,0.0069546453,0.444794952681388,0.277602523659306,0.10725552050473186,0.6151419558359621,0.17034700315457413,0.46099290780141844,0.2695035460992908,0.2695035460992908,0.8439716312056738,0.15602836879432624,0.9787234042553191,0.02127659574468085,0.08832807570977919,0.20189274447949526,0.08201892744479496,0.22712933753943218,0.1608832807570978,0.05993690851735016,0.1167192429022082,0.015772870662460567,0.0473186119873817
E116_WIE_2022,Wienerberger,2022,alta,2464,0.009969371,0.013450543,0.00795152,0.0046843984,0.0024076053,0.00399061,0.0032361373,0.5503246753246753,0.18993506493506493,0.05925324675324675,0.7508116883116883,0.13068181818181818,0.5936578171091446,0.3230088495575221,0.08333333333333333,0.7389380530973452,0.2610619469026549,0.6887905604719764,0.3112094395280236,0.048701298701298704,0.255275974025974,0.04220779220779221,0.12094155844155845,0.20089285714285715,0.1038961038961039,0.11323051948051949,0.07589285714285714,0.03896103896103896
E116_WIE_2023,Wienerberger,2023,densidad,323,0.004873286,0.016462335,0.005917851,0.0011264804,0.0033528963,0.004414989,0.0015625483,0.8328173374613003,0.25696594427244585,0.09287925696594428,0.6501547987616099,0.16408668730650156,0.6505576208178439,0.3048327137546468,0.04460966542750929,0.7137546468401487,0.2862453531598513,0.5427509293680297,0.45724907063197023,0.0030959752321981426,0.5758513931888545,0.006191950464396285,0.018575851393188854,0.01238390092879257,0.20123839009287925,0.11455108359133127,0.034055727554179564,0.034055727554179564
E116_WIE_2024,Wienerberger,2024,densidad,1634,0.011385329,0.014729398,0.009002738,0.0046296204,0.0032180096,0.0014748733,0.005962193,0.5373317013463892,0.16523867809057527,0.028151774785801713,0.806609547123623,0.13708690330477355,0.6822323462414579,0.1947608200455581,0.12300683371298406,0.6993166287015945,0.30068337129840544,0.7494305239179955,0.2505694760820046,0.05385556915544676,0.23806609547123622,0.019583843329253364,0.13769889840881272,0.20685434516523868,0.11995104039167687,0.0795593635250918,0.10159118727050184,0.042839657282741736
E117_BEI_2022,Beiersdorf,2022,densidad,1149,0.0056105545,0.017054444,0.0035284024,0.00097186584,0.0014382327,0.0010509916,0.003799053,0.42036553524804177,0.27067014795474326,0.0278503046127067,0.70147954743255,0.24281984334203655,0.7246376811594203,0.2194616977225673,0.055900621118012424,0.5693581780538303,0.4306418219461698,0.6314699792960663,0.36853002070393376,0.016536118363794605,0.18276762402088773,0.10008703220191471,0.09051348999129678,0.33768494342906874,0.08093994778067885,0.0557006092254134,0.08093994778067885,0.05483028720626632
E117_BEI_2023,Beiersdorf,2023,alta,2191,0.0105519565,0.0133967865,0.00986209,0.0032642765,0.0024409958,0.0019643474,0.0048693176,0.29347329986307624,0.2665449566408033,0.07439525330899133,0.6590597900502054,0.19214970333181197,0.71850699844479,0.2115085536547434,0.06998444790046657,0.6034214618973561,0.3965785381026439,0.6609642301710731,0.3390357698289269,0.040164308534915566,0.11775445002282063,0.05568233683249658,0.20219078046554084,0.13692377909630304,0.06070287539936102,0.2720219078046554,0.054313099041533544,0.06024646280237335
E117_BEI_2024,Beiersdorf,2024,alta,2681,0.014736914,0.013375693,0.0068676523,0.0039666235,0.0020047722,0.0017281694,0.00538525,0.3659082431928385,0.20290936217829167,0.07609101081685939,0.720999627004849,0.12681835136143227,0.7196738022426096,0.12232415902140673,0.1580020387359837,0.6717635066258919,0.32823649337410804,0.781855249745158,0.218144750254842,0.06676613204028348,0.13390525923163,0.047743379336068634,0.11488250652741515,0.22118612458038045,0.09809772472957852,0.19097351734427453,0.05184632599776203,0.07459903021260723
E118_MONC_2022,Moncler,2022,densidad,96,0.0024366046,0.01524565,0.0025474343,0.006161013,0.0013649849,0.0006345922,0.004546219,0.2708333333333333,0.28125,0.041666666666666664,0.6770833333333334,0.23958333333333334,0.8076923076923077,0.19230769230769232,0.0,0.6153846153846154,0.38461538461538464,0.9230769230769231,0.07692307692307693,0.052083333333333336,0.10416666666666667,0.16666666666666666,0.13541666666666666,0.4166666666666667,0.0625,0.020833333333333332,0.020833333333333332,0.020833333333333332
E118_MONC_2023,Moncler,2023,densidad_baja,57,0.004598171,0.018446894,0.002920533,0.0029448625,0.002719155,0.00046168052,0.008637545,0.543859649122807,0.3333333333333333,0.0,0.6666666666666666,0.3333333333333333,0.8064516129032258,0.1935483870967742,0.0,0.6451612903225806,0.3548387096774194,0.9032258064516129,0.0967741935483871,0.017543859649122806,0.17543859649122806,0.17543859649122806,0.24561403508771928,0.22807017543859648,0.03508771929824561,0.03508771929824561,0.03508771929824561,0.05263157894736842
E118_MONC_2024,Moncler,2024,alta,12,0.0,0.015677722,0.0016666666,0.0,0.0054545454,0.0,0.0,0.0,0.3333333333333333,0.08333333333333333,0.5833333333333334,0.25,,,,,,,,0.0,0.0,0.0,0.0,0.0,0.0,0.8333333333333334,0.08333333333333333,0.08333333333333333
E119_HLI_2022,Haleon,2022,densidad,693,0.0076624057,0.018375773,0.013358768,0.004911438,0.0031229923,0.0017741208,0.004697374,0.36363636363636365,0.31313131313131315,0.024531024531024532,0.6623376623376623,0.28860028860028863,0.6309523809523809,0.10714285714285714,0.2619047619047619,0.6587301587301587,0.3412698412698413,0.7738095238095238,0.2261904761904762,0.049062049062049064,0.227994227994228,0.06926406926406926,0.1471861471861472,0.21356421356421357,0.046176046176046176,0.1341991341991342,0.023088023088023088,0.08946608946608947
E119_HLI_2023,Haleon,2023,densidad,430,0.013156924,0.01816162,0.018663717,0.0010732124,0.0029398596,0.0017421606,0.003978425,0.5186046511627908,0.27674418604651163,0.07209302325581396,0.6511627906976745,0.20465116279069767,0.6188340807174888,0.07174887892376682,0.3094170403587444,0.7219730941704036,0.27802690582959644,0.7399103139013453,0.2600896860986547,0.03255813953488372,0.30697674418604654,0.03953488372093023,0.12558139534883722,0.16511627906976745,0.06511627906976744,0.1372093023255814,0.03255813953488372,0.09534883720930233
E119_HLI_2024,Haleon,2024,alta,802,0.015601995,0.018130604,0.0194263,0.0024301326,0.0014100283,0.0019159217,0.0034790027,0.3329177057356609,0.3179551122194514,0.1084788029925187,0.57356608478803,0.20947630922693267,0.5842696629213483,0.09363295880149813,0.32209737827715357,0.7303370786516854,0.2696629213483146,0.7490636704119851,0.250936329588015,0.011221945137157107,0.16957605985037408,0.028678304239401497,0.1546134663341646,0.07107231920199501,0.04114713216957606,0.4164588528678304,0.032418952618453865,0.07481296758104738
E120_PUM_2022,Puma,2022,densidad,592,0.0058337837,0.009492282,0.005950799,0.002207578,0.004675703,0.001545616,0.0029082668,0.7263513513513513,0.20945945945945946,0.030405405405405407,0.7601351351351351,0.17905405405405406,0.727906976744186,0.20930232558139536,0.06279069767441861,0.5,0.5,0.4627906976744186,0.5372093023255814,0.02702702702702703,0.17736486486486486,0.04222972972972973,0.0777027027027027,0.052364864864864864,0.19932432432432431,0.08108108108108109,0.2652027027027027,0.0777027027027027
E120_PUM_2023,Puma,2023,densidad,56,0.0037706413,0.002795071,0.0011904762,0.00501942,0.0053059687,0.0011904762,0.0010820738,0.8392857142857143,0.07142857142857142,0.0,0.9285714285714286,0.07142857142857142,0.8085106382978723,0.19148936170212766,0.0,0.6382978723404256,0.3617021276595745,0.574468085106383,0.425531914893617,0.017857142857142856,0.6071428571428571,0.03571428571428571,0.017857142857142856,0.03571428571428571,0.08928571428571429,0.125,0.03571428571428571,0.03571428571428571
E120_PUM_2024,Puma,2024,densidad,1717,0.011063907,0.013600198,0.008297087,0.0030423105,0.0026318792,0.0015130194,0.0034917353,0.5497961560861968,0.18520675596971461,0.0425160163075131,0.7722772277227723,0.14269073966220153,0.739406779661017,0.10911016949152542,0.15148305084745764,0.6260593220338984,0.3739406779661017,0.715042372881356,0.2849576271186441,0.0401863715783343,0.22481071636575423,0.030285381479324403,0.1147350029120559,0.22888759464181713,0.1019219569015725,0.0844496214327315,0.11706464764123471,0.05765870704717531
E121_GAW_2022,Games Workshop,2022,densidad,111,0.0107462695,0.014173901,0.037937086,0.0,0.006102377,0.007714832,0.004798979,0.7207207207207207,0.1891891891891892,0.0990990990990991,0.7117117117117117,0.0900900900900901,0.6125,0.025,0.3625,0.9125,0.0875,0.825,0.175,0.018018018018018018,0.5675675675675675,0.018018018018018018,0.15315315315315314,0.04504504504504504,0.018018018018018018,0.0990990990990991,0.036036036036036036,0.04504504504504504
E121_GAW_2023,Games Workshop,2023,densidad,162,0.007539493,0.01219464,0.030882433,0.0,0.0052567087,0.006328526,0.0020831975,0.7407407407407407,0.18518518518518517,0.05555555555555555,0.7592592592592593,0.12962962962962962,0.625,0.03333333333333333,0.3416666666666667,0.875,0.125,0.7583333333333333,0.24166666666666667,0.018518518518518517,0.5679012345679012,0.012345679012345678,0.12962962962962962,0.037037037037037035,0.012345679012345678,0.09876543209876543,0.09259259259259259,0.030864197530864196
E121_GAW_2024,Games Workshop,2024,densidad,161,0.011556208,0.015696444,0.03622086,0.00084540277,0.0047414275,0.005665319,0.0025167959,0.7080745341614907,0.22981366459627328,0.037267080745341616,0.7329192546583851,0.19254658385093165,0.49122807017543857,0.10526315789473684,0.40350877192982454,0.7894736842105263,0.21052631578947367,0.7456140350877193,0.2543859649122807,0.018633540372670808,0.5714285714285714,0.0,0.13043478260869565,0.062111801242236024,0.012422360248447204,0.11801242236024845,0.062111801242236024,0.024844720496894408
E122_SHEL_2022,Shell plc,2022,alta,1631,0.010160228,0.011444465,0.011500078,0.0052197073,0.0040105865,0.0035842762,0.004387961,0.1759656652360515,0.1637032495401594,0.043531575720416923,0.7927651747394237,0.12017167381974249,0.6898954703832753,0.156794425087108,0.15331010452961671,0.7282229965156795,0.27177700348432055,0.7560975609756098,0.24390243902439024,0.03801348865726548,0.10361741263028816,0.014101778050275904,0.5695892090741876,0.11404046597179644,0.0006131207847946045,0.15021459227467812,0.0018393623543838135,0.00797057020232986
E122_SHEL_2023,Shell plc,2023,alta,1398,0.011642205,0.009856506,0.0124838585,0.005731958,0.0032732727,0.0039238157,0.004932338,0.14949928469241774,0.13304721030042918,0.04363376251788269,0.8233190271816881,0.08941344778254649,0.7272727272727273,0.11483253588516747,0.15789473684210525,0.7655502392344498,0.23444976076555024,0.7416267942583732,0.2583732057416268,0.03934191702432046,0.08655221745350501,0.012160228898426323,0.5908440629470673,0.1072961373390558,0.001430615164520744,0.148068669527897,0.00357653791130186,0.01072961373390558
E122_SHEL_2024,Shell plc,2024,densidad_baja,138,0.0046224794,0.006512052,0.019147957,0.001596148,0.007267819,0.0054634525,0.0061568855,0.6739130434782609,0.09420289855072464,0.17391304347826086,0.7318840579710145,-0.07971014492753623,0.6774193548387096,0.043010752688172046,0.27956989247311825,0.9139784946236559,0.08602150537634409,0.5806451612903226,0.41935483870967744,0.0,0.4057971014492754,0.0,0.028985507246376812,0.0,0.0,0.5652173913043478,0.0,0.0
E123_ENI_2022,Eni,2022,densidad_baja,42,0.013362738,0.0018239458,0.007869806,0.005915183,0.0014109347,0.0059167654,0.0031369808,0.0,0.07142857142857142,0.047619047619047616,0.8809523809523809,0.023809523809523808,,,,,,,,0.023809523809523808,0.0,0.0,0.6904761904761905,0.09523809523809523,0.0,0.19047619047619047,0.0,0.0
E123_ENI_2023,Eni,2023,densidad_baja,48,0.012105398,0.0041768025,0.010086936,0.0034289612,0.00086805556,0.004816747,0.0037282908,0.0,0.041666666666666664,0.020833333333333332,0.9375,0.020833333333333332,,,,,,,,0.0,0.0,0.020833333333333332,0.7916666666666666,0.0625,0.0,0.125,0.0,0.0
E123_ENI_2024,Eni,2024,densidad_baja,78,0.014390592,0.012178273,0.0025364351,0.0075486074,0.0019716395,0.0021236385,0.0047794078,0.0641025641025641,0.16666666666666666,0.02564102564102564,0.8076923076923077,0.14102564102564102,0.8,0.2,0.0,0.6,0.4,1.0,0.0,0.0641025641025641,0.0,0.038461538461538464,0.5769230769230769,0.02564102564102564,0.01282051282051282,0.24358974358974358,0.02564102564102564,0.01282051282051282
E124_GALP_2022,Galp Energia,2022,densidad,677,0.016171912,0.012237067,0.006671299,0.0038593337,0.0014145892,0.00056825107,0.0035052362,0.4711964549483013,0.0620384047267356,0.023633677991137372,0.914327917282127,0.03840472673559823,0.786833855799373,0.09717868338557993,0.11598746081504702,0.8808777429467085,0.11912225705329153,0.7962382445141066,0.20376175548589343,0.12703101920236337,0.2378138847858198,0.04431314623338257,0.13884785819793205,0.22895125553914328,0.03988183161004431,0.1019202363367799,0.04283604135893648,0.03840472673559823
E124_GALP_2023,Galp Energia,2023,densidad,773,0.019048454,0.009515098,0.0069548464,0.00398007,0.0010264033,0.00060157833,0.003810952,0.463130659767141,0.0685640362225097,0.037516170763260026,0.8939197930142303,0.031047865459249674,0.8016759776536313,0.08379888268156424,0.11452513966480447,0.9134078212290503,0.08659217877094973,0.8044692737430168,0.19553072625698323,0.12160413971539456,0.222509702457956,0.04915912031047866,0.1203104786545925,0.23803363518758086,0.047865459249676584,0.10478654592496765,0.05304010349288486,0.042690815006468305
E124_GALP_2024,Galp Energia,2024,alta,1043,0.017659573,0.018433435,0.014443039,0.004464846,0.0022510781,0.0015321975,0.004823414,0.5234899328859061,0.20901246404602108,0.046021093000958774,0.7449664429530202,0.1629913710450623,0.6135531135531136,0.21428571428571427,0.17216117216117216,0.8058608058608059,0.19413919413919414,0.6996336996336996,0.30036630036630035,0.05560882070949185,0.24544582933844677,0.04218600191754554,0.137104506232023,0.20709491850431447,0.08245445829338446,0.16490891658676893,0.03547459252157239,0.029721955896452542
E125_ENX_2022,Euronext,2022,densidad,713,0.00946275,0.013497137,0.004791476,0.007043476,0.0032208995,0.0015609177,0.0047328933,0.2903225806451613,0.22861150070126227,0.023842917251051893,0.7475455820476858,0.20476858345021037,0.6376811594202898,0.34782608695652173,0.014492753623188406,0.6859903381642513,0.3140096618357488,0.7922705314009661,0.20772946859903382,0.09256661991584852,0.14726507713884993,0.10518934081346423,0.20897615708274894,0.2608695652173913,0.0182328190743338,0.10098176718092566,0.008415147265077139,0.05750350631136045
E125_ENX_2023,Euronext,2023,alta,813,0.010328433,0.014077984,0.0037374892,0.006216242,0.0035570422,0.0010779814,0.004305063,0.3198031980319803,0.25338253382533826,0.033210332103321034,0.7134071340713407,0.22017220172201724,0.6884615384615385,0.3,0.011538461538461539,0.6807692307692308,0.3192307692307692,0.7807692307692308,0.21923076923076923,0.06273062730627306,0.14760147601476015,0.11931119311193111,0.18327183271832717,0.2902829028290283,0.01845018450184502,0.12792127921279212,0.004920049200492005,0.04551045510455105
E125_ENX_2024,Euronext,2024,alta,1106,0.013752556,0.013219487,0.0067665423,0.0053683943,0.0018277315,0.0012916608,0.0060671205,0.36075949367088606,0.19981916817359854,0.0379746835443038,0.7622061482820977,0.16184448462929474,0.7443609022556391,0.21052631578947367,0.045112781954887216,0.7844611528822055,0.21553884711779447,0.8370927318295739,0.16290726817042606,0.08770343580470162,0.22513562386980107,0.05244122965641953,0.17902350813743217,0.33273056057866185,0.013562386980108499,0.09132007233273057,0.0027124773960217,0.015370705244122965
E126_IGGI_2022,IG Group,2022,densidad,161,0.0055588013,0.021447679,0.009528764,0.00070797233,0.005439619,0.0014489043,0.003209113,0.42857142857142855,0.33540372670807456,0.024844720496894408,0.639751552795031,0.31055900621118016,0.7971014492753623,0.14492753623188406,0.057971014492753624,0.5072463768115942,0.4927536231884058,0.6811594202898551,0.3188405797101449,0.037267080745341616,0.2857142857142857,0.19254658385093168,0.06832298136645963,0.2795031055900621,0.006211180124223602,0.049689440993788817,0.006211180124223602,0.07453416149068323
E126_IGGI_2023,IG Group,2023,densidad,195,0.0041517187,0.022124844,0.007689857,0.0012254206,0.0059032985,0.0015421286,0.0044925422,0.3641025641025641,0.30256410256410254,0.015384615384615385,0.6820512820512821,0.28717948717948716,0.8028169014084507,0.09859154929577464,0.09859154929577464,0.6619718309859155,0.3380281690140845,0.6901408450704225,0.30985915492957744,0.046153846153846156,0.21025641025641026,0.13333333333333333,0.18461538461538463,0.2358974358974359,0.005128205128205128,0.11282051282051282,0.0,0.07179487179487179
E126_IGGI_2024,IG Group,2024,densidad,113,0.017194966,0.014498613,0.02770208,0.0027194943,0.004232565,0.0018444774,0.00586546,0.6106194690265486,0.25663716814159293,0.05309734513274336,0.6902654867256637,0.20353982300884957,0.5797101449275363,0.10144927536231885,0.3188405797101449,0.6666666666666666,0.3333333333333333,0.7101449275362319,0.2898550724637681,0.11504424778761062,0.45132743362831856,0.02654867256637168,0.168141592920354,0.09734513274336283,0.008849557522123894,0.10619469026548672,0.0,0.02654867256637168
E127_FLOW_2022,Flow Traders,2022,densidad,75,0.0046487115,0.011431928,0.011198982,0.007865874,0.0045212563,0.0014827577,0.004150799,0.44,0.06666666666666667,0.013333333333333334,0.92,0.05333333333333333,0.7878787878787878,0.21212121212121213,0.0,0.9090909090909091,0.09090909090909091,0.9090909090909091,0.09090909090909091,0.04,0.08,0.12,0.3333333333333333,0.13333333333333333,0.0,0.25333333333333335,0.013333333333333334,0.02666666666666667
E127_FLOW_2023,Flow Traders,2023,alta,332,0.009535937,0.020268545,0.007859276,0.005556054,0.0064449003,0.0008492117,0.0040756734,0.19879518072289157,0.25903614457831325,0.030120481927710843,0.7108433734939759,0.22891566265060243,0.696969696969697,0.25757575757575757,0.045454545454545456,0.7727272727272727,0.22727272727272727,0.8333333333333334,0.16666666666666666,0.08433734939759036,0.11746987951807229,0.09036144578313253,0.19578313253012047,0.33433734939759036,0.0030120481927710845,0.07228915662650602,0.0,0.10240963855421686
E127_FLOW_2024,Flow Traders,2024,alta,280,0.018511027,0.022010867,0.0072314627,0.006580287,0.004110999,0.00042573208,0.0070462744,0.2714285714285714,0.22857142857142856,0.017857142857142856,0.7535714285714286,0.21071428571428572,0.881578947368421,0.039473684210526314,0.07894736842105263,0.868421052631579,0.13157894736842105,0.7368421052631579,0.2631578947368421,0.1357142857142857,0.12142857142857143,0.039285714285714285,0.2392857142857143,0.30714285714285716,0.014285714285714285,0.07857142857142857,0.007142857142857143,0.05714285714285714
E128_NESN_2022,Nestlé,2022,alta,5,0.0008403362,0.010521008,0.0,0.0,0.0,0.0,0.01837535,0.6,0.4,0.0,0.6,0.4,1.0,0.0,0.0,0.6666666666666666,0.3333333333333333,0.6666666666666666,0.3333333333333333,0.0,0.2,0.0,0.6,0.2,0.0,0.0,0.0,0.0
E128_NESN_2023,Nestlé,2023,densidad_baja,47,0.0016063527,0.039991107,0.002730763,0.0014184398,0.0015197569,0.0,0.005921878,0.2127659574468085,0.574468085106383,0.02127659574468085,0.40425531914893614,0.5531914893617021,0.6,0.4,0.0,0.3,0.7,0.7,0.3,0.0,0.0425531914893617,0.2765957446808511,0.1702127659574468,0.14893617021276595,0.0425531914893617,0.10638297872340426,0.06382978723404255,0.14893617021276595
E128_NESN_2024,Nestlé,2024,densidad,44,0.031711575,0.018398969,0.023685269,0.0040099304,0.0012626263,0.0,0.012658131,0.4772727272727273,0.11363636363636363,0.18181818181818182,0.7045454545454546,-0.06818181818181819,0.38095238095238093,0.047619047619047616,0.5714285714285714,0.9047619047619048,0.09523809523809523,1.0,0.0,0.06818181818181818,0.18181818181818182,0.0,0.3181818181818182,0.09090909090909091,0.13636363636363635,0.13636363636363635,0.0,0.06818181818181818
E129_RCO_2022,Rémy Cointreau,2022,densidad,543,0.0075148414,0.011404121,0.0035231854,0.0025253354,0.0029658943,0.0016071704,0.004687565,0.6961325966850829,0.29097605893186,0.034990791896869246,0.6740331491712708,0.25598526703499075,0.6746031746031746,0.2830687830687831,0.042328042328042326,0.5370370370370371,0.46296296296296297,0.5343915343915344,0.4656084656084656,0.029465930018416207,0.27808471454880296,0.09760589318600368,0.09760589318600368,0.17679558011049723,0.11602209944751381,0.06077348066298342,0.13627992633517497,0.007366482504604052
E129_RCO_2023,Rémy Cointreau,2023,densidad,392,0.015820455,0.016062168,0.009789726,0.0034493122,0.0024073755,0.0032101593,0.0049616457,0.5204081632653061,0.17857142857142858,0.05357142857142857,0.7678571428571429,0.125,0.6813725490196079,0.20098039215686275,0.11764705882352941,0.7549019607843137,0.24509803921568626,0.8725490196078431,0.12745098039215685,0.07142857142857142,0.1836734693877551,0.07653061224489796,0.15306122448979592,0.21428571428571427,0.11479591836734694,0.05102040816326531,0.05612244897959184,0.07908163265306123
E129_RCO_2024,Rémy Cointreau,2024,densidad,395,0.012033112,0.015873533,0.009528707,0.004696247,0.0019963742,0.0026850875,0.006144748,0.5518987341772152,0.1848101265822785,0.07088607594936709,0.7443037974683544,0.1139240506329114,0.6651376146788991,0.20642201834862386,0.12844036697247707,0.7431192660550459,0.25688073394495414,0.8623853211009175,0.13761467889908258,0.07341772151898734,0.1569620253164557,0.0810126582278481,0.1670886075949367,0.2,0.15443037974683543,0.060759493670886074,0.05063291139240506,0.05569620253164557
E130_CCH_2022,Coca-Cola HBC,2022,alta,14,0.013105591,0.025020706,0.0031055901,0.0,0.003968254,0.0,0.011128866,0.7142857142857143,0.35714285714285715,0.0,0.6428571428571429,0.35714285714285715,0.7,0.1,0.2,0.2,0.8,0.9,0.1,0.07142857142857142,0.42857142857142855,0.07142857142857142,0.07142857142857142,0.07142857142857142,0.07142857142857142,0.14285714285714285,0.0,0.07142857142857142
E130_CCH_2023,Coca-Cola HBC,2023,alta,628,0.0072467206,0.017995125,0.0066890093,0.0016052412,0.0037601548,0.001143417,0.005506539,0.535031847133758,0.35987261146496813,0.02388535031847134,0.6162420382165605,0.3359872611464968,0.6279761904761905,0.31547619047619047,0.05654761904761905,0.33630952380952384,0.6636904761904762,0.3869047619047619,0.6130952380952381,0.01910828025477707,0.21656050955414013,0.08280254777070063,0.01751592356687898,0.26910828025477707,0.12420382165605096,0.05573248407643312,0.11305732484076433,0.10191082802547771
E130_CCH_2024,Coca-Cola HBC,2024,densidad,2905,0.010419186,0.014952831,0.009359546,0.003318242,0.0020280245,0.00097504316,0.006007003,0.49707401032702236,0.26161790017211706,0.022719449225473323,0.7156626506024096,0.23889845094664375,0.6655124653739612,0.17520775623268697,0.1592797783933518,0.6301939058171745,0.3698060941828255,0.7042936288088643,0.29570637119113574,0.03855421686746988,0.18932874354561102,0.0423407917383821,0.13975903614457832,0.22650602409638554,0.11772805507745267,0.10567986230636833,0.09294320137693632,0.04716006884681583
E131_TEV_2022,Teva Pharmaceutical Industries,2022,densidad,78,0.016503038,0.03158063,0.0063429,0.0025866344,0.0048516253,0.000425402,0.0021403392,0.19230769230769232,0.5897435897435898,0.01282051282051282,0.3974358974358974,0.576923076923077,0.26666666666666666,0.5333333333333333,0.2,0.6666666666666666,0.3333333333333333,1.0,0.0,0.02564102564102564,0.038461538461538464,0.11538461538461539,0.15384615384615385,0.07692307692307693,0.14102564102564102,0.3076923076923077,0.038461538461538464,0.10256410256410256
E131_TEV_2023,Teva Pharmaceutical Industries,2023,densidad_baja,92,0.056506686,0.0012702728,0.00884797,0.07491328,0.0052026086,0.001748578,0.0034849877,0.5,0.07608695652173914,0.358695652173913,0.5652173913043478,-0.2826086956521739,0.30434782608695654,0.021739130434782608,0.6739130434782609,0.782608695652174,0.21739130434782608,0.3695652173913043,0.6304347826086957,0.10869565217391304,0.010869565217391304,0.010869565217391304,0.05434782608695652,0.0,0.21739130434782608,0.41304347826086957,0.14130434782608695,0.043478260869565216
E131_TEV_2024,Teva Pharmaceutical Industries,2024,densidad_baja,61,0.039129194,0.005478472,0.039273728,0.020412091,0.0017452933,0.027614431,0.018527675,0.5409836065573771,0.04918032786885246,0.5573770491803278,0.39344262295081966,-0.5081967213114753,0.3333333333333333,0.0,0.6666666666666666,0.8787878787878788,0.12121212121212122,0.9393939393939394,0.06060606060606061,0.13114754098360656,0.11475409836065574,0.01639344262295082,0.21311475409836064,0.08196721311475409,0.03278688524590164,0.2786885245901639,0.06557377049180328,0.06557377049180328
E132_ESLX_2022,EssilorLuxottica,2022,densidad,486,0.014449245,0.009485037,0.007013958,0.0075662583,0.002729457,0.0014923551,0.0056829024,0.257201646090535,0.19135802469135801,0.030864197530864196,0.7777777777777778,0.16049382716049382,0.824,0.08,0.096,0.816,0.184,0.752,0.248,0.13786008230452676,0.11728395061728394,0.07818930041152264,0.12757201646090535,0.4053497942386831,0.00823045267489712,0.09053497942386832,0.00411522633744856,0.030864197530864196
E132_ESLX_2023,EssilorLuxottica,2023,densidad,666,0.011948462,0.015151641,0.0091903815,0.0046347715,0.0015592305,0.002830907,0.004774015,0.6426426426426426,0.32882882882882886,0.06006006006006006,0.6111111111111112,0.2687687687687688,0.5560747663551402,0.32009345794392524,0.12383177570093458,0.5887850467289719,0.411214953271028,0.6728971962616822,0.32710280373831774,0.05855855855855856,0.2852852852852853,0.04354354354354354,0.1036036036036036,0.11561561561561562,0.05555555555555555,0.08858858858858859,0.14114114114114115,0.10810810810810811
E132_ESLX_2024,EssilorLuxottica,2024,alta,1239,0.0049547865,0.029105239,0.0017912673,0.0006687678,0.0020910795,0.0006409432,0.0022496483,0.09120258272800645,0.4043583535108959,0.011299435028248588,0.5843422114608555,0.3930589184826473,0.23893805309734514,0.7522123893805309,0.008849557522123894,0.39823008849557523,0.6017699115044248,0.6460176991150443,0.35398230088495575,0.01775625504439064,0.031476997578692496,0.22195318805488298,0.010492332526230832,0.0847457627118644,0.018563357546408393,0.3615819209039548,0.03470540758676352,0.21872477804681195
E133_SNY_2022,Sanofi,2022,densidad_baja,236,0.00463183,0.009498983,0.010232659,0.0062648696,0.0006364928,0.0045734816,0.0019645537,0.05084745762711865,0.059322033898305086,0.012711864406779662,0.9279661016949152,0.046610169491525424,1.0,0.0,0.0,0.8333333333333334,0.16666666666666666,0.75,0.25,0.01694915254237288,0.012711864406779662,0.00847457627118644,0.6610169491525424,0.1694915254237288,0.0,0.1228813559322034,0.0,0.00847457627118644
E133_SNY_2023,Sanofi,2023,densidad,174,0.0059807156,0.00772323,0.008585234,0.00897084,0.0003591954,0.0026050603,0.0048955167,0.10344827586206896,0.040229885057471264,0.017241379310344827,0.9425287356321839,0.022988505747126436,0.9444444444444444,0.0,0.05555555555555555,0.8888888888888888,0.1111111111111111,0.9444444444444444,0.05555555555555555,0.017241379310344827,0.011494252873563218,0.011494252873563218,0.5919540229885057,0.22413793103448276,0.0,0.13793103448275862,0.0,0.005747126436781609
E133_SNY_2024,Sanofi,2024,densidad,179,0.004563274,0.007840088,0.006526369,0.0077972226,9.310988e-05,0.0019316525,0.002948087,0.11731843575418995,0.0223463687150838,0.01675977653631285,0.9608938547486033,0.005586592178770951,0.9047619047619048,0.047619047619047616,0.047619047619047616,0.9047619047619048,0.09523809523809523,0.9523809523809523,0.047619047619047616,0.0335195530726257,0.00558659217877095,0.00558659217877095,0.5865921787709497,0.21787709497206703,0.0,0.1340782122905028,0.0,0.01675977653631285
E134_NOV N_2022,Novartis,2022,densidad_baja,11,0.005536077,0.013979638,0.0018705575,0.011994793,9.3527866e-05,9.3527866e-05,0.02919206,0.09090909090909091,0.09090909090909091,0.0,0.9090909090909091,0.09090909090909091,1.0,0.0,0.0,1.0,0.0,1.0,0.0,0.18181818181818182,0.0,0.0,0.8181818181818182,0.0,0.0,0.0,0.0,0.0
E134_NOV N_2023,Novartis,2023,densidad_baja,15,0.0069501232,0.01077249,0.0035767169,0.010727919,0.0001846722,0.00021231423,0.025010508,0.13333333333333333,0.13333333333333333,0.0,0.8666666666666667,0.13333333333333333,1.0,0.0,0.0,1.0,0.0,1.0,0.0,0.06666666666666667,0.0,0.0,0.9333333333333333,0.0,0.0,0.0,0.0,0.0
E134_NOV N_2024,Novartis,2024,densidad_baja,92,0.002494766,0.013055178,0.011336274,0.0022739575,0.0028856734,0.00041806023,0.009200593,0.010869565217391304,0.2391304347826087,0.010869565217391304,0.75,0.2282608695652174,1.0,0.0,0.0,1.0,0.0,1.0,0.0,0.0,0.010869565217391304,0.010869565217391304,0.34782608695652173,0.021739130434782608,0.0,0.5978260869565217,0.0,0.010869565217391304
E135_FME_2022,Fresenius Medical Care,2022,alta,4375,0.011616587,0.0136714075,0.009844404,0.0054012854,0.0031422724,0.0024580199,0.006314728,0.14285714285714285,0.19131428571428571,0.06308571428571429,0.7456,0.12822857142857141,0.7504,0.0976,0.152,0.7728,0.2272,0.8032,0.1968,0.056914285714285716,0.060571428571428575,0.06948571428571429,0.15817142857142857,0.2651428571428571,0.02262857142857143,0.23382857142857144,0.024,0.10925714285714286
E135_FME_2023,Fresenius Medical Care,2023,alta,3545,0.011445679,0.01368221,0.011541358,0.006300114,0.0024583046,0.0026905455,0.0061869677,0.12101551480959097,0.16417489421720732,0.05895627644569817,0.7768688293370944,0.10521861777150915,0.7086247086247086,0.12354312354312354,0.16783216783216784,0.8414918414918415,0.1585081585081585,0.7622377622377622,0.23776223776223776,0.05867418899858956,0.0465444287729196,0.057545839210155145,0.17602256699576868,0.24767277856135403,0.015514809590973202,0.2691114245416079,0.020310296191819465,0.10860366713681241
E135_FME_2024,Fresenius Medical Care,2024,alta,3423,0.016016617,0.014208624,0.014657835,0.00628729,0.0019613954,0.004683244,0.006586339,0.22991527899503358,0.17703768624014024,0.07975460122699386,0.7432077125328659,0.09728308501314638,0.7484116899618806,0.07623888182973317,0.17534942820838628,0.7712833545108005,0.22871664548919948,0.8005082592121983,0.19949174078780177,0.065439672801636,0.10224948875255624,0.04352906806894537,0.16038562664329536,0.21910604732690622,0.02716914986853637,0.25620800467426236,0.030966988022202747,0.09494595384165937
E136_SAND_2022,Sandvik AB,2022,alta,169,0.014711617,0.015960202,0.0067451545,0.004327665,0.0026309283,0.0011138394,0.005177423,0.34911242603550297,0.11242603550295859,0.029585798816568046,0.8579881656804734,0.08284023668639054,0.6271186440677966,0.22033898305084745,0.15254237288135594,0.6271186440677966,0.3728813559322034,0.864406779661017,0.13559322033898305,0.11834319526627218,0.07692307692307693,0.05325443786982249,0.2485207100591716,0.3668639053254438,0.029585798816568046,0.023668639053254437,0.05325443786982249,0.029585798816568046
E136_SAND_2023,Sandvik AB,2023,densidad,199,0.0112651605,0.010259368,0.009989321,0.004038738,0.0016321425,0.0011513738,0.007660548,0.592964824120603,0.1507537688442211,0.03015075376884422,0.8190954773869347,0.12060301507537688,0.8728813559322034,0.06779661016949153,0.059322033898305086,0.788135593220339,0.211864406779661,0.6186440677966102,0.3813559322033898,0.07537688442211055,0.271356783919598,0.03015075376884422,0.05025125628140704,0.19095477386934673,0.09547738693467336,0.09045226130653267,0.135678391959799,0.06030150753768844
E136_SAND_2024,Sandvik AB,2024,densidad,375,0.019479983,0.011888164,0.009264106,0.0043465947,0.0016750322,0.0011424767,0.006378644,0.4266666666666667,0.168,0.05333333333333334,0.7786666666666666,0.11466666666666667,0.79375,0.11875,0.0875,0.68125,0.31875,0.6875,0.3125,0.09066666666666667,0.176,0.032,0.10666666666666667,0.328,0.058666666666666666,0.09333333333333334,0.08266666666666667,0.032
E137_KNEBV_2022,Kone,2022,densidad,39,0.0025063239,0.028443398,0.001763194,0.0,0.002438175,0.0,0.0091595035,0.5384615384615384,0.5897435897435898,0.0,0.41025641025641024,0.5897435897435898,0.6666666666666666,0.3333333333333333,0.0,0.2857142857142857,0.7142857142857143,0.7142857142857143,0.2857142857142857,0.02564102564102564,0.358974358974359,0.0,0.05128205128205128,0.23076923076923078,0.1282051282051282,0.1282051282051282,0.05128205128205128,0.02564102564102564
E137_KNEBV_2023,Kone,2023,densidad,110,0.0061578187,0.019888775,0.0041136146,0.00032467535,0.0021885522,0.0005681818,0.0035798203,0.36363636363636365,0.4909090909090909,0.00909090909090909,0.5,0.4818181818181818,0.4,0.575,0.025,0.275,0.725,0.325,0.675,0.03636363636363636,0.3181818181818182,0.06363636363636363,0.00909090909090909,0.20909090909090908,0.0,0.11818181818181818,0.03636363636363636,0.20909090909090908
E137_KNEBV_2024,Kone,2024,densidad,1181,0.02065923,0.013469104,0.011472519,0.0036439092,0.0010764374,0.0018220509,0.0048763375,0.3437764606265876,0.14394580863674852,0.05419136325148179,0.8018628281117697,0.08975444538526672,0.6921182266009852,0.1625615763546798,0.14532019704433496,0.7167487684729064,0.2832512315270936,0.7266009852216748,0.2733990147783251,0.08806096528365792,0.2286198137171888,0.016088060965283656,0.12447078746824725,0.35817104149026247,0.01693480101608806,0.06943268416596104,0.024555461473327687,0.07366638441998306
E138_SMIN_2022,Smiths Group,2022,densidad,478,0.01563143,0.02397247,0.018497977,0.0037635819,0.0033544472,0.0014086203,0.0050727325,0.4435146443514644,0.28870292887029286,0.06276150627615062,0.6485355648535565,0.22594142259414224,0.6084905660377359,0.13679245283018868,0.25471698113207547,0.8018867924528302,0.19811320754716982,0.8679245283018868,0.1320754716981132,0.0899581589958159,0.2698744769874477,0.0502092050209205,0.22384937238493724,0.20292887029288703,0.016736401673640166,0.1087866108786611,0.008368200836820083,0.029288702928870293
E138_SMIN_2023,Smiths Group,2023,densidad,481,0.008196623,0.021814948,0.0122335935,0.0040316912,0.003535242,0.001067243,0.004281723,0.5467775467775468,0.2598752598752599,0.058212058212058215,0.681912681912682,0.20166320166320167,0.6844106463878327,0.12927756653992395,0.18631178707224336,0.7680608365019012,0.23193916349809887,0.8022813688212928,0.19771863117870722,0.031185031185031187,0.3700623700623701,0.04781704781704782,0.2515592515592516,0.1392931392931393,0.012474012474012475,0.09355509355509356,0.016632016632016633,0.037422037422037424
E138_SMIN_2024,Smiths Group,2024,densidad,250,0.014081488,0.021288874,0.015469535,0.0030742506,0.0018986351,0.0014181705,0.0034023395,0.644,0.22,0.108,0.672,0.112,0.639751552795031,0.13043478260869565,0.22981366459627328,0.8198757763975155,0.18012422360248448,0.7763975155279503,0.2236024844720497,0.012,0.448,0.004,0.136,0.116,0.04,0.168,0.032,0.044
E139_VOLV B_2022,Volvo Group,2022,densidad,1032,0.014520545,0.009296089,0.012114462,0.0049175224,0.0012142584,0.002283703,0.0051548267,0.3866279069767442,0.1501937984496124,0.041666666666666664,0.8081395348837209,0.10852713178294573,0.7167919799498746,0.14285714285714285,0.14035087719298245,0.8095238095238095,0.19047619047619047,0.7819548872180451,0.21804511278195488,0.08817829457364341,0.22189922480620156,0.03197674418604651,0.11627906976744186,0.3023255813953488,0.040697674418604654,0.12403100775193798,0.02422480620155039,0.050387596899224806
E139_VOLV B_2023,Volvo Group,2023,densidad,957,0.014571887,0.007084577,0.013390526,0.0044087153,0.0011452005,0.0026145163,0.0052600917,0.38035527690700105,0.13061650992685475,0.04911180773249739,0.8202716823406478,0.08150470219435736,0.728021978021978,0.1346153846153846,0.13736263736263737,0.8186813186813187,0.1813186813186813,0.7637362637362637,0.23626373626373626,0.08881922675026123,0.219435736677116,0.0219435736677116,0.12434691745036573,0.28213166144200624,0.04806687565308255,0.11912225705329153,0.035527690700104496,0.06060606060606061
E139_VOLV B_2024,Volvo Group,2024,alta,208,0.0047698314,0.020067729,0.004972846,0.0019137762,0.0049737645,0.0018846834,0.0022787633,0.39903846153846156,0.4326923076923077,0.0,0.5673076923076923,0.4326923076923077,0.14457831325301204,0.8433734939759037,0.012048192771084338,0.5060240963855421,0.4939759036144578,0.4819277108433735,0.5180722891566265,0.009615384615384616,0.35096153846153844,0.057692307692307696,0.02403846153846154,0.09615384615384616,0.004807692307692308,0.3173076923076923,0.038461538461538464,0.10096153846153846
E140_PRY_2022,Prysmian,2022,alta,2369,0.014216233,0.012890716,0.010372075,0.0063275206,0.002362707,0.002535191,0.004240737,0.3592233009708738,0.21739130434782608,0.07978049810046434,0.7028281975517096,0.13761080624736174,0.645123384253819,0.2009400705052879,0.15393654524089306,0.8025851938895417,0.19741480611045828,0.7426556991774383,0.2573443008225617,0.07007176023638666,0.1650485436893204,0.045588856057408186,0.1642043056141832,0.16462642465175178,0.04010130856901646,0.24187420852680455,0.04390037990713381,0.06458421274799493
E140_PRY_2023,Prysmian,2023,alta,2876,0.0117214825,0.0136404885,0.010581826,0.0061276406,0.0034180917,0.0026941434,0.004360242,0.3821279554937413,0.2141863699582754,0.06710709318497914,0.7187065368567455,0.14707927677329624,0.5495905368516834,0.29572338489535943,0.15468607825295724,0.718835304822566,0.28116469517743403,0.6797088262056415,0.3202911737943585,0.06710709318497914,0.1808066759388039,0.055632823365785816,0.15229485396383866,0.1762865090403338,0.04033379694019471,0.2096662030598053,0.061543810848400556,0.056328233657858134
E140_PRY_2024,Prysmian,2024,alta,467,0.0036791607,0.017202115,0.009904349,0.005909483,0.002108308,0.0014329859,0.0023301465,0.37044967880085655,0.15631691648822268,0.008565310492505354,0.8351177730192719,0.14775160599571732,0.6647398843930635,0.27167630057803466,0.06358381502890173,0.8034682080924855,0.19653179190751446,0.791907514450867,0.20809248554913296,0.032119914346895075,0.13276231263383298,0.047109207708779445,0.3875802997858672,0.10706638115631692,0.01284796573875803,0.1777301927194861,0.02569593147751606,0.07708779443254818
E141_PRU_2022,Prudential plc,2022,densidad,1083,0.011438637,0.015167776,0.009907286,0.0028628071,0.0040398017,0.00156772,0.0042804787,0.48291782086795937,0.33425669436749766,0.04524469067405355,0.6204986149584487,0.2890120036934441,0.6424474187380497,0.15678776290630975,0.20076481835564053,0.7304015296367112,0.2695984703632887,0.8240917782026769,0.17590822179732313,0.0443213296398892,0.2945521698984303,0.10341643582640812,0.15420129270544783,0.1994459833795014,0.012927054478301015,0.09233610341643583,0.00554016620498615,0.09325946445060018
E141_PRU_2023,Prudential plc,2023,alta,863,0.014542803,0.013140963,0.017207805,0.0032304148,0.0028154317,0.0024948034,0.0049466784,0.593279258400927,0.2190034762456547,0.05330243337195829,0.727694090382387,0.1657010428736964,0.61328125,0.09375,0.29296875,0.794921875,0.205078125,0.890625,0.109375,0.0660486674391657,0.3765932792584009,0.04982618771726535,0.1853997682502897,0.13557358053302435,0.01853997682502897,0.07300115874855156,0.02085747392815759,0.07415990730011587
E141_PRU_2024,Prudential plc,2024,alta,889,0.015000141,0.014139012,0.016112132,0.0036658116,0.0016910415,0.0023900662,0.0050008763,0.5860517435320585,0.24859392575928008,0.049493813273340834,0.7019122609673791,0.19910011248593923,0.6199616122840691,0.07869481765834933,0.30134357005758156,0.817658349328215,0.18234165067178504,0.8694817658349329,0.13051823416506717,0.05849268841394826,0.3689538807649044,0.06299212598425197,0.17435320584926883,0.13835770528683913,0.02249718785151856,0.07424071991001124,0.019122609673790775,0.08098987626546682
E142_PST_2022,Poste Italiane,2022,alta,4080,0.009183891,0.01241065,0.0074070035,0.0064696926,0.0016045122,0.0015732178,0.003001514,0.24558823529411763,0.2485294117647059,0.04534313725490196,0.7061274509803922,0.20318627450980392,0.564870259481038,0.32934131736526945,0.10578842315369262,0.656686626746507,0.34331337325349304,0.7125748502994012,0.2874251497005988,0.053431372549019605,0.1142156862745098,0.12034313725490196,0.14583333333333334,0.22254901960784312,0.01568627450980392,0.20808823529411766,0.02107843137254902,0.09877450980392156
E142_PST_2023,Poste Italiane,2023,densidad,40,0.006379365,0.008245711,0.0121562965,0.0077037574,0.00066664827,0.00043415325,0.001180673,0.525,0.025,0.0,0.975,0.025,0.8571428571428571,0.09523809523809523,0.047619047619047616,0.9047619047619048,0.09523809523809523,0.6190476190476191,0.38095238095238093,0.025,0.3,0.05,0.25,0.1,0.05,0.175,0.025,0.025
E142_PST_2024,Poste Italiane,2024,densidad,767,0.0074248114,0.01068333,0.007134189,0.0062009487,0.0006640199,0.0017747879,0.0053465003,0.3754889178617992,0.14863102998696218,0.028683181225554105,0.8226857887874837,0.11994784876140807,0.6493055555555556,0.2569444444444444,0.09375,0.7291666666666666,0.2708333333333333,0.5590277777777778,0.4409722222222222,0.03129074315514994,0.2516297262059974,0.09126466753585398,0.06388526727509779,0.36766623207301175,0.010430247718383311,0.0938722294654498,0.07431551499348109,0.01564537157757497
E143_SCR_2022,SCOR SE,2022,densidad,724,0.008776522,0.012794579,0.013931808,0.0023714672,0.0022751268,0.002317251,0.0049306597,0.44060773480662985,0.23204419889502761,0.029005524861878452,0.738950276243094,0.20303867403314915,0.6927899686520376,0.13166144200626959,0.1755485893416928,0.6990595611285266,0.30094043887147337,0.8025078369905956,0.1974921630094044,0.034530386740331494,0.20441988950276244,0.08011049723756906,0.20165745856353592,0.26243093922651933,0.03314917127071823,0.1270718232044199,0.020718232044198894,0.03591160220994475
E143_SCR_2023,SCOR SE,2023,densidad,709,0.008382818,0.013848972,0.012931911,0.0026323106,0.0022070615,0.0020619112,0.004544513,0.4330042313117066,0.2637517630465444,0.031029619181946404,0.7052186177715092,0.232722143864598,0.6677524429967426,0.15309446254071662,0.1791530944625407,0.6775244299674267,0.32247557003257327,0.7850162866449512,0.21498371335504887,0.031029619181946404,0.19605077574047955,0.08885754583921016,0.2073342736248237,0.2778561354019746,0.02679830747531735,0.11283497884344147,0.019746121297602257,0.039492242595204514
E143_SCR_2024,SCOR SE,2024,densidad,1570,0.012494279,0.01127227,0.013977995,0.0037230118,0.0021440904,0.0021748138,0.0050047175,0.49554140127388535,0.14394904458598726,0.038853503184713374,0.8171974522292994,0.10509554140127389,0.6850899742930592,0.07840616966580977,0.2365038560411311,0.8084832904884319,0.19151670951156813,0.8457583547557841,0.15424164524421594,0.0267515923566879,0.2751592356687898,0.05732484076433121,0.19745222929936307,0.19554140127388536,0.054140127388535034,0.15414012738853503,0.007643312101910828,0.03184713375796178
E144_SRENH_2022,Swiss Re,2022,densidad_baja,74,0.036884535,0.008754877,0.04506869,0.01912699,0.006042345,0.01835836,0.004722928,0.1891891891891892,0.10810810810810811,0.33783783783783783,0.5540540540540541,-0.22972972972972971,0.5,0.0,0.5,0.7857142857142857,0.21428571428571427,0.9285714285714286,0.07142857142857142,0.02702702702702703,0.04054054054054054,0.013513513513513514,0.08108108108108109,0.013513513513513514,0.0,0.8243243243243243,0.0,0.0
E144_SRENH_2023,Swiss Re,2023,densidad_baja,70,0.040663883,0.0032817088,0.04752057,0.02423453,0.0005494506,0.020109225,0.005725135,0.15714285714285714,0.08571428571428572,0.32857142857142857,0.5857142857142857,-0.24285714285714285,0.45454545454545453,0.0,0.5454545454545454,0.8181818181818182,0.18181818181818182,0.9090909090909091,0.09090909090909091,0.05714285714285714,0.02857142857142857,0.014285714285714285,0.04285714285714286,0.014285714285714285,0.0,0.8428571428571429,0.0,0.0
E144_SRENH_2024,Swiss Re,2024,alta,503,0.011637682,0.009824965,0.009563753,0.0086314,0.0016857687,0.0026215813,0.0055923653,0.0437375745526839,0.10934393638170974,0.0437375745526839,0.8469184890656064,0.06560636182902584,0.9090909090909091,0.045454545454545456,0.045454545454545456,0.6818181818181818,0.3181818181818182,0.6818181818181818,0.3181818181818182,0.041749502982107355,0.013916500994035786,0.005964214711729622,0.614314115308151,0.1749502982107356,0.0,0.14512922465208747,0.0019880715705765406,0.0019880715705765406
E145_LGEN_2022,Legal & General,2022,densidad,615,0.00540821,0.017973937,0.0065437946,0.004593632,0.002485671,0.0009049934,0.003069513,0.06991869918699187,0.22601626016260162,0.004878048780487805,0.7691056910569106,0.22113821138211381,0.813953488372093,0.13953488372093023,0.046511627906976744,0.7906976744186046,0.20930232558139536,0.9534883720930233,0.046511627906976744,0.03414634146341464,0.032520325203252036,0.03739837398373984,0.6747967479674797,0.15284552845528454,0.0016260162601626016,0.03577235772357724,0.0016260162601626016,0.02926829268292683
E145_LGEN_2023,Legal & General,2023,alta,316,0.022871261,0.009998932,0.04255401,0.010134689,0.002471358,0.0075610112,0.007710877,0.14873417721518986,0.2088607594936709,0.14556962025316456,0.6455696202531646,0.06329113924050633,0.48936170212765956,0.0,0.5106382978723404,0.8297872340425532,0.1702127659574468,0.9148936170212766,0.0851063829787234,0.08860759493670886,0.10126582278481013,0.00949367088607595,0.1930379746835443,0.1518987341772152,0.0031645569620253164,0.38924050632911394,0.006329113924050633,0.056962025316455694
E145_LGEN_2024,Legal & General,2024,densidad,356,0.0096344855,0.012409185,0.015685938,0.0030912105,0.0014661842,0.0034922538,0.0073174434,0.5337078651685393,0.18258426966292135,0.03932584269662921,0.7780898876404494,0.14325842696629215,0.6736842105263158,0.08421052631578947,0.24210526315789474,0.8473684210526315,0.15263157894736842,0.8263157894736842,0.1736842105263158,0.05337078651685393,0.3848314606741573,0.05056179775280899,0.09831460674157304,0.24719101123595505,0.014044943820224719,0.12359550561797752,0.0028089887640449437,0.025280898876404494
E146_REL_2022,RELX,2022,densidad,596,0.008615469,0.012987685,0.01410007,0.0031820314,0.0059214933,0.0044793915,0.005705507,0.6057046979865772,0.2651006711409396,0.06879194630872483,0.6661073825503355,0.1963087248322148,0.6204986149584487,0.18005540166204986,0.1994459833795014,0.7146814404432132,0.2853185595567867,0.7340720221606648,0.2659279778393352,0.028523489932885907,0.401006711409396,0.17114093959731544,0.08892617449664429,0.09731543624161074,0.04865771812080537,0.07550335570469799,0.053691275167785234,0.03523489932885906
E146_REL_2023,RELX,2023,densidad,602,0.008267264,0.0141282575,0.0143439695,0.003513821,0.0062789065,0.004697487,0.0064738817,0.606312292358804,0.25249169435215946,0.0681063122923588,0.6794019933554817,0.18438538205980065,0.6219178082191781,0.18356164383561643,0.19452054794520549,0.684931506849315,0.3150684931506849,0.7205479452054795,0.27945205479452057,0.03156146179401993,0.4119601328903654,0.15282392026578073,0.08970099667774087,0.11960132890365449,0.04152823920265781,0.0681063122923588,0.053156146179401995,0.03156146179401993
E146_REL_2024,RELX,2024,densidad,296,0.00821854,0.012026343,0.009469868,0.0053579407,0.0018928057,0.0022648629,0.004917223,0.36824324324324326,0.10810810810810811,0.016891891891891893,0.875,0.09121621621621623,0.7889908256880734,0.045871559633027525,0.1651376146788991,0.8532110091743119,0.14678899082568808,0.8532110091743119,0.14678899082568808,0.07432432432432433,0.20608108108108109,0.02027027027027027,0.23648648648648649,0.28378378378378377,0.013513513513513514,0.10810810810810811,0.0033783783783783786,0.05405405405405406
E147_SRB_2022,Storebrand,2022,alta,117,0.008111926,0.011767559,0.004681873,0.0024977264,0.0046077007,0.0014232249,0.001946638,0.5299145299145299,0.19658119658119658,0.017094017094017096,0.7863247863247863,0.1794871794871795,0.7419354838709677,0.14516129032258066,0.11290322580645161,0.6612903225806451,0.3387096774193548,0.9516129032258065,0.04838709677419355,0.05128205128205128,0.18803418803418803,0.09401709401709402,0.4017094017094017,0.06837606837606838,0.042735042735042736,0.10256410256410256,0.0,0.05128205128205128
E147_SRB_2023,Storebrand,2023,alta,2312,0.016257215,0.013498626,0.011510591,0.0045588766,0.0042851735,0.0017557847,0.003727589,0.40570934256055363,0.185121107266436,0.05839100346020761,0.7564878892733564,0.12673010380622837,0.6247334754797441,0.14712153518123666,0.2281449893390192,0.7153518123667377,0.2846481876332623,0.7739872068230277,0.2260127931769723,0.07352941176470588,0.22664359861591696,0.06271626297577855,0.1384083044982699,0.22534602076124569,0.02768166089965398,0.12326989619377163,0.02162629757785467,0.10077854671280277
E147_SRB_2024,Storebrand,2024,alta,1995,0.013593696,0.014254723,0.012401389,0.004851981,0.0047421046,0.0036854546,0.0034878,0.3779448621553885,0.15639097744360902,0.05714285714285714,0.7864661654135339,0.09924812030075189,0.6843501326259946,0.09681697612732096,0.21883289124668434,0.7904509283819628,0.20954907161803712,0.7254641909814323,0.27453580901856767,0.042105263157894736,0.26917293233082706,0.06365914786967418,0.10927318295739348,0.23157894736842105,0.013032581453634085,0.1548872180451128,0.01904761904761905,0.09724310776942356
E148_INF_2022,Informa,2022,alta,44,0.032301966,0.006917156,0.008558098,0.008663957,0.0026564347,0.0,0.008092223,0.22727272727272727,0.022727272727272728,0.022727272727272728,0.9545454545454546,0.0,0.6,0.2,0.2,0.7,0.3,0.8,0.2,0.1590909090909091,0.11363636363636363,0.045454545454545456,0.06818181818181818,0.4772727272727273,0.06818181818181818,0.045454545454545456,0.0,0.022727272727272728
E148_INF_2023,Informa,2023,densidad_baja,20,0.0,0.049185034,0.0,0.0,0.0,0.0,0.0040935674,0.2,0.6,0.0,0.4,0.6,0.75,0.25,0.0,0.5,0.5,1.0,0.0,0.0,0.1,0.05,0.15,0.25,0.05,0.15,0.0,0.25
E148_INF_2024,Informa,2024,alta,37,0.014968371,0.009735385,0.023339245,0.0037537538,0.00034211428,0.0016891892,0.0016891892,0.3783783783783784,0.08108108108108109,0.02702702702702703,0.8918918918918919,0.05405405405405406,0.7857142857142857,0.0,0.21428571428571427,0.7142857142857143,0.2857142857142857,0.8571428571428571,0.14285714285714285,0.08108108108108109,0.32432432432432434,0.02702702702702703,0.16216216216216217,0.24324324324324326,0.02702702702702703,0.08108108108108109,0.0,0.05405405405405406
E149_IPX_2022,Ipsos,2022,densidad,522,0.010032271,0.01881267,0.005759405,0.0028030684,0.0027914194,0.0028513805,0.005458493,0.16091954022988506,0.19348659003831417,0.0421455938697318,0.764367816091954,0.15134099616858238,0.8690476190476191,0.07142857142857142,0.05952380952380952,0.6547619047619048,0.34523809523809523,0.8690476190476191,0.13095238095238096,0.04597701149425287,0.06704980842911877,0.09386973180076628,0.11302681992337164,0.5689655172413793,0.009578544061302681,0.06130268199233716,0.005747126436781609,0.034482758620689655
E149_IPX_2023,Ipsos,2023,densidad,895,0.00908905,0.0132349,0.0074221906,0.0043960153,0.0034605348,0.0027711538,0.0069369245,0.3139664804469274,0.18100558659217877,0.0335195530726257,0.7854748603351955,0.14748603351955308,0.8256227758007118,0.06761565836298933,0.10676156583629894,0.7224199288256228,0.2775800711743772,0.7544483985765125,0.24555160142348753,0.09162011173184358,0.16871508379888267,0.06256983240223464,0.09162011173184358,0.4111731843575419,0.02346368715083799,0.06256983240223464,0.01005586592178771,0.0782122905027933
E149_IPX_2024,Ipsos,2024,alta,1450,0.011526835,0.013103858,0.007878909,0.0045066103,0.002896969,0.0024517123,0.006712921,0.34758620689655173,0.15724137931034482,0.0496551724137931,0.7931034482758621,0.10758620689655171,0.7777777777777778,0.12103174603174603,0.10119047619047619,0.7222222222222222,0.2777777777777778,0.7738095238095238,0.2261904761904762,0.09172413793103448,0.19379310344827586,0.044137931034482755,0.16413793103448276,0.2944827586206897,0.011724137931034483,0.09862068965517241,0.012413793103448275,0.08896551724137931
E150_SANO_2022,Sanoma,2022,alta,162,0.013347682,0.0060461913,0.0030754912,0.004737769,0.00087231555,0.00084264163,0.007061903,0.2777777777777778,0.1111111111111111,0.12962962962962962,0.7592592592592593,-0.018518518518518517,0.9111111111111111,0.06666666666666667,0.022222222222222223,0.6666666666666666,0.3333333333333333,0.37777777777777777,0.6222222222222222,0.14814814814814814,0.2345679012345679,0.030864197530864196,0.08641975308641975,0.25925925925925924,0.037037037037037035,0.08641975308641975,0.024691358024691357,0.09259259259259259
E150_SANO_2023,Sanoma,2023,alta,500,0.013821705,0.0055456166,0.011545225,0.003803264,0.0015471722,0.00053336564,0.0031521206,0.486,0.068,0.048,0.884,0.020000000000000004,0.8600823045267489,0.00823045267489712,0.13168724279835392,0.8683127572016461,0.13168724279835392,0.6954732510288066,0.3045267489711934,0.076,0.334,0.048,0.118,0.19,0.018,0.14,0.018,0.058
E150_SANO_2024,Sanoma,2024,alta,2405,0.014615255,0.009687944,0.011342906,0.0050858185,0.0015631029,0.0027675799,0.0057251807,0.2993762993762994,0.10852390852390853,0.08024948024948025,0.8112266112266112,0.028274428274428276,0.7680555555555556,0.07361111111111111,0.15833333333333333,0.8,0.2,0.7652777777777777,0.23472222222222222,0.10395010395010396,0.17754677754677756,0.06361746361746362,0.14012474012474013,0.1758835758835759,0.040332640332640335,0.18503118503118504,0.030353430353430355,0.08316008316008316
E151_SBRY_2022,Sainsbury's,2022,alta,684,0.008374526,0.013353095,0.00532058,0.0037125102,0.0041983686,0.00230837,0.0051884116,0.09502923976608187,0.17690058479532164,0.06578947368421052,0.7573099415204678,0.11111111111111112,0.8153846153846154,0.15384615384615385,0.03076923076923077,0.5846153846153846,0.4153846153846154,0.6461538461538462,0.35384615384615387,0.01608187134502924,0.05847953216374269,0.03070175438596491,0.6198830409356725,0.14473684210526316,0.0,0.11988304093567251,0.0,0.01023391812865497
E151_SBRY_2023,Sainsbury's,2023,densidad,149,0.0057478407,0.021016821,0.013054613,0.0024853442,0.0021123434,0.0006930154,0.006674743,0.42953020134228187,0.26174496644295303,0.013422818791946308,0.7248322147651006,0.2483221476510067,0.671875,0.0625,0.265625,0.75,0.25,0.8125,0.1875,0.06040268456375839,0.2953020134228188,0.0738255033557047,0.15436241610738255,0.2751677852348993,0.006711409395973154,0.087248322147651,0.013422818791946308,0.03355704697986577
E151_SBRY_2024,Sainsbury's,2024,alta,757,0.0073994165,0.014991863,0.006507529,0.0041271304,0.0040943073,0.0030488637,0.0040355595,0.13738441215323646,0.22721268163804492,0.047556142668428,0.7252311756935271,0.17965653896961692,0.8076923076923077,0.16346153846153846,0.028846153846153848,0.5769230769230769,0.4230769230769231,0.5576923076923077,0.4423076923076923,0.021136063408190225,0.08718626155878467,0.02509907529722589,0.6010568031704095,0.13738441215323646,0.002642007926023778,0.09247027741083223,0.007926023778071334,0.02509907529722589
E152_RKT_2022,Reckitt,2022,densidad,530,0.009082726,0.021561546,0.0044200267,0.001642212,0.0028557184,0.0010332769,0.0034195103,0.5094339622641509,0.33962264150943394,0.03018867924528302,0.630188679245283,0.30943396226415093,0.6148148148148148,0.2740740740740741,0.1111111111111111,0.5333333333333333,0.4666666666666667,0.7296296296296296,0.27037037037037037,0.04150943396226415,0.20754716981132076,0.18867924528301888,0.12641509433962264,0.15283018867924528,0.09056603773584905,0.03962264150943396,0.06037735849056604,0.09245283018867924
E152_RKT_2023,Reckitt,2023,densidad,290,0.01177492,0.021408364,0.01700458,0.0051762895,0.0018451193,0.001130917,0.004839731,0.47586206896551725,0.3482758620689655,0.03793103448275862,0.6137931034482759,0.31034482758620685,0.5942028985507246,0.35507246376811596,0.050724637681159424,0.4927536231884058,0.5072463768115942,0.6521739130434783,0.34782608695652173,0.027586206896551724,0.18620689655172415,0.11379310344827587,0.12413793103448276,0.2103448275862069,0.11379310344827587,0.07931034482758621,0.04827586206896552,0.09655172413793103
E152_RKT_2024,Reckitt,2024,alta,400,0.012448727,0.02114664,0.014798906,0.004515449,0.0019340396,0.0032754636,0.0051321285,0.345,0.415,0.115,0.47,0.3,0.6086956521739131,0.3115942028985507,0.07971014492753623,0.4492753623188406,0.5507246376811594,0.5797101449275363,0.42028985507246375,0.03,0.145,0.0525,0.12,0.1025,0.07,0.35,0.045,0.085
E153_WDP_2022,Warehouses De Pauw,2022,densidad,215,0.0061167385,0.0073175365,0.015919117,0.0012961224,0.0019518479,0.0012596574,0.0016700187,0.7023255813953488,0.07441860465116279,0.023255813953488372,0.9023255813953488,0.05116279069767442,0.8344370860927153,0.039735099337748346,0.12582781456953643,0.9403973509933775,0.059602649006622516,0.8278145695364238,0.17218543046357615,0.05116279069767442,0.44651162790697674,0.009302325581395349,0.22325581395348837,0.04186046511627907,0.018604651162790697,0.14418604651162792,0.04186046511627907,0.023255813953488372
E153_WDP_2023,Warehouses De Pauw,2023,densidad,48,0.0036188613,0.012588118,0.006588641,0.0001108156,0.0014695795,0.001344086,0.00026449384,0.75,0.16666666666666666,0.041666666666666664,0.7916666666666666,0.125,0.9444444444444444,0.027777777777777776,0.027777777777777776,0.9444444444444444,0.05555555555555555,0.9722222222222222,0.027777777777777776,0.0625,0.25,0.020833333333333332,0.3958333333333333,0.041666666666666664,0.020833333333333332,0.14583333333333334,0.041666666666666664,0.020833333333333332
E153_WDP_2024,Warehouses De Pauw,2024,densidad,683,0.011337382,0.01330015,0.011157779,0.0047750655,0.0028124214,0.0016151414,0.0046183257,0.5402635431918009,0.17715959004392387,0.048316251830161056,0.7745241581259151,0.12884333821376281,0.7289972899728997,0.17073170731707318,0.1002710027100271,0.7886178861788617,0.21138211382113822,0.7425474254742548,0.25745257452574527,0.08199121522693997,0.3733528550512445,0.03513909224011713,0.1698389458272328,0.17130307467057102,0.029282576866764276,0.07613469985358712,0.040995607613469986,0.021961932650073207
E154_URW_2022,Unibail-Rodamco-Westfield,2022,alta,274,0.0074568945,0.018453868,0.0074714734,0.0036805107,0.0010980765,0.0,0.0038576997,0.6751824817518248,0.18613138686131386,0.029197080291970802,0.7846715328467153,0.15693430656934307,0.7297297297297297,0.16756756756756758,0.10270270270270271,0.5675675675675675,0.43243243243243246,0.7081081081081081,0.2918918918918919,0.0364963503649635,0.28102189781021897,0.10583941605839416,0.24087591240875914,0.18248175182481752,0.032846715328467155,0.06569343065693431,0.032846715328467155,0.021897810218978103
E154_URW_2023,Unibail-Rodamco-Westfield,2023,alta,487,0.009538475,0.012557585,0.011067976,0.0047775083,0.00052326784,0.0031584646,0.0048250025,0.5010266940451745,0.11498973305954825,0.07392197125256673,0.811088295687885,0.04106776180698152,0.7827868852459017,0.06557377049180328,0.15163934426229508,0.8688524590163934,0.13114754098360656,0.9221311475409836,0.0778688524590164,0.057494866529774126,0.20123203285420946,0.0513347022587269,0.3080082135523614,0.1457905544147844,0.053388090349075976,0.09856262833675565,0.02053388090349076,0.06365503080082136
E154_URW_2024,Unibail-Rodamco-Westfield,2024,alta,2833,0.011606562,0.016004771,0.008311333,0.005487005,0.0022845368,0.0024231244,0.0064926734,0.5005294740557713,0.19943522767384397,0.03635721849629368,0.7642075538298624,0.16307800917755028,0.7179125528913963,0.17842031029619182,0.10366713681241185,0.6445698166431594,0.3554301833568406,0.7588152327221439,0.24118476727785615,0.07730321214260501,0.21461348393928698,0.07836216025414755,0.16590187080833038,0.2283798093893399,0.08471584892340275,0.07942110836569008,0.03353335686551359,0.03776914931168373
E155_VNA_2022,Vonovia,2022,alta,1931,0.011082068,0.0108618,0.010636875,0.0031882175,0.0019820502,0.0021116165,0.004039796,0.2439150699119627,0.22320041429311238,0.10253754531330916,0.6742620403935785,0.12066286897980322,0.5222929936305732,0.2802547770700637,0.19745222929936307,0.7813163481953291,0.21868365180467092,0.7430997876857749,0.25690021231422505,0.038322112894873125,0.15121698601760747,0.09321595028482652,0.1828068358363542,0.08855515277058519,0.01294665976178146,0.40031071983428274,0.0072501294665976174,0.025375453133091662
E155_VNA_2023,Vonovia,2023,alta,1984,0.012165068,0.0105938595,0.011022282,0.0030063416,0.0023948825,0.00219993,0.004012077,0.23790322580645162,0.2212701612903226,0.11945564516129033,0.6592741935483871,0.10181451612903226,0.5042372881355932,0.3029661016949153,0.19279661016949154,0.7542372881355932,0.2457627118644068,0.7182203389830508,0.2817796610169492,0.03780241935483871,0.1587701612903226,0.08215725806451613,0.16784274193548387,0.0967741935483871,0.01310483870967742,0.4117943548387097,0.005544354838709678,0.02620967741935484
E155_VNA_2024,Vonovia,2024,alta,552,0.0066713355,0.011352755,0.016426997,0.0034900617,0.001311859,0.0017355327,0.0057081115,0.4057971014492754,0.09420289855072464,0.019927536231884056,0.8858695652173914,0.07427536231884058,0.6651785714285714,0.11160714285714286,0.22321428571428573,0.8839285714285714,0.11607142857142858,0.9330357142857143,0.06696428571428571,0.03804347826086957,0.15942028985507245,0.05615942028985507,0.39855072463768115,0.07246376811594203,0.05615942028985507,0.15217391304347827,0.028985507246376812,0.03804347826086957
E156_TSCO_2022,Tesco,2022,densidad,183,0.00838742,0.013381328,0.009326333,0.0016293714,0.004782658,0.0007981525,0.008128767,0.7158469945355191,0.30601092896174864,0.01639344262295082,0.6775956284153005,0.2896174863387978,0.7862595419847328,0.10687022900763359,0.10687022900763359,0.6793893129770993,0.32061068702290074,0.648854961832061,0.3511450381679389,0.04918032786885246,0.5409836065573771,0.03278688524590164,0.22404371584699453,0.03825136612021858,0.0273224043715847,0.0546448087431694,0.02185792349726776,0.01092896174863388
E156_TSCO_2023,Tesco,2023,densidad,497,0.006968528,0.019535575,0.008420861,0.0016967271,0.0052199615,0.0012460046,0.0054920153,0.5110663983903421,0.4507042253521127,0.022132796780684104,0.5271629778672032,0.4285714285714286,0.7125984251968503,0.16535433070866143,0.1220472440944882,0.5511811023622047,0.44881889763779526,0.6496062992125984,0.35039370078740156,0.014084507042253521,0.358148893360161,0.06237424547283702,0.16297786720321933,0.1891348088531187,0.030181086519114688,0.11468812877263582,0.018108651911468814,0.05030181086519115
E156_TSCO_2024,Tesco,2024,densidad,290,0.010808703,0.012510881,0.018106949,0.0021059383,0.0038476752,0.0010317555,0.006629835,0.696551724137931,0.31724137931034485,0.06206896551724138,0.6206896551724138,0.25517241379310346,0.599009900990099,0.1782178217821782,0.22277227722772278,0.6683168316831684,0.3316831683168317,0.7524752475247525,0.24752475247524752,0.006896551724137931,0.41379310344827586,0.017241379310344827,0.2103448275862069,0.02413793103448276,0.07931034482758621,0.18620689655172415,0.020689655172413793,0.041379310344827586
E157_ITX_2022,Inditex,2022,densidad,471,0.00782901,0.009896383,0.0044830972,0.0047636856,0.0015458481,0.00060348137,0.0061632656,0.43312101910828027,0.040339702760084924,0.01910828025477707,0.940552016985138,0.021231422505307854,0.8872549019607843,0.05392156862745098,0.058823529411764705,0.9117647058823529,0.08823529411764706,0.8137254901960784,0.18627450980392157,0.09341825902335456,0.19745222929936307,0.040339702760084924,0.18895966029723993,0.18471337579617833,0.07430997876857749,0.12951167728237792,0.04670912951167728,0.044585987261146494
E157_ITX_2023,Inditex,2023,densidad,1083,0.009180924,0.018289989,0.011307951,0.00265414,0.0024508939,0.0019497138,0.004686636,0.6574330563250231,0.24469067405355494,0.05447830101569714,0.7008310249307479,0.1902123730378578,0.5547752808988764,0.2696629213483146,0.175561797752809,0.5842696629213483,0.4157303370786517,0.7345505617977528,0.2654494382022472,0.03508771929824561,0.34164358264081257,0.05817174515235457,0.07479224376731301,0.06463527239150507,0.1394275161588181,0.1569713758079409,0.07386888273314866,0.055401662049861494
E157_ITX_2024,Inditex,2024,alta,40,0.0018597562,0.026862938,0.01,0.0035714288,0.001391006,0.0,0.0007575758,0.275,0.2,0.0,0.8,0.2,0.8181818181818182,0.09090909090909091,0.09090909090909091,0.9090909090909091,0.09090909090909091,1.0,0.0,0.025,0.0,0.05,0.1,0.2,0.0,0.6,0.0,0.025
E158_JMT_2022,Jerónimo Martins,2022,densidad,1149,0.013613992,0.008812511,0.006066618,0.003820529,0.0020958853,0.000703396,0.002509368,0.36640557006092256,0.04873803307223673,0.04873803307223673,0.9025239338555265,0.0,0.8574821852731591,0.07838479809976247,0.06413301662707839,0.828978622327791,0.171021377672209,0.7838479809976246,0.2161520190023753,0.09138381201044386,0.19843342036553524,0.03220191470844212,0.1671018276762402,0.26370757180156656,0.08790252393385553,0.06962576153176675,0.044386422976501305,0.04525674499564839
E158_JMT_2023,Jerónimo Martins,2023,densidad,1319,0.012455708,0.008721323,0.006484579,0.0024983748,0.002447332,0.00072649826,0.009739402,0.3510235026535254,0.029567854435178165,0.037149355572403335,0.9332827899924185,-0.00758150113722517,0.8725701943844493,0.056155507559395246,0.07127429805615551,0.8358531317494601,0.16414686825053995,0.8185745140388769,0.18142548596112312,0.06595905989385899,0.1728582259287339,0.02880970432145565,0.20697498104624715,0.2759666413949962,0.1023502653525398,0.06823351023502654,0.03866565579984837,0.0401819560272934
E158_JMT_2024,Jerónimo Martins,2024,densidad,931,0.006299854,0.010929694,0.009113292,0.0026125025,0.0016553365,0.00093185314,0.005884834,0.6305048335123523,0.20408163265306123,0.047261009667024706,0.748657357679914,0.15682062298603652,0.6132879045996593,0.23339011925042588,0.15332197614991483,0.6882453151618398,0.31175468483816016,0.5877342419080068,0.4122657580919932,0.047261009667024706,0.2878625134264232,0.04296455424274973,0.12781954887218044,0.06552094522019335,0.13319011815252416,0.09129967776584318,0.1535982814178303,0.050483351235230935
E159_ZAL_2022,Zalando,2022,alta,369,0.0077906386,0.010596405,0.0068335836,0.004685985,0.0026066634,0.0012835377,0.004089126,0.46883468834688347,0.23035230352303523,0.05962059620596206,0.7100271002710027,0.17073170731707318,0.7283236994219653,0.24277456647398843,0.028901734104046242,0.4797687861271676,0.5202312138728323,0.48554913294797686,0.5144508670520231,0.05420054200542006,0.17073170731707318,0.10298102981029811,0.0975609756097561,0.13821138211382114,0.02981029810298103,0.16531165311653118,0.13279132791327913,0.10840108401084012
E159_ZAL_2023,Zalando,2023,densidad,383,0.005995016,0.01536483,0.006993082,0.0060490198,0.0021041785,0.00039851587,0.006243218,0.5248041775456919,0.31070496083550914,0.04177545691906005,0.6475195822454308,0.2689295039164491,0.7263681592039801,0.24378109452736318,0.029850746268656716,0.5223880597014925,0.47761194029850745,0.5472636815920398,0.4527363184079602,0.0783289817232376,0.18276762402088773,0.10182767624020887,0.11488250652741515,0.13315926892950392,0.02610966057441253,0.1279373368146214,0.13838120104438642,0.09660574412532637
E159_ZAL_2024,Zalando,2024,densidad,945,0.012863428,0.015074919,0.01308569,0.004562902,0.001897992,0.0024014425,0.0044349646,0.6074074074074074,0.2052910052910053,0.08148148148148149,0.7132275132275132,0.12380952380952381,0.7282229965156795,0.10104529616724739,0.17073170731707318,0.7456445993031359,0.25435540069686413,0.8083623693379791,0.1916376306620209,0.04021164021164021,0.308994708994709,0.02433862433862434,0.19788359788359788,0.10687830687830688,0.09417989417989418,0.10264550264550265,0.05502645502645503,0.06984126984126984
E160_CARR_2022,Carrefour,2022,alta,3157,0.011405239,0.010269751,0.00701875,0.0031283337,0.0025412946,0.0016884468,0.0066832984,0.4209692746278112,0.22458029775102945,0.03832752613240418,0.7370921761165664,0.18625277161862527,0.6493604213694507,0.2325056433408578,0.1181339352896915,0.547027840481565,0.4529721595184349,0.6501128668171557,0.34988713318284426,0.04878048780487805,0.0975609756097561,0.10009502692429521,0.09661070636680393,0.25245486221095975,0.12828634779854292,0.07031992397846057,0.09154260373772569,0.11434906556857777
E160_CARR_2023,Carrefour,2023,densidad,651,0.00978293,0.0064438926,0.008681506,0.002807217,0.0012739901,0.0024755173,0.0047663623,0.5606758832565284,0.17204301075268819,0.06605222734254992,0.7619047619047619,0.10599078341013826,0.6,0.2328767123287671,0.16712328767123288,0.6410958904109589,0.3589041095890411,0.6246575342465753,0.37534246575342467,0.019969278033794162,0.2012288786482335,0.06605222734254992,0.07219662058371736,0.09523809523809523,0.0967741935483871,0.2119815668202765,0.16589861751152074,0.0706605222734255
E160_CARR_2024,Carrefour,2024,densidad,2587,0.010941612,0.010120755,0.0073755514,0.0033439514,0.002415394,0.0020246077,0.0064248517,0.5137224584460766,0.18477000386548126,0.05991495941244685,0.7553150367220719,0.12485504445303441,0.7208427389014297,0.15124153498871332,0.12791572610985705,0.6433408577878104,0.35665914221218964,0.7005267118133935,0.29947328818660646,0.03362968689601856,0.1874758407421724,0.04870506378044066,0.10475454194047158,0.24313877077696172,0.12562814070351758,0.08388094317742559,0.11364514882102822,0.05914186316196367
E161_LOGN_2022,Logitech,2022,densidad_baja,78,0.015256336,0.011965945,0.01536316,0.023211531,0.0023488945,0.0057818517,0.010027099,0.24358974358974358,0.08974358974358974,0.1282051282051282,0.782051282051282,-0.03846153846153845,0.631578947368421,0.0,0.3684210526315789,0.6842105263157895,0.3157894736842105,1.0,0.0,0.07692307692307693,0.08974358974358974,0.01282051282051282,0.038461538461538464,0.358974358974359,0.02564102564102564,0.3076923076923077,0.038461538461538464,0.05128205128205128
E161_LOGN_2023,Logitech,2023,densidad_baja,25,0.008370701,0.00418499,0.004219178,0.032858565,0.0021212122,0.00077625574,0.0009954338,0.0,0.0,0.0,1.0,0.0,,,,,,,,0.2,0.0,0.0,0.4,0.04,0.0,0.36,0.0,0.0
E161_LOGN_2024,Logitech,2024,alta,673,0.026508909,0.013657363,0.028216409,0.011008982,0.002288992,0.016881846,0.005927439,0.03714710252600297,0.1188707280832095,0.3179791976225854,0.563150074294205,-0.19910846953937592,0.32,0.2,0.48,0.72,0.28,0.84,0.16,0.017830609212481426,0.005943536404160475,0.010401188707280832,0.08766716196136701,0.07429420505200594,0.007429420505200594,0.6849925705794948,0.005943536404160475,0.10549777117384844
E162_AIXA_2022,AIXTRON,2022,alta,16,0.009961115,0.0,0.010107656,0.009005452,0.0,0.0,0.0,0.125,0.0,0.125,0.875,-0.125,1.0,0.0,0.0,1.0,0.0,1.0,0.0,0.0,0.0,0.0,1.0,0.0,0.0,0.0,0.0,0.0
E162_AIXA_2023,AIXTRON,2023,densidad_baja,139,0.0049072728,0.012337776,0.0053542564,0.0015856143,0.0022291425,0.0022154904,0.0019712644,0.07194244604316546,0.18705035971223022,0.007194244604316547,0.8057553956834532,0.17985611510791366,0.8,0.2,0.0,1.0,0.0,1.0,0.0,0.02158273381294964,0.0,0.007194244604316547,0.8273381294964028,0.050359712230215826,0.007194244604316547,0.06474820143884892,0.0,0.02158273381294964
E162_AIXA_2024,AIXTRON,2024,alta,1229,0.009174062,0.014805639,0.010065737,0.0047010076,0.0018155433,0.0023026087,0.0052956278,0.30919446704637915,0.10577705451586655,0.030105777054515868,0.8641171684296176,0.07567127746135069,0.7236842105263158,0.1631578947368421,0.11315789473684211,0.8342105263157895,0.16578947368421051,0.7894736842105263,0.21052631578947367,0.080553295362083,0.1969080553295362,0.01627339300244101,0.21480878763222133,0.30919446704637915,0.021969080553295363,0.11310008136696502,0.01627339300244101,0.030919446704637917
E163_IFX_2022,Infineon Technologies,2022,densidad_baja,202,0.0034855902,0.036845233,0.0041439445,0.00072523823,0.0048067477,0.0019281142,0.0039177127,0.18316831683168316,0.4158415841584158,0.024752475247524754,0.5594059405940595,0.39108910891089105,0.4594594594594595,0.5135135135135135,0.02702702702702703,0.6756756756756757,0.32432432432432434,0.8108108108108109,0.1891891891891892,0.039603960396039604,0.12376237623762376,0.0297029702970297,0.04950495049504951,0.09900990099009901,0.0,0.4306930693069307,0.01485148514851485,0.21287128712871287
E163_IFX_2023,Infineon Technologies,2023,densidad_baja,208,0.0029057318,0.03605023,0.0035849747,0.0013357124,0.004905631,0.0016050563,0.0036545622,0.18269230769230768,0.4326923076923077,0.019230769230769232,0.5480769230769231,0.4134615384615385,0.4473684210526316,0.5263157894736842,0.02631578947368421,0.6842105263157895,0.3157894736842105,0.7894736842105263,0.21052631578947367,0.03365384615384615,0.1201923076923077,0.028846153846153848,0.04807692307692308,0.10576923076923077,0.0,0.4182692307692308,0.028846153846153848,0.21634615384615385
E163_IFX_2024,Infineon Technologies,2024,densidad,109,0.0014107326,0.03937775,0.0034630883,0.0024748344,0.0057050237,0.002659244,0.0055472637,0.21100917431192662,0.4954128440366973,0.009174311926605505,0.4954128440366973,0.48623853211009177,0.6086956521739131,0.391304347826087,0.0,0.6086956521739131,0.391304347826087,0.6956521739130435,0.30434782608695654,0.03669724770642202,0.1834862385321101,0.01834862385321101,0.027522935779816515,0.07339449541284404,0.009174311926605505,0.3119266055045872,0.027522935779816515,0.3119266055045872
E164_ATOS_2022,Atos,2022,densidad,779,0.006905069,0.013792438,0.0066201934,0.00247984,0.0029390568,0.0012345617,0.005035656,0.72400513478819,0.22849807445442877,0.03080872913992298,0.7406931964056482,0.1976893453145058,0.675531914893617,0.2553191489361702,0.06914893617021277,0.7198581560283688,0.2801418439716312,0.6897163120567376,0.3102836879432624,0.02053915275994865,0.5070603337612324,0.028241335044929396,0.110397946084724,0.11424903722721438,0.03209242618741977,0.06418485237483953,0.05006418485237484,0.07317073170731707
E164_ATOS_2023,Atos,2023,densidad,900,0.007337039,0.01921774,0.005458116,0.002736659,0.0024455714,0.00086232735,0.0042566354,0.4411111111111111,0.24888888888888888,0.022222222222222223,0.7288888888888889,0.22666666666666666,0.690176322418136,0.20906801007556675,0.10075566750629723,0.7858942065491183,0.2141057934508816,0.818639798488665,0.181360201511335,0.021111111111111112,0.24555555555555555,0.08777777777777777,0.12666666666666668,0.3611111111111111,0.017777777777777778,0.044444444444444446,0.04111111111111111,0.05444444444444444
E164_ATOS_2024,Atos,2024,alta,2574,0.013836875,0.015428564,0.009357991,0.0063935244,0.002497892,0.002272725,0.0058452017,0.24048174048174048,0.1853146853146853,0.035742035742035744,0.778943278943279,0.14957264957264957,0.8126009693053312,0.09208400646203554,0.09531502423263329,0.8061389337641357,0.1938610662358643,0.8481421647819063,0.1518578352180937,0.10411810411810411,0.11305361305361306,0.039627039627039624,0.17560217560217561,0.35975135975135974,0.019425019425019424,0.053613053613053616,0.029914529914529916,0.1048951048951049
E165_AMS_2022,ams OSRAM,2022,densidad_baja,122,0.008171244,0.026543792,0.003706929,0.0005205579,0.0018334086,0.0005464481,0.0030114935,0.1557377049180328,0.5,0.11475409836065574,0.38524590163934425,0.38524590163934425,0.5789473684210527,0.42105263157894735,0.0,0.631578947368421,0.3684210526315789,0.8947368421052632,0.10526315789473684,0.00819672131147541,0.08196721311475409,0.01639344262295082,0.3360655737704918,0.05737704918032787,0.00819672131147541,0.4262295081967213,0.0,0.06557377049180328
E165_AMS_2023,ams OSRAM,2023,densidad,117,0.0068567814,0.016015306,0.0035244573,0.0023418101,0.0019402787,0.00027570996,0.0012678617,0.18803418803418803,0.2222222222222222,0.05982905982905983,0.717948717948718,0.16239316239316237,0.7727272727272727,0.18181818181818182,0.045454545454545456,0.5909090909090909,0.4090909090909091,0.8636363636363636,0.13636363636363635,0.02564102564102564,0.05982905982905983,0.0,0.6923076923076923,0.07692307692307693,0.008547008547008548,0.1111111111111111,0.0,0.02564102564102564
E165_AMS_2024,ams OSRAM,2024,densidad,1482,0.014564557,0.011728308,0.014213491,0.00669354,0.002658759,0.0029589476,0.008250837,0.37044534412955465,0.12753036437246965,0.048582995951417005,0.8238866396761133,0.07894736842105264,0.6648451730418944,0.1493624772313297,0.18579234972677597,0.8378870673952641,0.1621129326047359,0.8087431693989071,0.1912568306010929,0.08232118758434548,0.18016194331983806,0.016194331983805668,0.20917678812415655,0.22604588394062078,0.047908232118758436,0.13832658569500675,0.043184885290148446,0.05668016194331984
E166_TELIA_2022,Telia Company,2022,densidad,501,0.016999038,0.012049532,0.013501688,0.0044491063,0.002363006,0.0021108252,0.006807281,0.41916167664670656,0.18962075848303392,0.0998003992015968,0.7105788423153693,0.08982035928143711,0.719047619047619,0.08095238095238096,0.2,0.8333333333333334,0.16666666666666666,0.8809523809523809,0.11904761904761904,0.07584830339321358,0.25948103792415167,0.05189620758483034,0.1317365269461078,0.2714570858283433,0.021956087824351298,0.09580838323353294,0.013972055888223553,0.07784431137724551
E166_TELIA_2023,Telia Company,2023,densidad,479,0.010813281,0.012870235,0.013306607,0.0036334265,0.0021859815,0.0011889986,0.0063302005,0.4592901878914405,0.1837160751565762,0.04801670146137787,0.7682672233820459,0.13569937369519833,0.7045454545454546,0.11818181818181818,0.17727272727272728,0.8318181818181818,0.16818181818181818,0.8409090909090909,0.1590909090909091,0.081419624217119,0.267223382045929,0.05219206680584551,0.12943632567849686,0.24217118997912318,0.03966597077244259,0.11064718162839249,0.016701461377870562,0.060542797494780795
E166_TELIA_2024,Telia Company,2024,densidad,1178,0.010539864,0.011480704,0.01030474,0.003504915,0.0027297472,0.0014070532,0.005509502,0.432937181663837,0.1502546689303905,0.03480475382003396,0.8149405772495756,0.11544991511035654,0.7705882352941177,0.12352941176470589,0.10588235294117647,0.7352941176470589,0.2647058823529412,0.7215686274509804,0.2784313725490196,0.04838709677419355,0.26485568760611206,0.039898132427843805,0.16044142614601017,0.23514431239388794,0.012733446519524618,0.12563667232597622,0.04584040747028863,0.06706281833616298
E167_TEL_2022,Telenor,2022,alta,119,0.010200487,0.009545074,0.03044868,0.0036912416,0.001992856,0.0009103642,0.005887516,0.03361344537815126,0.058823529411764705,0.058823529411764705,0.8823529411764706,0.0,1.0,0.0,0.0,1.0,0.0,1.0,0.0,0.09243697478991597,0.0,0.008403361344537815,0.7899159663865546,0.01680672268907563,0.0,0.07563025210084033,0.0,0.01680672268907563
E167_TEL_2023,Telenor,2023,densidad,585,0.015038349,0.010911364,0.013611588,0.006488356,0.0029055804,0.0022351083,0.006674323,0.42905982905982903,0.21196581196581196,0.08034188034188035,0.7076923076923077,0.1316239316239316,0.6294820717131474,0.20318725099601595,0.16733067729083664,0.7091633466135459,0.2908366533864542,0.7888446215139442,0.21115537848605578,0.08205128205128205,0.24786324786324787,0.03247863247863248,0.14358974358974358,0.19829059829059828,0.02735042735042735,0.1606837606837607,0.041025641025641026,0.06666666666666667
E167_TEL_2024,Telenor,2024,alta,1698,0.020697754,0.011515419,0.0107136285,0.0044381525,0.004152309,0.002007264,0.0058798627,0.284452296819788,0.15076560659599528,0.08598351001177856,0.7632508833922261,0.06478209658421671,0.6708074534161491,0.15527950310559005,0.17391304347826086,0.7763975155279503,0.2236024844720497,0.7453416149068323,0.2546583850931677,0.09069493521790342,0.15429917550058891,0.061837455830388695,0.12131919905771496,0.2915194346289753,0.02767962308598351,0.10895170789163722,0.05123674911660778,0.09246171967020024
E168_ERICb_2022,Ericsson,2022,densidad,1300,0.019001937,0.012513082,0.008411925,0.005780416,0.0018840343,0.0015621143,0.0053066467,0.3007692307692308,0.19,0.06615384615384616,0.7438461538461538,0.12384615384615384,0.7519181585677749,0.1815856777493606,0.06649616368286446,0.7749360613810742,0.22506393861892582,0.7621483375959079,0.23785166240409208,0.12,0.19615384615384615,0.08076923076923077,0.13230769230769232,0.2376923076923077,0.018461538461538463,0.1123076923076923,0.023846153846153847,0.07846153846153846
E168_ERICb_2023,Ericsson,2023,alta,1494,0.017796714,0.011778302,0.009104236,0.0054484685,0.0017477301,0.0019028625,0.0054660304,0.3286479250334672,0.16666666666666666,0.06224899598393574,0.7710843373493976,0.10441767068273092,0.7230142566191446,0.1710794297352342,0.10590631364562118,0.7983706720977597,0.20162932790224034,0.7637474541751528,0.23625254582484725,0.10642570281124498,0.20816599732262384,0.07362784471218206,0.13052208835341367,0.24497991967871485,0.02677376171352075,0.11178045515394913,0.03547523427041499,0.06224899598393574
E168_ERICb_2024,Ericsson,2024,densidad,1262,0.015953861,0.010910021,0.010146195,0.003761895,0.001858684,0.001855038,0.004381887,0.39144215530903326,0.16561014263074486,0.0832012678288431,0.751188589540412,0.08240887480190176,0.7267206477732794,0.145748987854251,0.12753036437246965,0.8157894736842105,0.18421052631578946,0.7105263157894737,0.2894736842105263,0.09112519809825674,0.24405705229793978,0.03248811410459588,0.11251980982567353,0.26782884310618066,0.03248811410459588,0.11806656101426308,0.05150554675118859,0.04992076069730586
E169_TEF_2022,Telefónica,2022,densidad,703,0.0062243296,0.018523129,0.006183893,0.0015796896,0.0024624674,0.0015419247,0.0032881065,0.7112375533428165,0.36415362731152207,0.029871977240398292,0.6059743954480796,0.33428165007112376,0.488,0.43,0.082,0.54,0.46,0.612,0.388,0.011379800853485065,0.4864864864864865,0.02702702702702703,0.03556187766714083,0.09388335704125178,0.059743954480796585,0.09815078236130868,0.11806543385490754,0.06970128022759602
E169_TEF_2023,Telefónica,2023,alta,3595,0.010396685,0.018921642,0.006049507,0.0052002887,0.0027047168,0.0016425729,0.0049671824,0.2728789986091794,0.25507649513212793,0.039221140472879,0.705702364394993,0.21585535465924893,0.582059123343527,0.32823649337410804,0.08970438328236494,0.6075433231396534,0.3924566768603466,0.7390417940876657,0.2609582059123344,0.08066759388038942,0.15438108484005564,0.10764951321279555,0.07955493741307372,0.29902642559109877,0.02920723226703755,0.09707927677329624,0.031432545201668986,0.12100139082058414
E169_TEF_2024,Telefónica,2024,alta,57,0.0038928413,0.0057965727,0.005699282,0.01985441,0.0,0.00092336105,0.018904567,0.47368421052631576,0.0,0.017543859649122806,0.9824561403508771,-0.017543859649122806,0.9259259259259259,0.0,0.07407407407407407,0.9629629629629629,0.037037037037037035,0.9629629629629629,0.037037037037037035,0.08771929824561403,0.2982456140350877,0.0,0.19298245614035087,0.05263157894736842,0.017543859649122806,0.22807017543859648,0.017543859649122806,0.10526315789473684
E170_KPN_2022,KPN,2022,alta,1101,0.010630428,0.021132043,0.0047828197,0.0022333667,0.0047513326,0.0022279369,0.0028916302,0.1907356948228883,0.371480472297911,0.07538601271571299,0.553133514986376,0.296094459582198,0.5714285714285714,0.35714285714285715,0.07142857142857142,0.4523809523809524,0.5476190476190477,0.5380952380952381,0.46190476190476193,0.04087193460490463,0.1407811080835604,0.09627611262488647,0.05267938237965486,0.20708446866485014,0.01907356948228883,0.17620345140781107,0.03723887375113533,0.22979109900090827
E170_KPN_2023,KPN,2023,alta,1076,0.010180564,0.020622432,0.00476176,0.002232587,0.0050546923,0.0011954433,0.0038099422,0.23977695167286245,0.36617100371747213,0.04553903345724907,0.5882899628252788,0.32063197026022305,0.627906976744186,0.3062015503875969,0.06589147286821706,0.5232558139534884,0.47674418604651164,0.6511627906976745,0.3488372093023256,0.03438661710037175,0.1570631970260223,0.06691449814126393,0.06505576208178439,0.19330855018587362,0.019516728624535316,0.18773234200743494,0.03066914498141264,0.24535315985130113
E170_KPN_2024,KPN,2024,alta,2835,0.012230769,0.013380965,0.0078299465,0.0031516205,0.002973465,0.0017926822,0.004338465,0.2955908289241623,0.1523809523809524,0.05925925925925926,0.7883597883597884,0.09312169312169313,0.7935560859188544,0.11813842482100238,0.0883054892601432,0.720763723150358,0.27923627684964203,0.7040572792362768,0.29594272076372313,0.05502645502645503,0.18059964726631395,0.01869488536155203,0.17037037037037037,0.2271604938271605,0.013756613756613757,0.13756613756613756,0.044444444444444446,0.1523809523809524
E171_ENT_2022,Entain,2022,densidad,413,0.0087272795,0.015000876,0.009663424,0.0057143806,0.006841209,0.0031279642,0.0045702606,0.35108958837772397,0.35351089588377727,0.05084745762711865,0.5956416464891041,0.30266343825665865,0.6,0.1724137931034483,0.22758620689655173,0.5655172413793104,0.43448275862068964,0.7310344827586207,0.2689655172413793,0.043583535108958835,0.22276029055690072,0.14527845036319612,0.13317191283292978,0.288135593220339,0.01937046004842615,0.08232445520581114,0.004842615012106538,0.06053268765133172
E171_ENT_2023,Entain,2023,densidad,556,0.013121861,0.017214429,0.011045088,0.00571514,0.005340978,0.0022820653,0.004435939,0.4154676258992806,0.2841726618705036,0.044964028776978415,0.670863309352518,0.2392086330935252,0.6753246753246753,0.08658008658008658,0.23809523809523808,0.683982683982684,0.31601731601731603,0.8268398268398268,0.17316017316017315,0.07194244604316546,0.2643884892086331,0.10431654676258993,0.15827338129496402,0.22122302158273383,0.01079136690647482,0.07733812949640288,0.007194244604316547,0.08453237410071943
E171_ENT_2024,Entain,2024,densidad,457,0.011240456,0.020276416,0.011056971,0.003394279,0.0035844834,0.0015179862,0.004928421,0.3610503282275711,0.31291028446389496,0.030634573304157548,0.6564551422319475,0.28227571115973743,0.7212121212121212,0.08484848484848485,0.19393939393939394,0.7575757575757576,0.24242424242424243,0.7696969696969697,0.23030303030303031,0.08315098468271334,0.2713347921225383,0.10284463894967177,0.11597374179431072,0.27571115973741794,0.002188183807439825,0.05908096280087528,0.00437636761487965,0.08533916849015317
E172_LHA_2022,Lufthansa,2022,densidad,286,0.012944711,0.013291612,0.0048550433,0.0025902872,0.0022539524,0.0007153971,0.0038880473,0.38461538461538464,0.1888111888111888,0.02097902097902098,0.7902097902097902,0.1678321678321678,0.7818181818181819,0.2,0.01818181818181818,0.6727272727272727,0.32727272727272727,0.6363636363636364,0.36363636363636365,0.06993006993006994,0.21328671328671328,0.05244755244755245,0.2097902097902098,0.25524475524475526,0.013986013986013986,0.06643356643356643,0.04195804195804196,0.07692307692307693
E172_LHA_2023,Lufthansa,2023,densidad,1049,0.0055231242,0.017031435,0.0035575752,0.0021209624,0.0017850357,0.001257253,0.00361905,0.4022878932316492,0.28503336510962823,0.022878932316491896,0.6920877025738799,0.2621544327931363,0.7037914691943128,0.2725118483412322,0.023696682464454975,0.6042654028436019,0.3957345971563981,0.6042654028436019,0.3957345971563981,0.025738798856053385,0.22878932316491898,0.057197330791229746,0.11916110581506197,0.27359389895138225,0.00667302192564347,0.1124880838894185,0.09818875119161107,0.07816968541468065
E172_LHA_2024,Lufthansa,2024,densidad,2155,0.011620108,0.012677517,0.0147496015,0.005467276,0.0012307172,0.004313745,0.004977149,0.42505800464037125,0.16241299303944315,0.06821345707656612,0.7693735498839908,0.09419953596287703,0.6812227074235808,0.13537117903930132,0.18340611353711792,0.7893013100436681,0.21069868995633187,0.7532751091703057,0.24672489082969432,0.07006960556844548,0.2468677494199536,0.032018561484918794,0.1665893271461717,0.2273781902552204,0.016705336426914155,0.12296983758700696,0.07470997679814385,0.04269141531322506
E173_IAG_2022,International Airlines Group,2022,densidad,615,0.0090363845,0.012399752,0.017381774,0.00375597,0.0026496917,0.0015489929,0.0039278744,0.45691056910569106,0.23739837398373984,0.04390243902439024,0.71869918699187,0.19349593495934958,0.7224199288256228,0.13523131672597866,0.1423487544483986,0.6227758007117438,0.37722419928825623,0.6619217081850534,0.33807829181494664,0.06016260162601626,0.24715447154471545,0.04715447154471545,0.22439024390243903,0.23252032520325203,0.00975609756097561,0.08130081300813008,0.06341463414634146,0.03414634146341464
E173_IAG_2023,International Airlines Group,2023,densidad,725,0.008471042,0.0153319165,0.010998172,0.0030510642,0.0021084796,0.0010378244,0.0057743127,0.5682758620689655,0.32689655172413795,0.028965517241379312,0.6441379310344828,0.29793103448275865,0.6747572815533981,0.2354368932038835,0.08980582524271845,0.5315533980582524,0.4684466019417476,0.5679611650485437,0.4320388349514563,0.06344827586206897,0.3544827586206897,0.08,0.11586206896551725,0.2110344827586207,0.006896551724137931,0.05931034482758621,0.07586206896551724,0.03310344827586207
E173_IAG_2024,International Airlines Group,2024,alta,245,0.008024736,0.017348548,0.0038001505,0.0045973486,0.0028101464,0.00020830038,0.007423191,0.5673469387755102,0.40408163265306124,0.00816326530612245,0.5877551020408164,0.3959183673469388,0.7769784172661871,0.22302158273381295,0.0,0.4028776978417266,0.5971223021582733,0.5683453237410072,0.4316546762589928,0.12653061224489795,0.2897959183673469,0.06938775510204082,0.14285714285714285,0.2163265306122449,0.04897959183673469,0.02040816326530612,0.05714285714285714,0.02857142857142857
E174_NTGY_2022,Naturgy,2022,alta,1376,0.013621796,0.008594369,0.014570086,0.01706868,0.0023356895,0.0020665969,0.0052305167,0.4956395348837209,0.16424418604651161,0.07703488372093023,0.7587209302325582,0.08720930232558138,0.5527859237536656,0.3064516129032258,0.14076246334310852,0.7565982404692082,0.2434017595307918,0.533724340175953,0.4662756598240469,0.038517441860465115,0.24200581395348839,0.040697674418604654,0.12427325581395349,0.032703488372093026,0.018168604651162792,0.4585755813953488,0.014534883720930232,0.030523255813953487
E174_NTGY_2023,Naturgy,2023,alta,968,0.01562898,0.014663303,0.007110799,0.00861811,0.003398848,0.0022054345,0.0054696403,0.4731404958677686,0.19731404958677687,0.03512396694214876,0.7675619834710744,0.16219008264462811,0.5786026200873362,0.35807860262008734,0.06331877729257641,0.7663755458515283,0.2336244541484716,0.6462882096069869,0.3537117903930131,0.1590909090909091,0.28202479338842973,0.0981404958677686,0.15082644628099173,0.09400826446280992,0.014462809917355372,0.15702479338842976,0.013429752066115703,0.030991735537190084
E174_NTGY_2024,Naturgy,2024,alta,43,0.0062945625,0.0052027074,0.0017540278,0.007950789,0.0,0.0009302325,0.0077465917,0.023255813953488372,0.023255813953488372,0.0,0.9767441860465116,0.023255813953488372,1.0,0.0,0.0,1.0,0.0,1.0,0.0,0.06976744186046512,0.0,0.0,0.16279069767441862,0.023255813953488372,0.0,0.7441860465116279,0.0,0.0
E175_VIE_2022,Veolia,2022,alta,2522,0.011345659,0.011993892,0.0057754875,0.004541673,0.0023581244,0.0014858635,0.00643676,0.43854084060269627,0.23552735923869944,0.02656621728786677,0.7379064234734338,0.20896114195083268,0.5741410488245932,0.33544303797468356,0.09041591320072333,0.6410488245931284,0.3589511754068716,0.6618444846292948,0.33815551537070526,0.059873116574147504,0.1625693893735131,0.1352101506740682,0.09318001586042823,0.27835051546391754,0.10824742268041238,0.04401268834258525,0.09278350515463918,0.02577319587628866
E175_VIE_2023,Veolia,2023,alta,2877,0.011202587,0.012487601,0.0060320618,0.0046578725,0.0025110885,0.0013302404,0.006555557,0.44421272158498437,0.23253388946819603,0.02502606882168926,0.7424400417101147,0.20750782064650677,0.5876369327073553,0.31690140845070425,0.09546165884194054,0.6158059467918623,0.3841940532081377,0.6776212832550861,0.3223787167449139,0.05526590198123045,0.170316301703163,0.12547792839763644,0.09558567952728536,0.2798053527980535,0.11261730969760167,0.05248522766770942,0.08133472367049009,0.027111574556830033
E175_VIE_2024,Veolia,2024,densidad,299,0.0075969575,0.0101041375,0.006080624,0.0044718133,0.0042024055,0.0015634475,0.008627199,0.6655518394648829,0.13043478260869565,0.010033444816053512,0.8595317725752508,0.12040133779264214,0.8190954773869347,0.12562814070351758,0.05527638190954774,0.8040201005025126,0.19597989949748743,0.7487437185929648,0.25125628140703515,0.030100334448160536,0.33444816053511706,0.06354515050167224,0.30434782608695654,0.07357859531772576,0.026755852842809364,0.0802675585284281,0.06020066889632107,0.026755852842809364
E176_SVT_2022,Severn Trent,2022,densidad,666,0.008432644,0.019654086,0.010440009,0.0009703738,0.0089030415,0.002494244,0.0031963785,0.7417417417417418,0.37987987987987987,0.04954954954954955,0.5705705705705706,0.3303303303303303,0.52834008097166,0.291497975708502,0.18016194331983806,0.6194331983805668,0.3805668016194332,0.6396761133603239,0.3603238866396761,0.013513513513513514,0.38288288288288286,0.05405405405405406,0.0960960960960961,0.06456456456456457,0.18768768768768768,0.05855855855855856,0.07957957957957958,0.06306306306306306
E176_SVT_2023,Severn Trent,2023,densidad,985,0.0067609306,0.021468906,0.008268839,0.0019310485,0.0050992644,0.0013292154,0.0048196935,0.5949238578680203,0.4030456852791878,0.04060913705583756,0.5563451776649746,0.36243654822335025,0.5392491467576792,0.2901023890784983,0.17064846416382254,0.5767918088737202,0.4232081911262799,0.6177474402730375,0.3822525597269625,0.009137055837563452,0.28223350253807106,0.08629441624365482,0.11472081218274112,0.17258883248730963,0.16243654822335024,0.05482233502538071,0.06700507614213198,0.050761421319796954
E176_SVT_2024,Severn Trent,2024,densidad,1321,0.009954304,0.017635753,0.014178561,0.0033179452,0.0057147928,0.002307809,0.0072771735,0.732778198334595,0.35730507191521577,0.06283118849356548,0.5798637395912187,0.29447388342165026,0.5495867768595041,0.20557851239669422,0.24483471074380164,0.6528925619834711,0.34710743801652894,0.6818181818181818,0.3181818181818182,0.018925056775170326,0.372445117335352,0.04844814534443603,0.13020439061317185,0.04390613171839516,0.17032551097653292,0.06661619984859955,0.08629825889477669,0.06283118849356548
E177_RED_2022,Redeia,2022,densidad,291,0.015781416,0.0056319623,0.007689051,0.014224622,0.0006064259,0.0017423806,0.004527965,0.5532646048109966,0.07216494845360824,0.037800687285223365,0.8900343642611683,0.034364261168384876,0.7453416149068323,0.08074534161490683,0.17391304347826086,0.937888198757764,0.062111801242236024,0.9192546583850931,0.08074534161490683,0.054982817869415807,0.26804123711340205,0.061855670103092786,0.10309278350515463,0.19243986254295534,0.09621993127147767,0.12371134020618557,0.041237113402061855,0.058419243986254296
E177_RED_2023,Redeia,2023,densidad,121,0.024546655,0.016150806,0.004205956,0.013325163,0.0,0.00074336445,0.0050161323,0.3305785123966942,0.008264462809917356,0.049586776859504134,0.9421487603305785,-0.04132231404958678,0.8,0.075,0.125,0.925,0.075,0.825,0.175,0.024793388429752067,0.18181818181818182,0.08264462809917356,0.08264462809917356,0.33884297520661155,0.0743801652892562,0.1487603305785124,0.03305785123966942,0.03305785123966942
E177_RED_2024,Redeia,2024,densidad,58,0.008120876,0.014846114,0.033032957,0.0021137337,0.0,0.0,0.010577349,0.603448275862069,0.0,0.0,1.0,0.0,0.9428571428571428,0.0,0.05714285714285714,1.0,0.0,0.9428571428571428,0.05714285714285714,0.017241379310344827,0.3103448275862069,0.0,0.20689655172413793,0.1206896551724138,0.13793103448275862,0.13793103448275862,0.034482758620689655,0.034482758620689655
E178_IBE_2022,Iberdrola,2022,alta,226,0.008974971,0.01405614,0.036402415,0.008892529,0.0009444735,0.0011499143,0.0060442095,0.22123893805309736,0.07079646017699115,0.02654867256637168,0.9026548672566371,0.04424778761061947,0.6,0.06,0.34,0.92,0.08,0.96,0.04,0.09292035398230089,0.07079646017699115,0.008849557522123894,0.5398230088495575,0.06637168141592921,0.004424778761061947,0.19469026548672566,0.0,0.022123893805309734
E178_IBE_2023,Iberdrola,2023,alta,232,0.01050016,0.01721369,0.03247747,0.008842769,0.0011201401,0.001503056,0.005876299,0.2025862068965517,0.11206896551724138,0.017241379310344827,0.8706896551724138,0.09482758620689655,0.574468085106383,0.0425531914893617,0.3829787234042553,0.9361702127659575,0.06382978723404255,1.0,0.0,0.10775862068965517,0.04741379310344827,0.021551724137931036,0.5560344827586207,0.04741379310344827,0.004310344827586207,0.15086206896551724,0.0,0.06465517241379311
E178_IBE_2024,Iberdrola,2024,alta,191,0.008206479,0.016892608,0.016808314,0.007832889,0.0012913503,0.001437263,0.0036085842,0.21465968586387435,0.16230366492146597,0.005235602094240838,0.8324607329842932,0.15706806282722513,0.8292682926829268,0.024390243902439025,0.14634146341463414,0.9512195121951219,0.04878048780487805,0.975609756097561,0.024390243902439025,0.1099476439790576,0.041884816753926704,0.010471204188481676,0.6178010471204188,0.020942408376963352,0.005235602094240838,0.09424083769633508,0.005235602094240838,0.09424083769633508
E179_CBK_2022,Commerzbank,2022,densidad,782,0.0076548522,0.010429797,0.012369383,0.0034477364,0.0024478172,0.0018502785,0.0064564305,0.5153452685421995,0.1918158567774936,0.017902813299232736,0.7902813299232737,0.17391304347826086,0.5955334987593052,0.2630272952853598,0.141439205955335,0.6377171215880894,0.36228287841191065,0.7741935483870968,0.22580645161290322,0.04603580562659847,0.2531969309462916,0.12276214833759591,0.15089514066496162,0.159846547314578,0.043478260869565216,0.12148337595907928,0.0012787723785166241,0.1010230179028133
E179_CBK_2023,Commerzbank,2023,densidad,1281,0.008189949,0.010608834,0.012902099,0.004368284,0.0025972917,0.0014527843,0.006366007,0.5542544886807181,0.17330210772833723,0.01639344262295082,0.810304449648712,0.15690866510538642,0.6394366197183099,0.21690140845070421,0.14366197183098592,0.6732394366197183,0.3267605633802817,0.8112676056338028,0.18873239436619718,0.047619047619047616,0.27712724434035907,0.09055425448868072,0.17642466822794692,0.1249024199843872,0.05230288836846214,0.1444184231069477,0.00546448087431694,0.08118657298985169
E179_CBK_2024,Commerzbank,2024,densidad,1984,0.009613067,0.0097979335,0.015792048,0.0040663932,0.0017733879,0.0020453546,0.005894927,0.40423387096774194,0.12449596774193548,0.030745967741935484,0.844758064516129,0.09375,0.655860349127182,0.09476309226932668,0.24937655860349128,0.814214463840399,0.185785536159601,0.8316708229426434,0.16832917705735662,0.05897177419354839,0.20816532258064516,0.03780241935483871,0.23387096774193547,0.21471774193548387,0.06098790322580645,0.1305443548387097,0.007560483870967742,0.047379032258064516
E180_BAER_2022,Julius Baer,2022,alta,23,0.034054507,0.004710145,0.096669056,0.014309274,0.0,0.002285396,0.004334611,0.0,0.0,0.21739130434782608,0.782608695652174,-0.21739130434782608,,,,,,,,0.08695652173913043,0.0,0.0,0.43478260869565216,0.13043478260869565,0.0,0.30434782608695654,0.0,0.043478260869565216
E180_BAER_2023,Julius Baer,2023,alta,23,0.034411576,0.004710145,0.09967192,0.014729622,0.0,0.0023188407,0.004334611,0.0,0.0,0.21739130434782608,0.782608695652174,-0.21739130434782608,,,,,,,,0.08695652173913043,0.0,0.0,0.43478260869565216,0.13043478260869565,0.0,0.30434782608695654,0.0,0.043478260869565216
E180_BAER_2024,Julius Baer,2024,alta,23,0.034367744,0.004710145,0.10098678,0.014729622,0.0,0.0023188407,0.004334611,0.0,0.0,0.21739130434782608,0.782608695652174,-0.21739130434782608,,,,,,,,0.08695652173913043,0.0,0.0,0.4782608695652174,0.08695652173913043,0.0,0.30434782608695654,0.0,0.043478260869565216
E181_ASML_2022,ASML Holding,2022,alta,402,0.024078429,0.016201708,0.009806828,0.012314875,0.0034151252,0.0017313854,0.00968117,0.08208955223880597,0.13432835820895522,0.03980099502487562,0.8258706467661692,0.0945273631840796,0.6666666666666666,0.06060606060606061,0.2727272727272727,0.8484848484848485,0.15151515151515152,1.0,0.0,0.29850746268656714,0.009950248756218905,0.014925373134328358,0.10696517412935323,0.2736318407960199,0.0,0.09203980099502487,0.017412935323383085,0.1865671641791045
E181_ASML_2023,ASML Holding,2023,alta,1207,0.011215586,0.006028221,0.010851545,0.0054597454,0.0024901559,0.0025191756,0.0059248256,0.15990057995028997,0.07042253521126761,0.061309030654515324,0.8682684341342171,0.009113504556752285,0.9326424870466321,0.031088082901554404,0.03626943005181347,0.9378238341968912,0.06217616580310881,0.45595854922279794,0.5440414507772021,0.0115990057995029,0.11019055509527755,0.007456503728251864,0.14664457332228667,0.09444904722452362,0.00579950289975145,0.5874067937033969,0.027340513670256836,0.009113504556752278
E181_ASML_2024,ASML Holding,2024,alta,2810,0.009399222,0.017936142,0.008577193,0.002300002,0.0038670285,0.0021123223,0.003947514,0.4903914590747331,0.2886120996441281,0.042704626334519574,0.6686832740213523,0.24590747330960852,0.7256894049346879,0.19593613933236576,0.0783744557329463,0.602322206095791,0.397677793904209,0.6262699564586357,0.3737300435413643,0.05088967971530249,0.2775800711743772,0.09359430604982207,0.09679715302491103,0.24341637010676156,0.02704626334519573,0.09572953736654805,0.07864768683274022,0.036298932384341634
E182_MEL_2022,Meliá Hotels,2022,densidad,321,0.007269988,0.016699173,0.01083362,0.0031820298,0.0032435623,0.0017722036,0.0043757427,0.7476635514018691,0.2866043613707165,0.03115264797507788,0.6822429906542056,0.2554517133956386,0.5333333333333333,0.32083333333333336,0.14583333333333334,0.6375,0.3625,0.6708333333333333,0.32916666666666666,0.03115264797507788,0.35514018691588783,0.04672897196261682,0.0778816199376947,0.040498442367601244,0.21806853582554517,0.08099688473520249,0.13707165109034267,0.012461059190031152
E182_MEL_2023,Meliá Hotels,2023,densidad,462,0.008637845,0.023439804,0.007633547,0.0024133967,0.0037924536,0.0010464753,0.0051610554,0.47186147186147187,0.35714285714285715,0.03463203463203463,0.6082251082251082,0.3225108225108225,0.5045871559633027,0.3211009174311927,0.1743119266055046,0.5963302752293578,0.4036697247706422,0.7752293577981652,0.22477064220183487,0.04112554112554113,0.19047619047619047,0.06493506493506493,0.05194805194805195,0.2813852813852814,0.170995670995671,0.06060606060606061,0.08008658008658008,0.05844155844155844
E182_MEL_2024,Meliá Hotels,2024,densidad,690,0.0072976914,0.019270418,0.0070916046,0.003914832,0.0030031384,0.0014306818,0.0059304526,0.4826086956521739,0.3144927536231884,0.014492753623188406,0.6710144927536232,0.3,0.5975975975975976,0.2672672672672673,0.13513513513513514,0.5855855855855856,0.4144144144144144,0.7777777777777778,0.2222222222222222,0.050724637681159424,0.17246376811594202,0.06086956521739131,0.14492753623188406,0.2942028985507246,0.13333333333333333,0.034782608695652174,0.07536231884057971,0.03333333333333333
E183_G24_2022,Scout24,2022,alta,20,0.0019999999,0.009882353,0.0009259259,0.0,0.0023809525,0.0009259259,0.0,0.2,0.15,0.0,0.85,0.15,1.0,0.0,0.0,0.75,0.25,1.0,0.0,0.05,0.0,0.1,0.2,0.25,0.05,0.3,0.05,0.0
E183_G24_2023,Scout24,2023,alta,912,0.011110908,0.012069774,0.009497805,0.0058683814,0.0024176317,0.0020706458,0.0054777944,0.28728070175438597,0.1118421052631579,0.039473684210526314,0.8486842105263158,0.07236842105263158,0.7900763358778626,0.0916030534351145,0.1183206106870229,0.7938931297709924,0.20610687022900764,0.6870229007633588,0.31297709923664124,0.09100877192982457,0.2149122807017544,0.03399122807017544,0.15679824561403508,0.30043859649122806,0.008771929824561403,0.06030701754385965,0.006578947368421052,0.12719298245614036
E183_G24_2024,Scout24,2024,alta,1044,0.011689925,0.013588401,0.0104890065,0.0046590464,0.0013413286,0.003127723,0.0049362406,0.2940613026819923,0.10057471264367816,0.034482758620689655,0.8649425287356322,0.06609195402298851,0.8110749185667753,0.08469055374592833,0.10423452768729642,0.8631921824104235,0.13680781758957655,0.6938110749185668,0.30618892508143325,0.09099616858237548,0.210727969348659,0.0210727969348659,0.18199233716475097,0.2672413793103448,0.0038314176245210726,0.08045977011494253,0.009578544061302681,0.13409961685823754
E184_SPSN_2022,Swiss Prime Site,2022,alta,1384,0.007625236,0.015851041,0.009199414,0.0045044785,0.0032981054,0.0026929714,0.006452932,0.4226878612716763,0.16618497109826588,0.02023121387283237,0.8135838150289018,0.14595375722543352,0.6581196581196581,0.27008547008547007,0.07179487179487179,0.6820512820512821,0.31794871794871793,0.7794871794871795,0.2205128205128205,0.07514450867052024,0.20809248554913296,0.08815028901734104,0.16546242774566475,0.1972543352601156,0.05346820809248555,0.07803468208092486,0.05130057803468208,0.08309248554913294
E184_SPSN_2023,Swiss Prime Site,2023,densidad,736,0.008549666,0.01395986,0.008062172,0.005522174,0.0022381,0.002011072,0.0076785847,0.4279891304347826,0.1480978260869565,0.016304347826086956,0.8355978260869565,0.13179347826086957,0.726984126984127,0.2222222222222222,0.050793650793650794,0.6349206349206349,0.36507936507936506,0.7523809523809524,0.24761904761904763,0.08152173913043478,0.2269021739130435,0.07744565217391304,0.17255434782608695,0.21739130434782608,0.04076086956521739,0.09239130434782608,0.017663043478260868,0.07336956521739131
E184_SPSN_2024,Swiss Prime Site,2024,alta,1295,0.007925513,0.013348662,0.009282077,0.0043105455,0.0021249303,0.0012930591,0.0064007216,0.5073359073359074,0.14826254826254825,0.033204633204633204,0.8185328185328186,0.11505791505791504,0.7397260273972602,0.1659056316590563,0.0943683409436834,0.7321156773211568,0.2678843226788432,0.7077625570776256,0.2922374429223744,0.061003861003861,0.3250965250965251,0.06486486486486487,0.15675675675675677,0.16602316602316602,0.040926640926640924,0.09034749034749034,0.03088803088803089,0.06409266409266409
E185_LEG_2022,LEG Immobilien,2022,densidad,410,0.0069259237,0.017157376,0.0067682834,0.0031384565,0.003212073,0.0021413586,0.0039109,0.4121951219512195,0.1975609756097561,0.01707317073170732,0.7853658536585366,0.18048780487804877,0.7514792899408284,0.17159763313609466,0.07692307692307693,0.7751479289940828,0.22485207100591717,0.7810650887573964,0.21893491124260356,0.04390243902439024,0.2121951219512195,0.1073170731707317,0.18292682926829268,0.2073170731707317,0.036585365853658534,0.12926829268292683,0.00975609756097561,0.07073170731707316
E185_LEG_2023,LEG Immobilien,2023,densidad,396,0.0065998407,0.014757645,0.007715197,0.0032991332,0.003220016,0.0025147712,0.003433508,0.3939393939393939,0.17676767676767677,0.015151515151515152,0.8080808080808081,0.1616161616161616,0.7692307692307693,0.1346153846153846,0.09615384615384616,0.782051282051282,0.21794871794871795,0.7948717948717948,0.20512820512820512,0.050505050505050504,0.16666666666666666,0.11363636363636363,0.20707070707070707,0.23737373737373738,0.03535353535353535,0.11363636363636363,0.012626262626262626,0.06313131313131314
E185_LEG_2024,LEG Immobilien,2024,densidad,933,0.0090089915,0.011808833,0.014543156,0.0034501809,0.00236707,0.0025351387,0.0038780835,0.5123258306538049,0.11146838156484459,0.03858520900321544,0.84994640943194,0.07288317256162916,0.7154811715481172,0.13389121338912133,0.1506276150627615,0.803347280334728,0.19665271966527198,0.7196652719665272,0.2803347280334728,0.04072883172561629,0.36441586280814575,0.03644158628081458,0.17470525187566988,0.1789924973204716,0.01929260450160772,0.14790996784565916,0.012861736334405145,0.02465166130760986
E186_NHY_2022,Norsk Hydro,2022,densidad,418,0.022007426,0.014097327,0.0063996497,0.003731833,0.004756553,0.000823193,0.005926156,0.37320574162679426,0.2607655502392344,0.07177033492822966,0.6674641148325359,0.18899521531100477,0.6987179487179487,0.24358974358974358,0.057692307692307696,0.46794871794871795,0.532051282051282,0.6282051282051282,0.3717948717948718,0.16507177033492823,0.24880382775119617,0.019138755980861243,0.06220095693779904,0.35406698564593303,0.04784688995215311,0.02631578947368421,0.03349282296650718,0.0430622009569378
E186_NHY_2023,Norsk Hydro,2023,alta,2326,0.013944432,0.009265128,0.009275827,0.005414963,0.0029686315,0.0019368058,0.00474083,0.5133276010318143,0.16852966466036112,0.08469475494411006,0.7467755803955288,0.08383490971625106,0.6457286432160804,0.18425460636515914,0.17001675041876047,0.7144053601340034,0.28559463986599665,0.5829145728643216,0.41708542713567837,0.040842648323301804,0.266122098022356,0.07007738607050731,0.06878761822871883,0.24290627687016336,0.11006018916595013,0.09071367153912296,0.07953568357695615,0.030954428202923472
E186_NHY_2024,Norsk Hydro,2024,alta,2015,0.017054006,0.009974005,0.0119635295,0.005606281,0.0025029683,0.0021437258,0.0050230264,0.563771712158809,0.1707196029776675,0.09925558312655088,0.7300248138957817,0.07146401985111663,0.6073943661971831,0.17253521126760563,0.22007042253521128,0.7095070422535211,0.2904929577464789,0.6197183098591549,0.38028169014084506,0.05359801488833747,0.2794044665012407,0.07692307692307693,0.062034739454094295,0.1870967741935484,0.12655086848635236,0.08933002481389578,0.10074441687344914,0.024317617866004962
E187_OCI_2022,OCI,2022,densidad,91,0.00888016,0.03509879,0.0020059305,0.003335172,0.00082656014,0.0012210013,0.0058811577,0.5494505494505495,0.42857142857142855,0.0,0.5714285714285714,0.42857142857142855,0.46,0.54,0.0,0.44,0.56,0.68,0.32,0.04395604395604396,0.054945054945054944,0.21978021978021978,0.06593406593406594,0.17582417582417584,0.04395604395604396,0.03296703296703297,0.3076923076923077,0.054945054945054944
E187_OCI_2023,OCI,2023,densidad,95,0.011731624,0.036467534,0.0040070266,0.007651446,0.0021583685,0.0018623482,0.0057465113,0.5263157894736842,0.5052631578947369,0.010526315789473684,0.4842105263157895,0.4947368421052632,0.74,0.26,0.0,0.38,0.62,0.8,0.2,0.12631578947368421,0.16842105263157894,0.12631578947368421,0.07368421052631578,0.22105263157894736,0.06315789473684211,0.031578947368421054,0.1368421052631579,0.05263157894736842
E187_OCI_2024,OCI,2024,densidad_baja,40,0.0054179607,0.03399981,0.002124183,0.0023876322,0.0037301588,0.00073529413,0.0015625,0.3,0.525,0.0,0.475,0.525,0.3333333333333333,0.6666666666666666,0.0,0.5,0.5,0.8333333333333334,0.16666666666666666,0.05,0.05,0.25,0.125,0.2,0.0,0.075,0.15,0.1
E188_CLN_2022,Clariant,2022,densidad,2384,0.012352912,0.022547824,0.007296371,0.0034647065,0.0033936577,0.0013964205,0.0049926788,0.4601510067114094,0.27181208053691275,0.044043624161073824,0.6841442953020134,0.22776845637583892,0.5742935278030994,0.325432999088423,0.10027347310847767,0.7092069279854147,0.2907930720145852,0.772105742935278,0.22789425706472197,0.053691275167785234,0.22651006711409397,0.04823825503355705,0.11073825503355705,0.23657718120805368,0.06543624161073826,0.09941275167785235,0.06417785234899329,0.09521812080536912
E188_CLN_2023,Clariant,2023,alta,2625,0.012762782,0.022712518,0.007124422,0.003879687,0.0035594865,0.0012862621,0.0052658524,0.4868571428571429,0.2693333333333333,0.045714285714285714,0.684952380952381,0.2236190476190476,0.568075117370892,0.32316118935837246,0.10876369327073553,0.7464788732394366,0.2535211267605634,0.7394366197183099,0.2605633802816901,0.05523809523809524,0.232,0.03314285714285714,0.08,0.2659047619047619,0.07923809523809523,0.08266666666666667,0.08304761904761905,0.08876190476190476
E188_CLN_2024,Clariant,2024,alta,3749,0.0135143995,0.02402648,0.0077503608,0.003987193,0.002498409,0.0012541891,0.0061318744,0.5108028807682049,0.2830088023472926,0.046679114430514805,0.6703120832221926,0.23632968791677778,0.6067885117493472,0.2694516971279373,0.1237597911227154,0.7378590078328982,0.26214099216710185,0.766579634464752,0.23342036553524803,0.05494798612963457,0.19391837823419578,0.035476126967191254,0.10242731395038678,0.2435316084289144,0.11363030141371032,0.0712189917311283,0.09789277140570819,0.08695652173913043
E189_MB_2022,Mediobanca,2022,densidad_baja,43,0.014562879,0.00784968,0.0074955155,0.011196339,0.0024837614,0.00082158577,0.0058339024,0.2558139534883721,0.3488372093023256,0.23255813953488372,0.4186046511627907,0.11627906976744187,0.5454545454545454,0.36363636363636365,0.09090909090909091,0.5454545454545454,0.45454545454545453,0.8181818181818182,0.18181818181818182,0.023255813953488372,0.11627906976744186,0.11627906976744186,0.06976744186046512,0.046511627906976744,0.0,0.627906976744186,0.0,0.0
E189_MB_2023,Mediobanca,2023,densidad_baja,24,0.009862253,0.007484296,0.039013993,0.005074506,0.0009793447,0.0035456729,0.00512939,0.9166666666666666,0.20833333333333334,0.0,0.7916666666666666,0.20833333333333334,0.5,0.045454545454545456,0.45454545454545453,0.6818181818181818,0.3181818181818182,0.9545454545454546,0.045454545454545456,0.0,0.625,0.0,0.125,0.0,0.0,0.20833333333333334,0.0,0.041666666666666664
E189_MB_2024,Mediobanca,2024,densidad,46,0.015442294,0.005011703,0.054876816,0.0030095,0.00093167694,0.0043586874,0.0017629713,0.8695652173913043,0.08695652173913043,0.0,0.9130434782608695,0.08695652173913043,0.225,0.05,0.725,0.875,0.125,0.975,0.025,0.0,0.6304347826086957,0.0,0.13043478260869565,0.0,0.0,0.2391304347826087,0.0,0.0
E190_DB1_2022,Deutsche Börse,2022,alta,30,0.0011904762,0.013508405,0.003500313,0.0036151817,0.0041572265,0.0,0.0117476275,0.9333333333333333,0.36666666666666664,0.03333333333333333,0.6,0.3333333333333333,0.75,0.25,0.0,0.39285714285714285,0.6071428571428571,0.7857142857142857,0.21428571428571427,0.06666666666666667,0.3333333333333333,0.1,0.4666666666666667,0.0,0.0,0.03333333333333333,0.0,0.0
E190_DB1_2023,Deutsche Börse,2023,alta,124,0.0038613323,0.031132897,0.0023288098,0.0010556075,0.003543479,0.0,0.002929464,0.20161290322580644,0.6532258064516129,0.03225806451612903,0.31451612903225806,0.6209677419354839,0.44,0.48,0.08,0.32,0.68,0.84,0.16,0.03225806451612903,0.08870967741935484,0.12096774193548387,0.04838709677419355,0.04032258064516129,0.0,0.6370967741935484,0.0,0.03225806451612903
E190_DB1_2024,Deutsche Börse,2024,densidad,771,0.008731477,0.013472312,0.011724878,0.0037906717,0.002544291,0.0023846012,0.003916159,0.45265888456549935,0.1297016861219196,0.0311284046692607,0.8391699092088197,0.0985732814526589,0.7765042979942693,0.06876790830945559,0.15472779369627507,0.7936962750716332,0.20630372492836677,0.7879656160458453,0.21203438395415472,0.058365758754863814,0.245136186770428,0.019455252918287938,0.22178988326848248,0.25421530479896237,0.01297016861219196,0.13618677042801555,0.011673151750972763,0.040207522697795074
E191_RIGN_2022,Transocean,2022,densidad,80,0.02728011,0.0046679834,0.016443295,0.03147973,0.007850864,0.007334261,0.0070932535,0.3625,0.075,0.1375,0.7875,-0.06250000000000001,0.5517241379310345,0.06896551724137931,0.3793103448275862,0.9310344827586207,0.06896551724137931,0.6551724137931034,0.3448275862068966,0.0875,0.0125,0.0,0.0,0.0875,0.05,0.5875,0.0375,0.1375
E191_RIGN_2023,Transocean,2023,densidad_baja,270,0.022968784,0.009941174,0.020116195,0.021756753,0.0028046423,0.013251224,0.0070179678,0.4,0.1259259259259259,0.24814814814814815,0.6259259259259259,-0.12222222222222223,0.48148148148148145,0.17592592592592593,0.3425925925925926,0.8888888888888888,0.1111111111111111,0.7777777777777778,0.2222222222222222,0.040740740740740744,0.04814814814814815,0.007407407407407408,0.014814814814814815,0.12962962962962962,0.03333333333333333,0.6296296296296297,0.011111111111111112,0.08518518518518518
E191_RIGN_2024,Transocean,2024,densidad_baja,53,0.035962924,0.0026787163,0.019514007,0.044348042,0.003249476,0.010196229,0.0068575083,0.4339622641509434,0.03773584905660377,0.18867924528301888,0.7735849056603774,-0.15094339622641512,0.43478260869565216,0.08695652173913043,0.4782608695652174,1.0,0.0,0.6086956521739131,0.391304347826087,0.03773584905660377,0.018867924528301886,0.0,0.0,0.0,0.03773584905660377,0.7169811320754716,0.018867924528301886,0.16981132075471697
E192_SRG_2022,Snam,2022,alta,1176,0.014668124,0.011314008,0.008398007,0.007688576,0.001687789,0.0018665255,0.0041026017,0.3630952380952381,0.17091836734693877,0.05952380952380952,0.7695578231292517,0.11139455782312925,0.6159250585480094,0.2903981264637002,0.0936768149882904,0.7283372365339579,0.2716627634660422,0.7306791569086651,0.2693208430913349,0.10034013605442177,0.17346938775510204,0.11649659863945579,0.14285714285714285,0.266156462585034,0.034013605442176874,0.09268707482993198,0.02806122448979592,0.04591836734693878
E192_SRG_2023,Snam,2023,alta,60,0.0014268259,0.0030572787,0.0148825245,0.010996606,0.0010204081,0.009127269,0.0,0.7666666666666667,0.0,0.0,1.0,0.0,0.8260869565217391,0.17391304347826086,0.0,0.9130434782608695,0.08695652173913043,0.6521739130434783,0.34782608695652173,0.13333333333333333,0.5666666666666667,0.06666666666666667,0.05,0.05,0.0,0.08333333333333333,0.05,0.0
E192_SRG_2024,Snam,2024,densidad,1692,0.010844534,0.01226922,0.005457398,0.0055434695,0.0023126425,0.0012891924,0.0044535673,0.4598108747044917,0.21749408983451538,0.04550827423167849,0.7369976359338062,0.17198581560283688,0.5655526992287918,0.3329048843187661,0.10154241645244216,0.6362467866323908,0.36375321336760924,0.699228791773779,0.30077120822622105,0.06796690307328605,0.21513002364066194,0.08333333333333333,0.07801418439716312,0.3463356973995272,0.09869976359338062,0.057328605200945626,0.027186761229314422,0.026004728132387706
E193_LSG_2022,Lerøy Seafood,2022,densidad,93,0.010839817,0.01105257,0.0028809353,0.0010051153,0.0040650605,0.0015974811,0.0028115544,0.5591397849462365,0.08602150537634409,0.010752688172043012,0.9032258064516129,0.07526881720430108,0.8846153846153846,0.019230769230769232,0.09615384615384616,0.9423076923076923,0.057692307692307696,0.8269230769230769,0.17307692307692307,0.043010752688172046,0.08602150537634409,0.07526881720430108,0.3548387096774194,0.16129032258064516,0.12903225806451613,0.07526881720430108,0.06451612903225806,0.010752688172043012
E193_LSG_2023,Lerøy Seafood,2023,alta,307,0.018457055,0.014044227,0.006098467,0.0028713148,0.003975427,0.0022703204,0.0036191128,0.40716612377850164,0.30944625407166126,0.04234527687296417,0.6482084690553745,0.2671009771986971,0.648,0.208,0.144,0.576,0.424,0.8,0.2,0.10097719869706841,0.10097719869706841,0.06514657980456026,0.048859934853420196,0.21498371335504887,0.2671009771986971,0.04234527687296417,0.09446254071661238,0.06514657980456026
E193_LSG_2024,Lerøy Seafood,2024,alta,1648,0.0188981,0.010969828,0.010967813,0.0037605513,0.0030349933,0.0029941094,0.004324248,0.2675970873786408,0.13470873786407767,0.09162621359223301,0.7736650485436893,0.043082524271844655,0.7165532879818595,0.07709750566893424,0.20634920634920634,0.81859410430839,0.18140589569160998,0.81859410430839,0.18140589569160998,0.09466019417475728,0.12924757281553398,0.017597087378640776,0.16140776699029127,0.2421116504854369,0.16565533980582525,0.09587378640776699,0.019417475728155338,0.07402912621359223
E194_LISN_2022,Lindt & Sprüngli,2022,densidad_baja,36,0.0012077295,0.024663832,0.0030505867,0.0,0.001994302,0.0022335933,0.0056584366,0.3055555555555556,0.3333333333333333,0.0,0.6666666666666666,0.3333333333333333,0.9090909090909091,0.09090909090909091,0.0,0.5454545454545454,0.45454545454545453,0.7272727272727273,0.2727272727272727,0.1111111111111111,0.08333333333333333,0.05555555555555555,0.25,0.16666666666666666,0.1111111111111111,0.1111111111111111,0.0,0.1111111111111111
E194_LISN_2023,Lindt & Sprüngli,2023,densidad,75,0.009626164,0.02335964,0.003080901,0.0017074702,0.004351061,0.0007475678,0.0006060606,0.04,0.6266666666666667,0.08,0.29333333333333333,0.5466666666666667,0.6666666666666666,0.3333333333333333,0.0,1.0,0.0,1.0,0.0,0.0,0.013333333333333334,0.013333333333333334,0.06666666666666667,0.04,0.013333333333333334,0.7866666666666666,0.013333333333333334,0.05333333333333334
E194_LISN_2024,Lindt & Sprüngli,2024,densidad,87,0.007577192,0.0043830047,0.00972078,0.010747625,0.0011711877,0.0021679231,0.0028189155,0.28735632183908044,0.022988505747126436,0.0,0.9770114942528736,0.022988505747126436,0.88,0.0,0.12,1.0,0.0,1.0,0.0,0.06896551724137931,0.011494252873563218,0.0,0.8620689655172413,0.04597701149425287,0.0,0.011494252873563218,0.0,0.0
E195_CTS_2022,CTS Eventim,2022,densidad_baja,10,0.0,0.009449543,0.0020292301,0.0012658713,0.0,0.0015267176,0.0,0.0,0.0,0.0,1.0,0.0,,,,,,,,0.0,0.0,0.0,0.6,0.3,0.0,0.1,0.0,0.0
E195_CTS_2023,CTS Eventim,2023,densidad_baja,66,0.004181491,0.006139203,0.0022601662,0.0056621297,0.005556789,0.0007575758,0.007356081,0.09090909090909091,0.19696969696969696,0.030303030303030304,0.7727272727272727,0.16666666666666666,0.8333333333333334,0.16666666666666666,0.0,0.8333333333333334,0.16666666666666666,1.0,0.0,0.015151515151515152,0.015151515151515152,0.045454545454545456,0.19696969696969696,0.045454545454545456,0.0,0.5757575757575758,0.0,0.10606060606060606
E195_CTS_2024,CTS Eventim,2024,densidad_baja,19,0.0039802454,0.0028337345,0.025124377,0.003450593,0.0037631318,0.017311834,0.0017785946,0.0,0.05263157894736842,0.0,0.9473684210526315,0.05263157894736842,,,,,,,,0.10526315789473684,0.0,0.0,0.7894736842105263,0.0,0.0,0.10526315789473684,0.0,0.0
E196_DIE_2022,DIETEREN Group,2022,densidad,62,0.00466247,0.030983035,0.00027808675,0.00089605735,0.0032260567,0.00027808675,0.0017447271,0.20967741935483872,0.5483870967741935,0.016129032258064516,0.43548387096774194,0.532258064516129,0.6153846153846154,0.38461538461538464,0.0,0.5384615384615384,0.46153846153846156,0.46153846153846156,0.5384615384615384,0.03225806451612903,0.11290322580645161,0.11290322580645161,0.11290322580645161,0.1935483870967742,0.016129032258064516,0.3387096774193548,0.03225806451612903,0.04838709677419355
E196_DIE_2023,DIETEREN Group,2023,alta,46,0.00070126227,0.02066077,0.010494052,0.0015756864,0.0031716183,0.0012787724,0.006802437,0.7608695652173914,0.30434782608695654,0.021739130434782608,0.6739130434782609,0.28260869565217395,0.9428571428571428,0.02857142857142857,0.02857142857142857,0.6285714285714286,0.37142857142857144,0.8857142857142857,0.11428571428571428,0.06521739130434782,0.2391304347826087,0.08695652173913043,0.3695652173913043,0.15217391304347827,0.0,0.06521739130434782,0.0,0.021739130434782608
E196_DIE_2024,DIETEREN Group,2024,densidad,3822,0.015871983,0.012459927,0.010057896,0.0039124545,0.0024629522,0.0026575795,0.0044179433,0.413134484563056,0.16928309785452642,0.07247514390371533,0.7582417582417582,0.09680795395081108,0.7055098163394553,0.15832805573147563,0.13616212792906904,0.7333755541481951,0.26662444585180495,0.7764407853071564,0.22355921469284357,0.08503401360544217,0.19937205651491366,0.027995813710099425,0.22344322344322345,0.2305075876504448,0.031135531135531136,0.10701203558346416,0.05886970172684458,0.03663003663003663
