doc_id,empresa,año,confianza,ratio_cuantitativo,ratio_futuro,ratio_futuro_sin_cifra,lm_uncertainty,lm_weak_modal,climate_specificity_spec,finbert_tone,climate_sentiment_opportunity,climate_sentiment_risk,climate_commitment_yes,hedging_ratio,z_hedging,z_futuro_sin_cifra,z_cuantitativo,z_specificity,GW_index
E001_STLAM_2022,Stellantis,2022,alta,0.26259541984732826,0.22290076335877862,0.17709923664122137,0.0041726627,0.0011082283,0.2484076433121019,0.2091603053435114,0.2707006369426751,0.054140127388535,0.3280254777070063,0.005280891,-0.7056724821539789,1.1128000239523381,-0.4633282238367555,-0.07442276396626946,0.9448785296013841
E001_STLAM_2023,Stellantis,2023,alta,0.2802275960170697,0.2532005689900427,0.18634423897581792,0.004943274,0.0013876364,0.2705882352941176,0.2204836415362731,0.3029411764705882,0.05,0.3529411764705882,0.0063309104000000005,-0.606409346811268,1.3046547042545027,-0.3138159384860967,0.09777854659464025,0.9142827493346911
E001_STLAM_2024,Stellantis,2024,alta,0.24072984108299,0.1877575044143614,0.13066509711595056,0.012673281,0.0028480312,0.208695652173913,0.1006474396703943,0.1565217391304348,0.1637681159420289,0.2826086956521739,0.0155213122,0.26240136061689323,0.14918674714555463,-0.6487377059165268,-0.3827308976952556,1.44305671137423
E002_MBG_2022,Mercedes-Benz Group,2022,alta,0.24585523655479175,0.15325515568135867,0.1196926809543065,0.011735901,0.0028101979,0.3537832310838446,0.0986655883542256,0.3251533742331288,0.1554192229038855,0.4089979550102249,0.0145460989,0.1702099879756719,-0.07851567180969089,-0.6052768430634173,0.7436714658961769,-0.0467003066667786
E002_MBG_2023,Mercedes-Benz Group,2023,alta,0.18761384335154827,0.16514875531268974,0.11839708561020036,0.01502733,0.0038156977,0.3009049773755656,0.0242865816636308,0.167420814479638,0.1447963800904977,0.2873303167420814,0.0188430277,0.5764183161574105,-0.1054022015852731,-1.0991355543191903,0.3331456965154067,1.237005972375921
E002_MBG_2024,Mercedes-Benz Group,2024,alta,0.19894651539708266,0.14910858995137763,0.10737439222042139,0.008584425,0.0018730175,0.2784810126582278,0.1239870340356564,0.2118143459915611,0.0987341772151898,0.2632911392405063,0.0104574425,-0.21630939785952402,-0.33414798658643147,-1.003040002621772,0.15905493665525158,0.29352768152056496
E003_CON_2022,Continental,2022,alta,0.30684931506849317,0.12876712328767123,0.08493150684931507,0.004844998,0.00047172589,0.2878787878787879,0.1232876712328767,0.1565656565656565,0.005050505050505,0.2626262626262626,0.00531672389,-0.7022850352079602,-0.7998885502008631,-0.08807669807560001,0.232015532596489,-1.6461124199297121
E003_CON_2023,Continental,2023,alta,0.42637091805298827,0.08502772643253234,0.05545286506469501,0.0127942795,0.0033436357,0.2950191570881226,0.0326555760936537,0.1302681992337164,0.0881226053639846,0.2068965517241379,0.0161379152,0.32069166176915903,-1.4116369511900044,0.9254084122678741,0.2874505244458122,-2.3038042261345315
E003_CON_2024,Continental,2024,alta,0.22805100182149363,0.1052823315118397,0.07832422586520947,0.008732491,0.0014963354,0.2100591715976331,0.0207650273224043,0.0660749506903353,0.1380670611439842,0.1183431952662721,0.0102288264,-0.2379215231934205,-0.937004554609906,-0.7562481014191018,-0.3721450742000921,-0.046532902184132474
E004_FR_2022,Valeo,2022,alta,0.4104074619538537,0.17034855179185077,0.09572901325478646,0.007244491,0.0014856927,0.3658536585365853,0.1890034364261168,0.148664343786295,0.1312427409988385,0.3321718931475029,0.0087301837,-0.37959507052070385,-0.5758159037581306,0.7900460621813095,0.8373814727380886,-2.5828385091982327
E004_FR_2023,Valeo,2023,alta,0.41107300342969133,0.1773640372366487,0.096031357177854,0.007274473,0.0015774766,0.3647450110864745,0.1783439490445859,0.171840354767184,0.1219512195121951,0.3614190687361419,0.0088519496,-0.368083983190482,-0.5695415844446184,0.7956895304685024,0.82877437406309,-2.5620894721666927
E004_FR_2024,Valeo,2024,alta,0.3964329144710174,0.19983785974868262,0.11593027969193352,0.008986227,0.0019390418,0.2189905902480752,0.1159302796919335,0.1112061591103507,0.1633875106928999,0.2557741659538067,0.010925268799999999,-0.17208363847471697,-0.1565939962098686,0.6715486906268154,-0.302805085527954,-0.697421239783447
E005_CABK_2022,CaixaBank,2022,densidad,0.4411764705882353,0.25,0.12867647058823528,0.00567434,0.00086049584,0.4105960264900662,0.0698529411764705,0.1655629139072847,0.0728476821192053,0.3973509933774834,0.00653483584,-0.5871313424710227,0.10791825494761631,1.0509523028298795,1.1847434550257991,-2.7149088453790853
E005_CABK_2023,CaixaBank,2023,media,0.35135135135135137,0.16216216216216217,0.05405405405405406,0.00710959,0.002373341,0.0,0.0,0.0,0.0,0.25,0.009482931,-0.30843442613759986,-1.4406654391813358,0.2892789433015718,-2.002961090011599,-0.03541771860890863
E005_CABK_2024,CaixaBank,2024,alta,0.23267001968073475,0.1694729936584299,0.1305488738246228,0.012112649,0.0019420211,0.1703296703296703,0.1239886289088126,0.1401098901098901,0.2293956043956043,0.2802197802197802,0.0140546701,0.12375297633788115,0.14677485133478663,-0.717081074640196,-0.680589149625206,1.6681980519380697
E006_HSBA_2022,HSBC,2022,alta,0.26014319809069214,0.28758949880668255,0.22673031026252982,0.011610354,0.0013328524,0.2857142857142857,0.2762529832935561,0.188034188034188,0.1929181929181929,0.336996336996337,0.0129432064,0.018681230347654617,2.1427569042266006,-0.48412187264628015,0.21521119708815722,2.430348810132378
E006_HSBA_2023,HSBC,2023,densidad,0.23879231473010065,0.312900274473925,0.25343092406221407,0.018022807,0.0018511952,0.2985257985257985,0.2726440988106129,0.1498771498771498,0.1953316953316953,0.3255528255528255,0.019874002199999997,0.6738810500158356,2.6968549497446754,-0.6651669878247203,0.31467469644828155,3.72122829113695
E006_HSBA_2024,HSBC,2024,alta,0.27884615384615385,0.22263313609467456,0.16789940828402367,0.010274418,0.0018554261,0.3648424543946932,0.2707100591715976,0.1907131011608623,0.12106135986733,0.3432835820895522,0.0121298441,-0.058209627161795806,0.9218828057165049,-0.32552989676697247,0.8295308852235792,0.35967219009810236
E007_SEB_2022,Skandinaviska Enskilda Banken,2022,alta,0.23803827751196172,0.25478468899521534,0.17942583732057416,0.016308447,0.0018253985,0.1693121693121693,0.1866028708133971,0.1552028218694885,0.2045855379188712,0.3033509700176366,0.0181338455,0.5093760798889743,1.1610822431852774,-0.6715608570010545,-0.6884886235821139,3.0305078036574202
E007_SEB_2023,Skandinaviska Enskilda Banken,2023,densidad,0.3168724279835391,0.2139917695473251,0.15390946502057612,0.012375023,0.0011669457,0.2495840266222961,0.1580246913580247,0.1630615640599001,0.1381031613976705,0.259567387687188,0.0135419687,0.07528496854812293,0.6315598836540647,-0.003085571408664306,-0.06528979096439155,0.7752202145752435
E007_SEB_2024,Skandinaviska Enskilda Banken,2024,densidad,0.31832395247029394,0.19824890556597874,0.1288305190744215,0.015107196,0.0020368425,0.2600243013365735,0.1063164477798624,0.1020656136087484,0.1543134872417983,0.198055893074119,0.0171440385,0.41580509805362675,0.1111151089881707,0.009222650853179203,0.015764357178823168,0.501933199009795
E008_RBI_2022,Raiffeisen Bank International,2022,densidad,0.4235294117647059,0.1411764705882353,0.11764705882352941,0.0033276684,0.0020034208,0.3333333333333333,0.1176470588235293,0.5,0.1666666666666666,0.5,0.0053310892,-0.700927016764901,-0.12096695150819402,0.9013138198075041,0.58490657827145,-2.308114366352049
E008_RBI_2023,Raiffeisen Bank International,2023,densidad_baja,0.12871287128712872,0.1485148514851485,0.12871287128712872,0.046423316,0.0013551556,0.0384615384615384,0.0495049504950495,0.0,0.6923076923076923,0.1153846153846153,0.0477784716,3.3118181421483563,0.10867365166859293,-1.5985871737874304,-1.7043609744404786,6.723439942044858
E008_RBI_2024,Raiffeisen Bank International,2024,alta,0.1292517006802721,0.14852607709750568,0.12131519274376418,0.014291143,0.001664431,0.0327868852459016,0.1213151927437641,0.1381733021077283,0.1826697892271662,0.1662763466042154,0.015955574,0.3034541143351286,-0.044844887380789,-1.5940181623842191,-1.7484167291968733,3.601044118535432
E009_UPM_2022,UPM-Kymmene,2022,densidad,0.1963470319634703,0.19360730593607306,0.13515981735159818,0.0055880276,0.0012068455,0.3924731182795699,0.2721461187214612,0.4068100358422939,0.078853046594982,0.478494623655914,0.0067948730999999995,-0.5625488312016808,0.2424623443437112,-1.0250823588884665,1.0440443903861845,-0.3390485183556875
E009_UPM_2023,UPM-Kymmene,2023,densidad,0.21182266009852216,0.17733990147783252,0.1294862772695285,0.0068176887,0.0020281605,0.3962264150943396,0.2681210415200563,0.421832884097035,0.0943396226415094,0.4663072776280323,0.0088458492,-0.3686606818979961,0.12472357270991263,-0.8938565528714384,1.0731834968154215,-0.4232640531320666
E009_UPM_2024,UPM-Kymmene,2024,densidad,0.25139664804469275,0.1931364724660814,0.13288108539505186,0.007926854,0.0013918364,0.3143884892086331,0.1101356743814844,0.1546762589928057,0.1244604316546762,0.3136690647482014,0.009318690400000001,-0.3239608410843789,0.1951735092309833,-0.5582883665448296,0.4378263294985287,-0.008325294807094652
E010_BOL_2022,Boliden AB,2022,alta,0.27371273712737126,0.15447154471544716,0.1111111111111111,0.005419783,0.0022968547,0.4894736842105263,0.1273712737127371,0.2473684210526315,0.0789473684210526,0.3368421052631579,0.0077166377,-0.47541020857821326,-0.2566026294079337,-0.36905877589645775,1.7971182755198256,-2.160072337609515
E010_BOL_2023,Boliden AB,2023,densidad,0.36363636363636365,0.18457300275482094,0.12121212121212122,0.006381888,0.0020078414,0.3055555555555556,0.140495867768595,0.2388888888888889,0.1055555555555555,0.1833333333333333,0.0083897294,-0.4117797723070783,-0.046983854471972314,0.39344987742853255,0.36925093924786284,-1.221464443455446
E010_BOL_2024,Boliden AB,2024,densidad,0.1890295358649789,0.17763713080168778,0.13670886075949368,0.013268723,0.0024986628,0.2102127659574468,0.10042194092827,0.1353191489361702,0.1846808510638297,0.1974468085106383,0.0157673858,0.28566382325431494,0.2746084939107935,-1.0871311697781563,-0.37095262856671446,2.018356115509979
E011_ACX_2022,Acerinox,2022,densidad,0.3872832369942196,0.20809248554913296,0.11560693641618497,0.0071938625,0.0010544271,0.3402777777777778,0.1676300578034682,0.2708333333333333,0.1458333333333333,0.2569444444444444,0.0082482896,-0.4251507233678358,-0.16330409952314165,0.5939638720197344,0.638820488027347,-1.8212391829380588
E011_ACX_2023,Acerinox,2023,aceptado_sin_financieros,0.3180428134556575,0.23853211009174313,0.12232415902140673,0.0073143705,0.0018653474,0.3292682926829268,0.2232415902140673,0.2804878048780488,0.0975609756097561,0.3963414634146341,0.0091797179,-0.3370985469938268,-0.02390655814874735,0.0068387286319583655,0.5533472164631199,-0.9211910502376525
E011_ACX_2024,Acerinox,2024,alta,0.315712187958884,0.24522760646108663,0.14537444933920704,0.0106840255,0.0016392452,0.2601431980906921,0.0910425844346549,0.1217183770883054,0.152744630071599,0.2410501193317422,0.0123232707,-0.039924126175166094,0.45443903006647207,-0.012923842985100749,0.016687424376364987,0.4107513225000417
E012_VOE_2022,Voestalpine,2022,densidad,0.27522935779816515,0.1743119266055046,0.09174311926605505,0.0048874295,0.002625046,0.6438356164383562,0.4220183486238532,0.589041095890411,0.0,0.4657534246575342,0.0075124755,-0.49471059492389946,-0.658532207037437,-0.35619856962823915,2.9955230363981262,-3.7925672687312235
E012_VOE_2023,Voestalpine,2023,densidad,0.2911392405063291,0.22784810126582278,0.14556962025316456,0.012438934,0.0021003813,0.4414414414414414,0.2784810126582278,0.4864864864864865,0.018018018018018,0.3693693693693693,0.014539315300000001,0.16956870324806522,0.45848926736727574,-0.22129049586246963,1.4242150112281142,-0.5748665447503036
E012_VOE_2024,Voestalpine,2024,densidad,0.3182917002417405,0.1845286059629331,0.11200644641418211,0.010563548,0.0013874284,0.1736770691994572,0.1248992747784045,0.1302578018995929,0.1709633649932157,0.1696065128900949,0.0119509764,-0.0751188087574305,-0.2380223995586541,0.008949167628405898,-0.6546012737013,0.3325108977568094
E013_1COV_2022,Covestro,2022,alta,0.2572490706319703,0.13977695167286244,0.10892193308550185,0.009697728,0.0022889907,0.3064008394543546,0.0999999999999999,0.2591815320041972,0.080797481636936,0.29800629590766,0.0119867187,-0.07173992569835592,-0.3020330181765825,-0.5086626670600842,0.37581338786452945,-0.24092366467938364
E013_1COV_2023,Covestro,2023,alta,0.2046285018270402,0.17600487210718635,0.1345919610231425,0.008167932,0.0018702669,0.2302716688227684,0.1193666260657734,0.1565329883570504,0.0815006468305304,0.2496765847347994,0.0100381989,-0.2559424124575071,0.23067804290057037,-0.9548595189255931,-0.21522327000752664,1.144818419376183
E013_1COV_2024,Covestro,2024,alta,0.24150743099787686,0.16507430997876857,0.11305732484076433,0.0106264595,0.0027487862,0.2311161217587373,0.0498938428874734,0.1228861330326944,0.173618940248027,0.2063134160090191,0.0133752457,0.05952388097798581,-0.21621429856836138,-0.6421441213174872,-0.20866727265638474,0.6941209763834963
E014_SY1_2022,Symrise,2022,densidad,0.22340425531914893,0.2127659574468085,0.20212765957446807,0.0039845193,0.0028458193,0.125,0.2553191489361702,0.0,0.0,0.125,0.0068303386,-0.5591961153123391,1.6321963319831208,-0.7956502536164574,-1.0325107144054557,2.901161184692695
E014_SY1_2023,Symrise,2023,densidad,0.35185185185185186,0.31851851851851853,0.14444444444444443,0.0017967094,0.00030386422,0.2434210526315789,0.3740740740740741,0.2434210526315789,0.0394736842105263,0.4276315789473684,0.00210057362,-1.0063224268347302,0.43513932788073806,0.29352294432155895,-0.11313667435753068,-0.7515693689180204
E014_SY1_2024,Symrise,2024,densidad,0.18085106382978725,0.1879432624113475,0.14479905437352245,0.010801924,0.0028091348,0.1807980049875311,0.1347517730496454,0.1932668329177057,0.2069825436408977,0.2793017456359102,0.013611058799999999,0.08181637163185766,0.4424982848731708,-1.1564806382094195,-0.5993171552196715,2.280112449934119
E015_YAR_2022,Yara International,2022,alta,0.2727272727272727,0.19786096256684493,0.0962566844919786,0.006067526,0.00097096333,0.2166666666666666,0.374331550802139,0.475,0.075,0.5083333333333333,0.00703848933,-0.5395186749872612,-0.5648655337255236,-0.37741503511097824,-0.32084710562761776,-0.4061220679741889
E015_YAR_2023,Yara International,2023,alta,0.27693718477762497,0.1879871618523613,0.14213663457129758,0.009022098,0.0017664401,0.2705366922234392,0.1104997707473636,0.1423877327491785,0.1708652792990142,0.2606790799561884,0.0107885381,-0.18500941677900684,0.3872470603197163,-0.34171702678154614,0.09737838665624232,0.4465762836660132
E015_YAR_2024,Yara International,2024,alta,0.27358490566037735,0.17622641509433962,0.13056603773584904,0.009375678,0.0017971413,0.3147128245476003,0.1067924528301886,0.1746656176239181,0.1439811172305271,0.2486231313926042,0.011172819300000001,-0.14868155772682223,0.14713104126117785,-0.3701427246153224,0.4403443403107132,-0.07175213216103521
E016_BBY_2022,Balfour Beatty,2022,alta,0.3066801619433198,0.15587044534412955,0.10425101214574899,0.020313397,0.0028378877,0.2236421725239616,0.2125506072874494,0.1469648562300319,0.242811501597444,0.2332268370607028,0.0231512847,0.9836975508860082,-0.3989651779727413,-0.08951103437506794,-0.2666920473935794,0.9409354546819142
E016_BBY_2023,Balfour Beatty,2023,alta,0.295397489539749,0.16569037656903765,0.11631799163179916,0.017174153,0.0027154046,0.2567849686847599,0.2192468619246861,0.2150313152400835,0.231732776617954,0.2526096033402922,0.0198895576,0.6753515731085616,-0.14854809772546318,-0.18518261340656433,-0.009384535530502754,0.7213706243201655
E016_BBY_2024,Balfour Beatty,2024,alta,0.27335907335907333,0.17065637065637065,0.12818532818532818,0.014592372,0.0021047175,0.2686567164179104,0.261003861003861,0.2260127931769723,0.208955223880597,0.2857142857142857,0.016697089499999998,0.3735529653041847,0.09772594073478381,-0.3720576727844489,0.08278300084339532,0.7605535779800221
E017_SKA B_2022,Skanska,2022,densidad,0.2664509169363538,0.16612729234088458,0.12513484358144553,0.013384767,0.0018785725,0.3436123348017621,0.1359223300970873,0.3325991189427312,0.118942731277533,0.3766519823788546,0.0152633395,0.2380140216450376,0.03442149501772134,-0.43063548214714725,0.6647086649585926,0.0383623338513136
E017_SKA B_2023,Skanska,2023,densidad,0.308411214953271,0.15046728971962617,0.10373831775700934,0.007148314,0.0017815037,0.403254972875226,0.202803738317757,0.3381555153707052,0.0994575045207956,0.3851717902350813,0.0089298177,-0.3607227556272773,-0.4096047445714717,-0.07483254607677786,1.127750429122867,-1.8232453832448383
E017_SKA B_2024,Skanska,2024,densidad,0.2861356932153392,0.13667649950835792,0.10127826941986234,0.012210207,0.0012924231,0.334763948497854,0.1563421828908554,0.2575107296137339,0.1437768240343347,0.3218884120171674,0.013502630100000001,0.07156611080512057,-0.4606563041243559,-0.26371814535588817,0.5960133064615056,-0.7213853544248527
E018_DG_2022,Vinci,2022,media,0.37037037037037035,0.23148148148148148,0.16203703703703703,0.005218762,0.00245298,0.4102564102564102,0.2685185185185185,0.3461538461538461,0.0769230769230769,0.5641025641025641,0.0076717420000000005,-0.4796544043953626,0.800225360894204,0.4505509820610886,1.1821068094136917,-1.312086834975939
E018_DG_2023,Vinci,2023,alta,0.4950033311125916,0.0832778147901399,0.04596935376415723,0.01113295,0.0024892343,0.3098591549295774,-0.0046635576282478,0.1971830985915492,0.2816901408450704,0.1267605633802817,0.013622184300000001,0.08286811602082376,-1.6084412312601017,1.5073779222641075,0.40266237627968543,-3.435613413783071
E018_DG_2024,Vinci,2024,media,0.3333333333333333,0.1794871794871795,0.1282051282051282,0.0008271298,0.0008271298,0.8333333333333334,0.282051282051282,0.7222222222222222,0.0555555555555555,0.7222222222222222,0.0016542596,-1.0485145320211766,0.09813683586830821,0.1364949065820288,4.466708080696024,-5.553580683430921
E019_EN_2022,Bouygues,2022,densidad,0.2882882882882883,0.14189189189189189,0.09384384384384384,0.0055558644,0.0022811245,0.3526645768025078,0.2109609609609609,0.4043887147335423,0.0658307210031347,0.4592476489028213,0.0078369889,-0.4640328593080401,-0.614937427102516,-0.24546518521682764,0.7349866781562033,-1.5684917793499318
E019_EN_2023,Bouygues,2023,alta,0.331146408839779,0.13121546961325967,0.08736187845303868,0.004835947,0.0017901723,0.3041338582677165,0.2016574585635359,0.3710629921259842,0.0738188976377952,0.4419291338582677,0.0066261193,-0.5785018995821285,-0.7494528498979057,0.11795084963903217,0.35821344591200943,-1.8041190450310758
E019_EN_2024,Bouygues,2024,alta,0.3058631330550009,0.17916137229987295,0.11871483027772735,0.007923923,0.0026347917,0.2374472078836227,0.1296060991105463,0.2041295166588456,0.1215391834819333,0.3148756452369779,0.0105587147,-0.2067356737025666,-0.09880828203827842,-0.0964390423029663,-0.15951523339326576,-0.04958968004461298
E020_EFGI_2022,Eiffage,2022,densidad,0.3605263157894737,0.23421052631578948,0.1394736842105263,0.004099657,0.002455743,0.5241264559068219,0.281578947368421,0.5574043261231281,0.0266222961730449,0.6222961730449251,0.006555399999999999,-0.5851873183917636,0.3319848254780414,0.3670781830521809,2.066148637987538,-2.686429313953441
E020_EFGI_2023,Eiffage,2023,alta,0.5088781275221953,0.10855528652138821,0.05488297013720742,0.007995679,0.0025713088,0.4480712166172106,0.0831315577078289,0.2997032640949555,0.0949554896142433,0.3234421364985163,0.0105669878,-0.2059535797288706,-1.4234635581676787,1.625029453192827,1.4756859537041906,-4.730132544793567
E020_EFGI_2024,Eiffage,2024,densidad,0.3120452708164915,0.2158447857720291,0.13823767178658045,0.009669355,0.0022428778,0.2480705622932745,0.1406628940986257,0.2194046306504961,0.1367144432194046,0.3054024255788313,0.011912232799999999,-0.07878141842965565,0.3063347758768387,-0.04401751836996086,-0.07703972717691548,0.34861060299405944
E021_BRNW_2022,Brunello Cucinelli,2022,densidad_baja,0.19230769230769232,0.46153846153846156,0.34615384615384615,0.005735292,0.0015135327,0.2,0.4230769230769231,0.6,0.0,0.9,0.0072488247,-0.5196347106532031,4.621065018140394,-1.059333996203622,-0.45024048904176955,5.611004792732583
E021_BRNW_2023,Brunello Cucinelli,2023,densidad_baja,0.24,0.4,0.36,0.0024526902,0.0024526902,0.1764705882352941,0.4,0.4705882352941176,0.0,0.4705882352941176,0.0049053804,-0.7411712162825318,4.908403985014149,-0.6549264036252019,-0.6329135009205732,5.455072673277392
E021_BRNW_2024,Brunello Cucinelli,2024,densidad,0.3792633015006821,0.17735334242837653,0.11732605729877217,0.011051105,0.0020432319,0.1798561151079136,0.0491132332878581,0.0743405275779376,0.1966426858513189,0.1486810551558753,0.0130943369,0.0329682875924174,-0.12762845819904062,0.5259587164189529,-0.606629614319307,-0.013989272706269151
E022_BOSS_2022,Hugo Boss,2022,densidad,0.15424164524421594,0.1953727506426735,0.14652956298200515,0.0048014657,0.001254408,0.2116788321167883,0.236503856041131,0.2481751824817518,0.0364963503649635,0.4160583941605839,0.0060558737000000005,-0.6324098237322778,0.47841024723127235,-1.3821155766470496,-0.35957067292674316,1.5876866730727872
E022_BOSS_2023,Hugo Boss,2023,alta,0.27287066246056785,0.19873817034700317,0.13564668769716087,0.016507035,0.002712265,0.2686567164179104,0.2917981072555204,0.2587064676616915,0.0696517412935323,0.3980099502487562,0.0192193,0.6119890572700158,0.2525660037172716,-0.3761991598546064,0.08278300084339532,1.1579712199984984
E022_BOSS_2024,Hugo Boss,2024,alta,0.21717451523545706,0.19501385041551247,0.1556786703601108,0.013889535,0.0020334884,0.2525773195876288,0.2332409972299168,0.1958762886597938,0.1211340206185567,0.4355670103092783,0.0159230234,0.30037695727185293,0.6682748905865232,-0.8484754221088064,-0.042051052704340695,1.8591783226715233
E023_CFR_2022,Richemont,2022,densidad_baja,0.16176470588235295,0.19852941176470587,0.14705882352941177,0.0027901593,0.0017920225,0.2272727272727272,0.3088235294117647,0.0909090909090909,0.0,0.5,0.0045821818,-0.7717246578421588,0.4893935990406343,-1.3183236783577335,-0.23850586163679335,1.2744984811930022
E023_CFR_2023,Richemont,2023,densidad_baja,0.21705426356589147,0.13953488372093023,0.12403100775193798,0.0043957494,0.0006107587,0.1692307692307692,0.5193798449612402,0.3076923076923077,0.1076923076923077,0.3538461538461538,0.0050065081,-0.7316111523713344,0.011514408300853958,-0.8494950978289729,-0.6891205814986666,0.818518935257159
E023_CFR_2024,Richemont,2024,densidad_baja,0.35353535353535354,0.10101010101010101,0.020202020202020204,0.0026854337,0.0004040404,0.2105263157894736,0.4242424242424242,0.3684210526315789,0.0,0.3684210526315789,0.0030894741,-0.9128371424802585,-2.143171603831584,0.30779822047969796,-0.36851835214862144,-2.995288614642919
E024_KER_2022,Kering,2022,densidad,0.4008589835361489,0.1725125268432355,0.10522548317823908,0.0064988965,0.0015919629,0.3060836501901141,0.2018611309949892,0.2129277566539923,0.0570342205323193,0.4334600760456273,0.0080908594,-0.4400333200604588,-0.3787427029926668,0.7090796053974661,0.3733508563395659,-1.9012064847901575
E024_KER_2023,Kering,2023,densidad,0.4025157232704403,0.13836477987421383,0.07232704402515723,0.0058183223,0.0016056263,0.1627906976744186,0.1619496855345912,0.1162790697674418,0.0697674418604651,0.4767441860465116,0.0074239486,-0.5030794475909746,-1.0614596237375205,0.7231279532315937,-0.7391187403849938,-1.5485482841750953
E024_KER_2024,Kering,2024,densidad,0.37710736468500444,0.19520851818988466,0.12156166814551908,0.0082377745,0.0018655886,0.280564263322884,0.2040816326530612,0.2006269592476489,0.1253918495297805,0.4326018808777429,0.0101033631,-0.24978214265287346,-0.03972996607578554,0.5076774199255141,0.17522846777523043,-0.9724179964294035
E025_ADS_2022,Adidas,2022,densidad,0.23412698412698413,0.23015873015873015,0.16468253968253968,0.003681396,0.00084608956,0.4200913242009132,0.3630952380952381,0.2694063926940639,0.0319634703196347,0.593607305936073,0.00452748556,-0.7768953435207829,0.8551255162345748,-0.7047267241654528,1.2584611768656682,-0.47550427998642353
E025_ADS_2023,Adidas,2023,alta,0.2883522727272727,0.21732954545454544,0.1534090909090909,0.004920652,0.0010781777,0.3828571428571428,0.2244318181818182,0.2057142857142857,0.0514285714285714,0.5057142857142857,0.0059988297000000005,-0.6378024538993867,0.6211759906364039,-0.24492262826824987,0.969389774702074,-0.7410936096968069
E025_ADS_2024,Adidas,2024,alta,0.2376357056694813,0.20958986731001206,0.15772014475271412,0.009026098,0.0021253368,0.201241134751773,0.0901688781664656,0.0921985815602836,0.1781914893617021,0.3067375886524823,0.0111514348,-0.150703132297479,0.710640095349347,-0.6749744705906444,-0.4406048115534821,1.6755162451959946
E026_REP_2022,Repsol,2022,alta,0.32966101694915256,0.22372881355932203,0.14067796610169492,0.010540159,0.0020750398,0.2673992673992674,0.1889830508474576,0.2600732600732601,0.1721611721611721,0.3058608058608059,0.012615198800000001,-0.012326827972256135,0.3569763948537698,0.10535544825063083,0.07302066586381392,0.16627345276706892
E026_REP_2023,Repsol,2023,alta,0.376271186440678,0.22542372881355932,0.13050847457627118,0.008219337,0.0015601102,0.2653061224489796,0.1872881355932203,0.2574568288854003,0.119309262166405,0.3108320251177394,0.0097794472,-0.2804033938615236,0.14593647568095452,0.5005870347645324,0.056770319438174864,-0.6918242723832763
E026_REP_2024,Repsol,2024,alta,0.4198416625432954,0.190004948045522,0.10341415141019297,0.009244114,0.0017210604,0.3130059363194819,0.0994557149925779,0.1969778737182946,0.1500269832703723,0.2315164597949271,0.0109651744,-0.16831117962897357,-0.4163319284684879,0.8700434985161716,0.42709273773395173,-1.8817793443475848
E027_AKERBP_2022,Aker BP,2022,densidad,0.14473684210526316,0.1513157894736842,0.11842105263157894,0.020340597,0.006657224,0.1612903225806451,0.0723684210526315,0.0967741935483871,0.2903225806451613,0.3225806451612903,0.026997820999999998,1.347328216517091,-0.10490483175690916,-1.4627116882916047,-0.7507670569714145,3.4559021300232007
E027_AKERBP_2023,Aker BP,2023,densidad,0.3264367816091954,0.1879310344827586,0.12988505747126436,0.010400426,0.0014674603,0.3193916349809886,0.1120689655172413,0.1013941698352344,0.1495564005069708,0.2205323193916349,0.011867886300000002,-0.08297369585945859,0.1329991626282148,0.07801549942385938,0.47666876705048616,-0.5046587997055894
E027_AKERBP_2024,Aker BP,2024,densidad,0.3706385780118499,0.23568136932192232,0.1336405529953917,0.01430995,0.002828596,0.2616216216216216,0.0671494404213298,0.0648648648648648,0.2086486486486486,0.1751351351351351,0.017138546,0.41528586691287855,0.2109341773616758,0.4528252525220959,0.028165317743529168,0.1452294740089293
E028_NSN_2022,Neste,2022,alta,0.26247030878859856,0.22149643705463182,0.14845605700712589,0.00803361,0.0013403908,0.3799043062200957,0.255938242280285,0.277511961722488,0.0870813397129186,0.4497607655502392,0.0093740008,-0.3187320960525638,0.5183893496605309,-0.4643891048155548,0.9464651233138666,-0.2824187648903447
E028_NSN_2023,Neste,2023,alta,0.26519337016574585,0.21608348680171885,0.14548802946593,0.0074492726,0.0015267505,0.3723076923076923,0.2541436464088397,0.2851282051282051,0.0974358974358974,0.441025641025641,0.008976023100000001,-0.3563547478802165,0.4567960742415253,-0.44129886764187687,0.8874880287168526,-0.345747834713667
E028_NSN_2024,Neste,2024,alta,0.19298245614035087,0.24812030075187969,0.19548872180451127,0.005431587,0.00022036207,0.3835616438356164,0.3032581453634085,0.2511415525114155,0.0684931506849315,0.54337899543379,0.00565194907,-0.670594666046567,1.4944233777638924,-1.0536123268123032,0.974859240615471,0.9025817979141575
E029_TGS_2022,TGS,2022,densidad,0.26865671641791045,0.2068230277185501,0.14712153518123666,0.009602814,0.00097420206,0.2842105263157894,0.1577825159914712,0.1473684210526315,0.2052631578947368,0.2052631578947368,0.01057701606,-0.20500556245449278,0.490695007463979,-0.4119313744784189,0.2035366061034213,0.49408421338448383
E029_TGS_2023,TGS,2023,densidad,0.3305785123966942,0.12231404958677686,0.09090909090909091,0.0084888665,0.001986907,0.2631578947368421,0.0958677685950413,0.1983805668016194,0.1376518218623481,0.2307692307692307,0.010475773499999999,-0.21457648460671455,-0.6758401792798558,0.11313536377780144,0.04009233231712382,-1.0436443599814957
E029_TGS_2024,TGS,2024,alta,0.1968503937007874,0.15551181102362205,0.1279527559055118,0.011452697,0.002813737,0.1820276497695852,0.0757874015748031,0.1036866359447004,0.2350230414746544,0.1221198156682027,0.014266434,0.14377198614512882,0.0928995406132457,-1.020814095970727,-0.5897706812948194,1.847256304023921
E030_VESTAS_2022,Vestas,2022,densidad,0.2,0.18,0.1457142857142857,0.014414428,0.00059711613,0.2340425531914893,0.24,0.5425531914893617,0.1489361702127659,0.3829787234042553,0.01501154413,0.21421065392537644,0.4614914024441163,-0.9941069651425865,-0.18594762079158625,1.8557566423036653
E030_VESTAS_2023,Vestas,2023,densidad,0.3968253968253968,0.2804232804232804,0.18518518518518517,0.004566986,0.0017569086,0.3723404255319149,0.5238095238095238,0.5851063829787234,0.0531914893617021,0.4468085106382978,0.0063238946,-0.607072582466664,1.2806017201224482,0.674876750260417,0.8877421564747855,-0.8890897690794183
E030_VESTAS_2024,Vestas,2024,densidad,0.2697616060225847,0.1865328314512756,0.13048933500627352,0.012429604,0.0017956116,0.3310276679841897,0.1271434546214973,0.1640316205533596,0.1709486166007905,0.274703557312253,0.0142252156,0.13987542231229877,0.14553928637259916,-0.40256244756521553,0.567006307838662,0.12097084841145145
E031_LSEG_2022,London Stock Exchange Group,2022,alta,0.29651162790697677,0.20348837209302326,0.12790697674418605,0.013380019,0.000109697234,0.2440944881889764,0.2093023255813953,0.1181102362204724,0.0708661417322834,0.2440944881889764,0.013489716234,0.0703453040004504,0.09194951961349038,-0.17573526148145474,-0.10790838804054727,0.44593847313594276
E031_LSEG_2023,London Stock Exchange Group,2023,densidad,0.25949367088607594,0.21940928270042195,0.14978902953586498,0.019373996,0.0014083588,0.1176470588235294,0.1772151898734177,0.0823529411764705,0.288235294117647,0.2294117647058823,0.0207823548,0.7597517749497783,0.5460515404417913,-0.4896295476958436,-1.089596030617582,2.8850288937049955
E031_LSEG_2024,London Stock Exchange Group,2024,densidad,0.22851919561243145,0.16819012797074953,0.12431444241316271,0.021715242,0.0017169827,0.1168831168831168,0.1809872029250457,0.0606060606060606,0.316017316017316,0.1904761904761904,0.0234322247,1.010256093750246,0.017396317720425283,-0.7522780455963708,-1.0955269725616994,2.8754574296287414
E032_ALLFG_2022,Allfunds Group,2022,densidad,0.190625,0.178125,0.109375,0.026154816,0.0012151233,0.123076923076923,0.253125,0.2,0.1692307692307692,0.4461538461538462,0.0273699393,1.3825062610145542,-0.2926308563500519,-1.0736024092482237,-1.0474407201840124,3.2109185340967383
E032_ALLFG_2023,Allfunds Group,2023,densidad,0.32038834951456313,0.2912621359223301,0.16990291262135923,0.0041182274,0.0009127715,0.1515151515151515,0.3349514563106796,0.303030303030303,0.0151515151515151,0.4242424242424242,0.0050309989,-0.7292959250573903,0.9634600460688504,0.02672773456993057,-0.8266576044283952,1.0340939908699247
E032_ALLFG_2024,Allfunds Group,2024,alta,0.2589928057553957,0.16546762589928057,0.10971223021582734,0.018279348,0.0011485417,0.1404255319148936,0.2733812949640288,0.2340425531914893,0.1531914893617021,0.3063829787234042,0.0194278897,0.631707995436487,-0.2856325676634534,-0.4938766406025588,-0.9127530084795914,1.7527050768551837
E033_WEND_2022,Wendel,2022,densidad,0.35168961201501875,0.18335419274092615,0.10513141426783479,0.010993691,0.0015910157,0.3238866396761133,0.1589486858573216,0.145748987854251,0.1282051282051282,0.2834008097165992,0.0125847067,-0.015209385617556411,-0.38069484535875925,0.2921472293476204,0.5115661990083673,-1.1996176593323034
E033_WEND_2023,Wendel,2023,densidad,0.3772635814889336,0.193158953722334,0.10160965794768612,0.00988597,0.0015489311,0.2788461538461538,0.0995975855130784,0.0889423076923077,0.0961538461538461,0.2620192307692308,0.011434901099999999,-0.12390576674214039,-0.45377924365856104,0.5090020625073924,0.1618897478790282,-1.248576820787122
E033_WEND_2024,Wendel,2024,densidad,0.40221914008321774,0.20110957004160887,0.08876560332871013,0.007703315,0.001720344,0.2200557103064067,0.015256588072122,0.0557103064066852,0.1197771587743732,0.1949860724233983,0.009423659,-0.314037679332763,-0.7203223881081529,0.720613071932125,-0.2945359162425666,-1.4604372231304743
E034_III_2022,3i,2022,alta,0.3985239852398524,0.13038130381303814,0.07380073800738007,0.013503377,0.0016078954,0.1085972850678733,0.1758917589175891,0.0361990950226244,0.2307692307692307,0.1628959276018099,0.0151112724,0.22363842331945089,-1.0308771449462995,0.6892799545654663,-1.1598548813401985,-0.3366637948521165
E034_III_2023,3i,2023,alta,0.42528735632183906,0.2049808429118774,0.11302681992337164,0.010207051,0.0019134411,0.2649253731343283,0.2471264367816092,0.1380597014925373,0.1455223880597015,0.3171641791044776,0.0121204921,-0.05909371448601581,-0.21684734450628584,0.9162203353576257,0.05381433291485364,-1.2459757272647811
E034_III_2024,3i,2024,alta,0.3877221324717286,0.2084006462035541,0.10662358642972536,0.0104404865,0.0021228525,0.2409240924092409,0.197092084006462,0.1221122112211221,0.1716171617161716,0.297029702970297,0.012563339,-0.017229372007391178,-0.3497289026024237,0.5976854923824577,-0.1325220822426628,-0.8321216847496097
E035_EXO_2022,Exor,2022,alta,0.36379310344827587,0.21551724137931033,0.12586206896551724,0.006200002,0.0011844209,0.1983471074380165,0.1913793103448275,0.1942148760330578,0.0909090909090909,0.3347107438016529,0.0073844229,-0.5068159927525357,0.049513064334754615,0.3947789548639455,-0.4630728907026775,-0.38900899257904914
E035_EXO_2023,Exor,2023,alta,0.3764705882352941,0.23921568627450981,0.13529411764705881,0.0038513222,0.00065524963,0.2295081967213114,0.2176470588235294,0.1584699453551912,0.0218579234972677,0.4590163934426229,0.00450657183,-0.778872414050633,0.24524937882110273,0.5022778650811692,-0.22115056430851668,-0.8147503360021829
E035_EXO_2024,Exor,2024,alta,0.24498567335243554,0.18624641833810887,0.1318051575931232,0.010292952,0.002601554,0.0974025974025974,0.1246418338108882,0.1363636363636363,0.198051948051948,0.1915584415584415,0.012894506,0.01407735884161938,0.17284557712276027,-0.6126503164446682,-1.2467659921366823,2.04633924454573
E036_GLB_2022,Glanbia,2022,alta,0.3853317811408615,0.2479627473806752,0.15017462165308498,0.008137025,0.003991061,0.2110091743119266,0.159487776484284,0.018348623853211,0.0275229357798165,0.2385321100917431,0.012128086,-0.058375828394121684,0.5540534478182167,0.5774164747167743,-0.3647696302727883,0.2830307749801091
E036_GLB_2023,Glanbia,2023,alta,0.3951011714589989,0.23003194888178913,0.14057507987220447,0.008299226,0.0034711477,0.2137931034482758,0.1405750798722044,0.1034482758620689,0.0827586206896551,0.1724137931034483,0.0117703737,-0.09219200783676093,0.35484127320079656,0.6602561570614833,-0.3431563096645405,-0.05445058203290715
E036_GLB_2024,Glanbia,2024,alta,0.3737864077669903,0.24029126213592233,0.14441747572815533,0.009101163,0.004000755,0.1619718309859155,0.1201456310679611,0.0633802816901408,0.0845070422535211,0.2112676056338028,0.013101918,0.0336849636417806,0.43457966610299653,0.4795173191198371,-0.7454760962684273,0.7342234068933673
E037_PERP_2022,Pernod Ricard,2022,media,0.369826435246996,0.1882510013351135,0.11949265687583445,0.011794708,0.0035728924,0.3030852994555354,0.1368491321762349,0.219600725952813,0.1488203266787658,0.3702359346642468,0.015367600399999999,0.2478702812795288,-0.08266662323610456,0.44593867654671004,0.35007285156699935,-0.6308078700702852
E037_PERP_2023,Pernod Ricard,2023,alta,0.4289544235924933,0.225201072386059,0.13136729222520108,0.010609676,0.0021953022,0.2382397572078907,0.1849865951742627,0.1896813353566009,0.1851289833080424,0.3399089529590288,0.0128049782,0.0056138865206936195,0.16375888172369915,0.9473152837571889,-0.1533621950778875,-0.6245803204349086
E037_PERP_2024,Pernod Ricard,2024,alta,0.43423319931074095,0.2176909821941413,0.11947156806433085,0.009942634,0.0022932997,0.2476943346508563,0.2113727742676622,0.1949934123847167,0.1818181818181818,0.3438735177865613,0.0122359337,-0.04818049215414355,-0.08310426370849638,0.9920767365631782,-0.0799606092321008,-1.0434008831937174
E038_CPR_2022,Davide Campari-Milano,2022,densidad,0.4722222222222222,0.20238095238095238,0.11904761904761904,0.0039385054,0.0014075985,0.4878048780487805,0.119047619047619,0.1951219512195122,0.0426829268292682,0.3475609756097561,0.0053461039,-0.6995076085156531,-0.09190216338682135,1.3142051896285034,1.7841623269879852,-3.889777288518963
E038_CPR_2023,Davide Campari-Milano,2023,densidad,0.42782152230971127,0.23622047244094488,0.13123359580052493,0.0040636286,0.0014401994,0.5043478260869565,0.1968503937007873,0.2434782608695652,0.0565217391304347,0.4260869565217391,0.005503828,-0.6845972281121032,0.16098437892905995,0.9377088314262445,1.9125952080862316,-3.3739168886955193
E038_CPR_2024,Davide Campari-Milano,2024,alta,0.25536639526276833,0.20231926967678263,0.152726375524303,0.010156314,0.002268251,0.2035087719298245,0.1732050333086602,0.1763157894736842,0.2061403508771929,0.2675438596491228,0.012424565,-0.030348312804151033,0.6070081043400753,-0.5246268392821059,-0.42299977674405376,1.5242864075620841
E039_NOVO B_2022,Novo Nordisk,2022,densidad,0.3793103448275862,0.1896551724137931,0.10344827586206896,0.005147678,0.0013206835,0.2948717948717949,0.2586206896551724,0.2564102564102564,0.0384615384615384,0.3846153846153846,0.0064683615,-0.5934154658007796,-0.41562376901452486,0.5263576209698272,0.28630646270032906,-1.8217033184854607
E039_NOVO B_2023,Novo Nordisk,2023,densidad,0.3064516129032258,0.22983870967741934,0.13306451612903225,0.0030324117,7.7543424e-05,0.2435897435897435,0.25,0.2051282051282051,0.0641025641025641,0.3076923076923077,0.0031099551239999997,-0.9109009776272384,0.19898011127949805,-0.09144901916890154,-0.11182702472783308,-0.5086448224510056
E039_NOVO B_2024,Novo Nordisk,2024,densidad,0.28456221198156684,0.1693548387096774,0.10829493087557604,0.0139305005,0.004257168,0.3346613545816733,0.086405529953917,0.0796812749003984,0.1533864541832669,0.2231075697211155,0.0181876685,0.5144642141973031,-0.31504473025413465,-0.27706050156608775,0.5952168080255656,-0.1187368225163094
E040_CTEC_2022,ConvaTec,2022,densidad,0.29809358752166376,0.23050259965337955,0.1733102253032929,0.01510418,0.0015262963,0.2514285714285714,0.2409012131715771,0.1342857142857142,0.3057142857142857,0.24,0.0166304763,0.3672557149036578,1.0341694803797097,-0.16232101272127078,-0.050969477363813735,1.614715685368452
E040_CTEC_2023,ConvaTec,2023,densidad,0.2812135355892649,0.1971995332555426,0.1353558926487748,0.011153745,0.0014901352,0.2367149758454106,0.2917152858809801,0.1159420289855072,0.217391304347826,0.28743961352657,0.012643880199999999,-0.009615444077807914,0.24653134963905832,-0.3054556500431125,-0.16519999224537602,0.7075715478497389
E040_CTEC_2024,ConvaTec,2024,densidad,0.2169576059850374,0.20947630922693267,0.1571072319201995,0.01613401,0.0018751977,0.173076923076923,0.2759767248545303,0.1217948717948717,0.2884615384615384,0.235042735042735,0.0180092077,0.49759349871931446,0.6979207696770171,-0.8503147071426977,-0.659260569941555,2.7050895454805843
E041_ALC_2022,Alcon,2022,densidad,0.9565217391304348,0.0,0.0,0.0011750881,0.0011750881,0.0,0.0,0.0,0.0,0.0,0.0023501762,-0.9827263535808172,-2.5624091537035065,5.420829741816645,-2.002961090011599,-6.963004159089369
E041_ALC_2023,Alcon,2023,media,0.2619047619047619,0.21428571428571427,0.21428571428571427,0.0048184195,0.0,0.375,0.6428571428571429,0.5,0.0,0.75,0.0048184195,-0.7493920278087035,1.884503428866527,-0.4691846675561578,0.9083900368068313,0.69590603180715
E041_ALC_2024,Alcon,2024,densidad_baja,0.15789473684210525,0.02631578947368421,0.02631578947368421,0.007864973,0.0037693083,0.0,0.0263157894736842,0.0,0.0,0.0,0.0116342813,-0.10505744472327395,-2.0162970821598183,-1.3511391351608861,-2.002961090011599,1.2327456982893927
E042_QIA_2022,Qiagen,2022,alta,0.2163265306122449,0.18095238095238095,0.13877551020408163,0.005269821,0.0020604876,0.3561643835616438,0.2027210884353741,0.2328767123287671,0.045662100456621,0.4383561643835616,0.0073303086,-0.5119316649819022,0.31749613786565806,-0.8556659196252866,0.7621577884278232,-0.10092739591878086
E042_QIA_2023,Qiagen,2023,alta,0.1861598440545809,0.20565302144249512,0.1695906432748538,0.008724721,0.0022111752,0.2982954545454545,0.2046783625730994,0.1732954545454545,0.1136363636363636,0.3664772727272727,0.0109358962,-0.1710789817564304,0.9569797518002626,-1.1114647617689721,0.31288639723033357,1.5844791345824707
E042_QIA_2024,Qiagen,2024,alta,0.17851373182552505,0.19951534733441034,0.15751211631663975,0.008650552,0.001561142,0.272289156626506,0.1260096930533117,0.1228915662650602,0.1301204819277108,0.3132530120481928,0.010211694,-0.23954112730734967,0.7063230354230935,-1.1763000777508748,0.11098382456178298,1.5320981613048357
E043_LONN_2022,Lonza Group,2022,densidad,0.15492957746478872,0.28169014084507044,0.24647887323943662,0.002408672,0.00041526803,0.18,0.4859154929577465,0.1,0.0,0.54,0.0028239400300000004,-0.9379392923343574,2.552584192445124,-1.3762822457255552,-0.6055125491387526,3.5964396949750745
E043_LONN_2023,Lonza Group,2023,densidad_baja,0.27927927927927926,0.1981981981981982,0.12612612612612611,0.0013470092,0.00047415838,0.2571428571428571,0.6846846846846847,0.4571428571428571,0.0,0.6571428571428571,0.0018211675800000001,-1.032735957445775,0.05499284684822471,-0.32185720357659914,-0.0066060316218185065,-0.6492798753991328
E043_LONN_2024,Lonza Group,2024,densidad_baja,0.24074074074074073,0.25,0.1574074074074074,0.00241107,0.0008899059,0.35,0.7037037037037037,0.325,0.025,0.75,0.0033009759,-0.8928429101845249,0.7041500890485554,-0.6486452821156208,0.7142999616856024,-0.25434750070595114
E044_LDO_2022,Leonardo,2022,densidad,0.5714285714285714,0.1164021164021164,0.06349206349206349,0.013800055,0.0018475084,0.1139240506329113,0.0,0.0886075949367088,0.2025316455696202,0.1392405063291139,0.0156475634,0.27433646386620447,-1.2448054255346077,2.1554268203759848,-1.1184999881933426,-2.0073957938510456
E044_LDO_2023,Leonardo,2023,densidad,0.624113475177305,0.15602836879432624,0.06382978723404255,0.009239319,0.00035772056,0.0769230769230769,-0.0070921985815602,0.1538461538461538,0.2179487179487179,0.1282051282051282,0.00959703956,-0.2976472221725667,-1.2377968950656244,2.6021692013006055,-1.4057608588693573,-2.73185245966944
E044_LDO_2024,Leonardo,2024,alta,0.4406779661016949,0.288135593220339,0.22033898305084745,0.003151519,0.00056497176,0.3333333333333333,0.4576271186440678,0.2222222222222222,0.0,0.3333333333333333,0.0037164907600000002,-0.8535623904292826,2.0101224283741552,1.0467252270382872,0.58490657827145,-0.47507176736486456
E045_BOL_2022,Bolloré,2022,densidad_baja,0.09523809523809523,0.42857142857142855,0.3333333333333333,0.0026549818,0.0004810005,0.0,0.4285714285714285,0.0909090909090909,0.0,0.3636363636363636,0.0031359823,-0.9084405096645736,4.355010419183212,-1.8824370072119274,-2.002961090011599,7.331968006742165
E045_BOL_2023,Bolloré,2023,densidad,0.3517006802721088,0.16598639455782313,0.1054421768707483,0.010203752,0.0026436609,0.3240611961057024,0.2244897959183673,0.2698191933240612,0.1363004172461752,0.3616133518776078,0.0128474129,0.009625432754341605,-0.3742458194230137,0.29224108278899114,0.5129213858296409,-1.1697828552873042
E045_BOL_2024,Bolloré,2024,densidad,0.3061904761904762,0.1761904761904762,0.1219047619047619,0.009228656,0.0024338234,0.2595419847328244,0.0985714285714285,0.1666666666666666,0.2022900763358778,0.1984732824427481,0.0116624794,-0.10239174938782847,-0.03260999561922076,-0.09366333159048215,0.012019842544668103,-0.05335825596123518
E046_SGSN_2022,SGS S.A.,2022,densidad,0.23151750972762647,0.18482490272373542,0.13424124513618677,0.013813907,0.0021681648,0.1648351648351648,0.0642023346303501,0.0989010989010989,0.2032967032967033,0.2032967032967033,0.0159820718,0.30595907253655247,0.22339989607772065,-0.7268537989664371,-0.7232463089925091,1.9794590765732192
E046_SGSN_2023,SGS S.A.,2023,densidad,0.3234750462107209,0.15711645101663585,0.10720887245841035,0.0114617,0.0025395323,0.2473684210526315,0.0961182994454713,0.1,0.2105263157894736,0.2052631578947368,0.0140012323,0.11870125674697005,-0.33758289551073567,0.05290142253584655,-0.08249087302260016,-0.189292188277012
E046_SGSN_2024,SGS S.A.,2024,densidad,0.24948453608247423,0.20618556701030927,0.15463917525773196,0.011765553,0.0028794263,0.2486187845303867,0.1670103092783505,0.1381215469613259,0.1767955801104972,0.3204419889502762,0.0146449793,0.17955760434156123,0.6467030192851776,-0.5745021467705643,-0.07278354736954626,1.4735463177668493
E047_SAF_2022,Safran,2022,densidad,0.4684147794994041,0.2133492252681764,0.09773539928486293,0.009319013,0.0021666323,0.4387464387464387,0.2085816448152562,0.2022792022792023,0.0541310541310541,0.3618233618233618,0.0114856453,-0.11910868547634884,-0.5341788617724783,1.281919925611735,1.403292080207115,-3.338499553067677
E047_SAF_2023,Safran,2023,densidad,0.47278911564625853,0.20748299319727892,0.09410430839002268,0.0072010537,0.0015901995,0.4523809523809524,0.2018140589569161,0.2619047619047619,0.0687830687830687,0.3941798941798942,0.0087912532,-0.3738218914310492,-0.6095321994531743,1.3190121703756321,1.509145031229682,-3.811511292489538
E047_SAF_2024,Safran,2024,densidad,0.38672654690618763,0.17465069860279442,0.09481037924151696,0.00942958,0.0021618921,0.3017429193899782,0.092814371257485,0.1427015250544662,0.1514161220043573,0.247276688453159,0.0115914721,-0.10910439415441135,-0.5948796344692603,0.5892434106034881,0.3396511456563899,-1.6328785848835494
E048_CS_2022,AXA,2022,alta,0.4130052724077329,0.18804920913884007,0.08875219683655536,0.010208979,0.0015182748,0.245045045045045,0.1933216168717047,0.1603603603603603,0.2018018018018018,0.2990990990990991,0.0117272538,-0.09626832915964706,-0.7206006031018583,0.8120742323928714,-0.10052864197649294,-1.5284145226778836
E048_CS_2023,AXA,2023,alta,0.3565217391304348,0.1826086956521739,0.10513833992094862,0.023558166,0.0055332594,0.2037914691943128,0.0450592885375494,0.1196682464454976,0.259478672985782,0.2369668246445497,0.0290914254,1.5452462139477052,-0.38055112241354533,0.3331213190558751,-0.42080502741200987,1.2523787998902947
E048_CS_2024,AXA,2024,alta,0.37746256895193064,0.23128447596532703,0.14066193853427897,0.012013519,0.0020768836,0.1959183673469387,0.1016548463356974,0.0889795918367346,0.2114285714285714,0.2138775510204081,0.0140904026,0.12713093295814304,0.3566437866281233,0.5106893794932491,-0.48192866457176664,0.45501400466478387
E049_TLX_2022,Talanx,2022,densidad,0.20772946859903382,0.19806763285024154,0.1642512077294686,0.017844753,0.0012557097,0.1472868217054263,0.1545893719806763,0.1317829457364341,0.1627906976744186,0.2558139534883721,0.0191004627,0.6007548238895064,0.8461744039508189,-0.9285648276513044,-0.8594846784446708,3.2349787339363005
E049_TLX_2023,Talanx,2023,densidad,0.19487179487179487,0.16666666666666666,0.12692307692307692,0.010385819,0.0014598464,0.1642857142857142,0.1243589743589743,0.0678571428571428,0.1821428571428571,0.2035714285714285,0.0118456654,-0.08507433914675117,0.07153137597259014,-1.0375916525166102,-0.7275120249292398,1.751560714271689
E049_TLX_2024,Talanx,2024,alta,0.2960199004975124,0.1455223880597015,0.09266169154228855,0.016643686,0.0027758763,0.1864077669902912,0.0833333333333333,0.0961165048543689,0.2485436893203883,0.1378640776699029,0.019419562300000002,0.6309207682354918,-0.6394697575092508,-0.1799048709528449,-0.5557651900785545,0.7271210717576404
E050_AV_2022,Aviva,2022,densidad,0.23776223776223776,0.2395104895104895,0.17482517482517482,0.024326682,0.0024199286,0.2234042553191489,0.18006993006993,0.1436170212765957,0.2180851063829787,0.4095744680851064,0.026746610599999998,1.3235801486864427,1.0656081048035138,-0.6739015399338668,-0.2685391421197686,3.3316289355435917
E050_AV_2023,Aviva,2023,densidad,0.30618892508143325,0.22312703583061888,0.13680781758957655,0.00841238,0.0009554677,0.396078431372549,0.2866449511400651,0.3372549019607843,0.1176470588235294,0.4431372549019607,0.009367847700000001,-0.31931377673206096,0.2766620716506518,-0.09367648424138604,1.0720346099482592,-1.0210098307882822
E050_AV_2024,Aviva,2024,alta,0.28640776699029125,0.20388349514563106,0.13106796116504854,0.011935304,0.0004970386,0.2777777777777778,0.2499999999999999,0.25,0.125,0.3564814814814814,0.0124323426,-0.029613060711245465,0.1575470861208829,-0.26141109196182855,0.1535953002242753,0.23574981714719062
E051_TRYG_2022,Tryg,2022,densidad,0.2692307692307692,0.2692307692307692,0.16346153846153846,0.008583361,0.0034972392,0.1833333333333333,0.3461538461538461,0.3166666666666666,0.0833333333333333,0.4,0.0120806002,-0.06286487820811265,0.8297869830005576,-0.40706368559326706,-0.5796338724559223,1.7536196628416345
E051_TRYG_2023,Tryg,2023,densidad,0.3208868144690782,0.14352392065344224,0.09101516919486581,0.009725304,0.0012981386,0.2222222222222222,0.0945157526254375,0.1111111111111111,0.15,0.2166666666666666,0.0110234426,-0.16280282023792209,-0.6736388152490232,0.030954475149159413,-0.27771597782289975,-0.5896801328132049
E051_TRYG_2024,Tryg,2024,densidad,0.26386036960985626,0.22176591375770022,0.15092402464065707,0.011402702,0.0011932165,0.2941176470588235,0.1211498973305954,0.1063348416289592,0.2420814479638009,0.2624434389140271,0.0125959185,-0.014149482894963393,0.5696052525008496,-0.45260206456811725,0.28045155847344394,0.7276062757005595
E052_ZURN_2022,Zurich Insurance Group,2022,alta,0.35152696556205326,0.18648473034437946,0.1078622482131254,0.017085206,0.0015646438,0.1893265565438373,0.2066276803118908,0.1715374841168996,0.3634053367217281,0.2096569250317662,0.0186498498,0.5581563259190199,-0.32402387280838907,0.29076806646647924,-0.5331048667301219,0.4764692533742735
E052_ZURN_2023,Zurich Insurance Group,2023,alta,0.37180974477958234,0.20533642691415313,0.12587006960556846,0.017631738,0.0020550296,0.1963677639046538,0.238399071925754,0.1782065834279228,0.3507377979568672,0.2531214528944381,0.019686767600000002,0.6561809071035829,0.04967909568701229,0.46275617756984555,-0.47843972810592095,0.7215435533266706
E052_ZURN_2024,Zurich Insurance Group,2024,alta,0.3583547557840617,0.2159383033419023,0.12802056555269922,0.014778489,0.0014914,0.255533199195171,0.2344473007712082,0.1639839034205231,0.2967806841046277,0.2917505030181087,0.016269889,0.33316774856440484,0.09430674395530005,0.3486644095020723,-0.019102776901253924,0.09791285991888651
E053_VPLAY B_2022,Viaplay,2022,densidad,0.26632522407170295,0.22535211267605634,0.15492957746478872,0.0040593925,0.0010329073,0.3083333333333333,0.2279129321382842,0.1541666666666666,0.0458333333333333,0.3916666666666666,0.0050922998,-0.7235008706676047,0.6527295210184894,-0.43170129655742245,0.3908165031502211,-0.029886556241913997
E053_VPLAY B_2023,Viaplay,2023,alta,0.26837806301050177,0.22637106184364061,0.17152858809801633,0.008146523,0.0013158309,0.2447129909365558,0.1621936989498249,0.066465256797583,0.1148036253776435,0.3172205438066465,0.0094623539,-0.3103796734942302,0.9971964841530196,-0.4142942199582591,-0.10310657825093232,1.204217608867981
E053_VPLAY B_2024,Viaplay,2024,alta,0.3356449375866852,0.24549237170596394,0.14979195561719832,0.01008935,0.0011531515,0.1712062256809338,0.1054091539528432,0.0428015564202334,0.1284046692607003,0.2529182879377432,0.0112425015,-0.14209418072257096,0.5461122632386527,0.15609618729847527,-0.6737839218662202,0.9217058170838266
E054_ONT_2022,Ontex,2022,densidad,0.3722334004024145,0.12877263581488935,0.06237424547283702,0.009347113,0.0013888038,0.3816793893129771,0.0663983903420523,0.1335877862595419,0.1374045801526717,0.2938931297709923,0.0107359168,-0.18998394889127962,-1.2680026742699757,0.46634857137090063,0.9602461637476177,-2.8845813582797737
E054_ONT_2023,Ontex,2023,alta,0.30985915492957744,0.17002012072434608,0.12374245472837023,0.009721715,0.0018049404,0.2061224489795918,0.1539235412474849,0.1122448979591836,0.1224489795918367,0.2755102040816326,0.0115266554,-0.11523181319501939,0.005526281301724248,-0.06255471872160073,-0.40270822574677506,0.35555741257508067
E054_ONT_2024,Ontex,2024,alta,0.2557565789473684,0.19078947368421054,0.12828947368421054,0.011922061,0.0014336638,0.1814058956916099,0.1669407894736842,0.1111111111111111,0.1609977324263038,0.2494331065759637,0.0133557248,0.05767848103707849,0.09988719507197431,-0.5213182712511664,-0.5945977331228656,1.2734816804830849
E055_ULVR_2022,Unilever,2022,alta,0.27486187845303867,0.15400552486187846,0.09875690607734806,0.010685144,0.0037121305,0.15527950310559,0.1001381215469613,0.1180124223602484,0.1490683229813664,0.2795031055900621,0.014397274500000001,0.15614093690909386,-0.512980288531958,-0.3593146158938902,-0.7974326731095581,0.7999079373805842
E055_ULVR_2023,Unilever,2023,media,0.5,0.1111111111111111,0.05555555555555555,0.0047726794,0.0018959437,0.4473684210526316,0.0222222222222222,0.1052631578947368,0.0,0.1578947368421052,0.0066686231,-0.5744838210095046,-1.4095058915557201,1.5497472462377984,1.47022972794723,-5.003966686750253
E055_ULVR_2024,Unilever,2024,alta,0.26591760299625467,0.1198501872659176,0.09176029962546817,0.018463263,0.004321909,0.2416666666666666,0.0730337078651685,0.2166666666666666,0.275,0.3833333333333333,0.022785172,0.9490872432185639,-0.6581756757740165,-0.43515772518884416,-0.12675703050638887,0.8528263231397805
E056_DIA_2023,Dia,2023,densidad,0.3023952095808383,0.20359281437125748,0.1377245508982036,0.0128983725,0.0023885432,0.3230769230769231,0.0628742514970059,0.2076923076923077,0.1692307692307692,0.4384615384615384,0.0152869157,0.24024278763875812,0.2956863584472936,-0.1258453480846109,0.505279880785818,0.1564946133848446
E056_DIA_2024,Dia,2024,densidad_baja,0.20833333333333334,0.19444444444444445,0.18055555555555555,0.026667116,0.011454647,0.0769230769230769,-0.1388888888888889,0.0,0.8461538461538461,0.0769230769230769,0.038121763,2.3989253206186594,1.1845264482767994,-0.923444348159798,-1.4057608588693573,5.912656975924614
E057_COLR_2022,Colruyt,2022,densidad,0.43157894736842106,0.16,0.0863157894736842,0.002869235,0.0011518956,0.5622641509433962,0.2105263157894737,0.4075471698113208,0.0150943396226415,0.5773584905660377,0.0040211306,-0.8247633933167514,-0.7711615590402089,0.9695699699580616,2.3622345617715066,-4.9277294840865284
E057_COLR_2023,Colruyt,2023,densidad,0.41020408163265304,0.16122448979591836,0.08163265306122448,0.004852534,0.00202287,0.5723905723905723,0.1999999999999999,0.4074074074074074,0.0437710437710437,0.5993265993265994,0.006875404,-0.5549358769781966,-0.868347217486351,0.7883214958926489,2.440852077747172,-4.652456668104368
E057_COLR_2024,Colruyt,2024,densidad,0.4155251141552511,0.1415525114155251,0.06963470319634703,0.0045260536,0.0011982766,0.4821428571428571,0.1666666666666666,0.3234126984126984,0.0317460317460317,0.4682539682539682,0.0057243302,-0.6637521468479233,-1.1173317771758018,0.833441265864326,1.7402046444692396,-4.354729834357291
E058_SGRO_2022,Segro,2022,densidad,0.36486486486486486,0.18468468468468469,0.12612612612612611,0.019529514,0.0013984573,0.390728476821192,0.2207207207207207,0.1655629139072847,0.23841059602649,0.2649006622516556,0.0209279713,0.7735175685604793,0.05499284684822471,0.4038669708412285,1.0304996867175376,-0.6058562421500622
E058_SGRO_2023,Segro,2023,densidad,0.3783783783783784,0.17297297297297298,0.10270270270270271,0.021202277,0.0010852596,0.3714285714285714,0.1783783783783784,0.1714285714285714,0.2428571428571428,0.2428571428571428,0.022287536599999998,0.9020434933016345,-0.4310960961113822,0.5184549983808857,0.880662883218084,-0.9281704844087174
E058_SGRO_2024,Segro,2024,densidad,0.29357798165137616,0.1743119266055046,0.11314984709480122,0.019828543,0.0032309769,0.28,0.0825688073394495,0.1,0.2866666666666667,0.2266666666666666,0.0230595199,0.9750226047258735,-0.2142942528153543,-0.2006111560881544,0.17084775134616242,0.7904917566525111
E059_MRL_2022,Merlin Properties,2022,densidad,0.5622489959839357,0.13654618473895583,0.05622489959839357,0.002300696,0.00030892802,0.5639810426540285,0.1566265060240963,0.1516587677725118,0.0284360189573459,0.3127962085308057,0.00260962402,-0.9581995647700283,-1.3956154908069518,2.077588481530917,2.375563827415172,-6.80696736452307
E059_MRL_2023,Merlin Properties,2023,densidad,0.5256410256410257,0.1282051282051282,0.07264957264957266,0.0018767408,0.0003287311,0.5652173913043478,0.1153846153846153,0.1304347826086956,0.038647342995169,0.2850241545893719,0.0022054719,-0.9964059127542688,-1.054766426279478,1.7671706831079168,2.385162347511832,-6.203505369653496
E059_MRL_2024,Merlin Properties,2024,densidad,0.5324675324675324,0.12987012987012986,0.06926406926406926,0.0015833316,0.00033300035,0.5435897435897435,0.1038961038961038,0.1025641025641025,0.041025641025641,0.2307692307692307,0.00191633195,-1.023739634388207,-1.1250232684283443,1.8250561435733375,2.2172538767269114,-6.191072923116801
E060_GFC_2022,Gecina,2022,densidad,0.40332640332640335,0.16632016632016633,0.09147609147609148,0.007293651,0.001744325,0.2091836734693877,0.1933471933471933,0.2142857142857142,0.0714285714285714,0.3520408163265306,0.009037976,-0.3504980569490077,-0.6640736368198331,0.7300021261464062,-0.3789420940992778,-1.3656317258159691
E060_GFC_2023,Gecina,2023,alta,0.4264538198403649,0.1630558722919042,0.07867730900798175,0.008318721,0.0023298324,0.2469879518072289,0.0524515393386545,0.072289156626506,0.1626506024096385,0.1144578313253012,0.0106485534,-0.1982428105829773,-0.9296772818818979,0.9261113791377041,-0.08544468519946033,-1.968586786403119
E060_GFC_2024,Gecina,2024,densidad,0.4540682414698163,0.1968503937007874,0.08398950131233596,0.006542499,0.0013976375,0.4617067833698031,0.2112860892388451,0.2713347921225383,0.1094091903719912,0.3457330415754923,0.0079401365,-0.4542818450133749,-0.8194372928186641,1.1602682549940824,1.5815470807174385,-4.01553447354356
E061_CAST_2022,Castellum,2022,densidad,0.3223374175306315,0.15645617342130066,0.10179076343072573,0.0094857495,0.0012761385,0.3423913043478261,0.05937794533459,0.1213768115942029,0.1195652173913043,0.2246376811594203,0.010761887999999999,-0.18752877259585832,-0.45002089581915516,0.04325488417307166,0.6552290692574027,-1.3360336218454878
E061_CAST_2023,Castellum,2023,densidad,0.3008,0.1992,0.1448,0.009375657,0.0011218218,0.3388888888888889,0.0776,0.1375,0.15,0.2902777777777778,0.010497478800000001,-0.21252458334512414,0.44251790875848446,-0.13937195011877712,0.6280377060761677,-0.2586724305440303
E061_CAST_2024,Castellum,2024,densidad,0.2521246458923513,0.1678470254957507,0.11968838526912182,0.012035571,0.0016549095,0.2997311827956989,0.0786118980169971,0.1290322580645161,0.1424731182795699,0.2513440860215054,0.0136904805,0.08932446810726394,-0.07860481698001745,-0.5521152985760229,0.3240328213880779,0.23880212831519154
E062_DHER_2022,Delivery Hero,2022,densidad,0.56,0.08,0.08,0.00537506,0.0,0.1428571428571428,0.0,0.0,0.0,0.1428571428571428,0.00537506,-0.6967702559740743,-0.902228456210694,2.0585180885138756,-0.8938749464617214,-2.7636418542369228
E062_DHER_2023,Delivery Hero,2023,densidad,0.21579961464354527,0.15028901734104047,0.11560693641618497,0.004684589,0.0011505983,0.2884615384615384,0.1368015414258188,0.1538461538461538,0.048076923076923,0.3365384615384615,0.0058351873,-0.6532723182647557,-0.16330409952314165,-0.8601339109786871,0.2365397767718082,-0.1929822835810185
E062_DHER_2024,Delivery Hero,2024,densidad,0.21966794380587484,0.14687100893997446,0.1123882503192848,0.0077200425,0.0012315444,0.3069767441860465,0.231162196679438,0.3302325581395349,0.1116279069767441,0.4372093023255814,0.008951586899999999,-0.3586648136064895,-0.23009910614016837,-0.8273323595433616,0.38028448356999944,-0.14171604377329572
E063_TPK_2022,Travis Perkins,2022,densidad,0.2824675324675325,0.21753246753246752,0.1266233766233766,0.0028192804,0.00033203218,0.277027027027027,0.422077922077922,0.2567567567567567,0.0202702702702702,0.4594594594594595,0.00315131258,-0.906991268194862,0.0653119178151494,-0.29482236591031613,0.1477667694398535,-0.6946237539092499
E063_TPK_2023,Travis Perkins,2023,densidad,0.2633587786259542,0.24427480916030533,0.14122137404580154,0.002745461,0.0002245173,0.3064516129032258,0.3549618320610687,0.2580645161290322,0.0403225806451612,0.5241935483870968,0.0029699783,-0.9241336268769139,0.36825333709964564,-0.4568553123574162,0.37620757276475264,-0.47523255018460475
E063_TPK_2024,Travis Perkins,2024,densidad,0.2548262548262548,0.26640926640926643,0.1969111969111969,0.025497688,0.0020346087,0.1743589743589743,0.0308880308880309,0.1025641025641025,0.4615384615384615,0.1538461538461538,0.0275322967,1.3978546484539582,1.5239429491986864,-0.5292069676959783,-0.6493072327558508,4.100311798104474
E064_HMB_2022,H&M,2022,alta,0.292817679558011,0.17955801104972377,0.1298342541436464,0.008207039,0.0009688501,0.2982456140350877,0.1767955801104972,0.175438596491228,0.1111111111111111,0.3684210526315789,0.0091758891,-0.33746050096591557,0.13194487882971828,-0.2070581483619152,0.3124994552942869,-0.310956929068569
E064_HMB_2023,H&M,2023,densidad,0.23890784982935154,0.15870307167235495,0.11604095563139932,0.01522109,0.0038626008,0.2352941176470588,0.1450511945392491,0.2039215686274509,0.192156862745098,0.3215686274509804,0.0190836908,0.5991692994890483,-0.15429722048014352,-0.6641873063287482,-0.17623097122356463,1.2852903565612177
E064_HMB_2024,H&M,2024,alta,0.19796610169491524,0.20271186440677966,0.16,0.009427471,0.0022208118,0.2823834196891192,0.1905084745762711,0.1891191709844559,0.1645077720207254,0.3536269430051813,0.0116482828,-0.10373381890312158,0.7579522412821187,-1.011353434372284,0.18935167560642446,1.4762201811448568
E065_MKS_2022,Marks & Spencer,2022,densidad,0.350210970464135,0.31223628691983124,0.189873417721519,0.01566579,0.0021573643,0.2838709677419355,0.2953586497890295,0.1096774193548387,0.2387096774193548,0.2903225806451613,0.017823154299999998,0.4800050200443758,1.377893134649688,0.27960906755982834,0.20090040813912668,1.3773886789951089
E065_MKS_2023,Marks & Spencer,2023,densidad,0.3873626373626374,0.2664835164835165,0.11813186813186813,0.030486131,0.0011754228,0.2073170731707317,0.206043956043956,0.1097560975609756,0.2723577235772357,0.3089430894308943,0.0316615538,1.7882122041164057,-0.11090606331233424,0.5946371485583499,-0.3934336377867759,1.4761026300324975
E065_MKS_2024,Marks & Spencer,2024,densidad,0.30045871559633025,0.2706422018348624,0.13302752293577982,0.02794217,0.0010655379,0.2625482625482625,0.1834862385321101,0.1081081081081081,0.2471042471042471,0.3281853281853282,0.0290077079,1.5373320158547428,0.1982124189622943,-0.14226587601062302,0.03535939002601473,1.8424509208016453
E066_JD_2022,JD Sports,2022,densidad,0.35697399527186763,0.21749408983451538,0.1016548463356974,0.010541541,0.0008212924,0.3372093023255814,0.3522458628841607,0.1627906976744186,0.1017441860465116,0.3343023255813953,0.0113628334,-0.13071865596965163,-0.4528414825394718,0.3369562313558971,0.6149980627863691,-1.5355144326513896
E066_JD_2023,JD Sports,2023,densidad,0.3349358974358974,0.22115384615384615,0.11057692307692307,0.012194163,0.00042786472,0.3333333333333333,0.344551282051282,0.1838383838383838,0.1171717171717171,0.3717171717171717,0.01262202772,-0.01168125893781316,-0.26768823769781624,0.15008387138641116,0.58490657827145,-1.0143599462934905
E066_JD_2024,JD Sports,2024,densidad,0.3623853211009174,0.19036697247706422,0.11697247706422019,0.017720822,0.0016301583,0.2523364485981308,0.2041284403669724,0.1308411214953271,0.2118380062305296,0.2803738317757009,0.0193509803,0.6244373981681637,-0.13496604670426787,0.382841644687163,-0.04392107944218826,0.1505507862189211
E067_MELE_2022,Melexis,2022,alta,0.21331316187594554,0.1437216338880484,0.12102874432677761,0.0068256655,0.0024463725,0.1696969696969697,0.1709531013615733,0.1696969696969697,0.0727272727272727,0.2303030303030303,0.009272038,-0.3283711057854524,-0.050789339039644846,-0.8812178221262104,-0.6855011861584104,1.1875585634595236
E067_MELE_2023,Melexis,2023,alta,0.2272069464544139,0.1548480463096961,0.1316931982633864,0.006704896,0.0020445283,0.2475247524752475,0.1837916063675832,0.1584158415841584,0.0643564356435643,0.2227722772277227,0.0087494243,-0.37777616862053426,0.17052216814609467,-0.7634052807530486,-0.08127717792022619,0.6374284581988352
E067_MELE_2024,Melexis,2024,alta,0.21175637393767704,0.18696883852691218,0.14660056657223797,0.010244411,0.0023643218,0.1509740259740259,0.1635977337110481,0.1444805194805195,0.0892857142857142,0.237012987012987,0.0126087328,-0.012938088519562357,0.4798837321057376,-0.8944186273028454,-0.8308586883054784,2.192222959194499
E068_SGE_2022,Sage Group,2022,alta,0.2949640287769784,0.24580335731414868,0.18465227817745802,0.020449108,0.0020589072,0.109375,0.2733812949640288,0.1,0.271875,0.271875,0.022508015200000002,0.9228863435498983,1.2695426960251075,-0.1888581500293712,-1.1538170113562236,3.5351042009606006
E068_SGE_2023,Sage Group,2023,alta,0.2814498933901919,0.19616204690831557,0.15458422174840086,0.01795374,0.0024045093,0.1052631578947368,0.2174840085287846,0.1203007518796992,0.1954887218045112,0.2819548872180451,0.0203582493,0.7196591427126139,0.6455626098420403,-0.30345145075217655,-1.1857397210801104,2.854412924386941
E068_SGE_2024,Sage Group,2024,media,0.33980582524271846,0.3300970873786408,0.1941747572815534,0.005991343,0.0,0.2264150943396226,0.5436893203883495,0.1509433962264151,0.0943396226415094,0.5094339622641509,0.005991343,-0.6385102058850838,1.4671556460363298,0.19137849258807837,-0.24516418325330194,0.8824311308164695
E069_STMPA_2022,STMicroelectronics,2022,densidad,0.24536082474226803,0.2020618556701031,0.15257731958762888,0.0089061735,0.0012475732,0.2199170124481327,0.1731958762886598,0.0912863070539419,0.1493775933609958,0.2614107883817427,0.010153746699999999,-0.24501915055401044,0.603914856978662,-0.6094692149682329,-0.29561271135182876,1.2639776327447132
E069_STMPA_2023,STMicroelectronics,2023,alta,0.3466666666666667,0.13111111111111112,0.08888888888888889,0.005328974,0.00220001,0.26,0.0311111111111111,0.0,0.02,0.22,0.007528984000000001,-0.4931499709298997,-0.7177639342670481,0.24955509375449061,0.015575691249179326,-1.4760446902006177
E069_STMPA_2024,STMicroelectronics,2024,alta,0.2875888463641334,0.24220885729907052,0.1443411700382723,0.007329758,0.0019985023,0.2415005861664712,0.0759978130125751,0.0691676436107854,0.1617819460726846,0.2543962485345838,0.0093282603,-0.32305615467676,0.4329961506848379,-0.251396112831419,-0.12804641357675292,0.4893825224162498
E070_VOD_2022,Vodafone Group,2022,alta,0.34293193717277487,0.16701570680628272,0.10523560209424083,0.009649576,0.002017569,0.3074204946996466,0.268586387434555,0.3215547703180212,0.1696113074204947,0.392226148409894,0.011667145,-0.10195068888527492,-0.3785327126298461,0.21788640258314657,0.38372958639078875,-1.0820993904890563
E070_VOD_2023,Vodafone Group,2023,densidad,0.4345991561181435,0.24050632911392406,0.12658227848101267,0.0035833477,0.0013487914,0.5661764705882353,0.3544303797468354,0.3897058823529412,0.0147058823529411,0.5955882352941176,0.0049321391,-0.7386415940110813,0.06445903853195653,0.9951798724488257,2.3926082583221095,-4.06197068625006
E070_VOD_2024,Vodafone Group,2024,densidad,0.37723214285714285,0.17857142857142858,0.08035714285714286,0.0028544366,0.00063593074,0.4851063829787234,0.34375,0.3914893617021276,0.0425531914893617,0.5106382978723404,0.00349036734,-0.8749388713244134,-0.8948169352397438,0.5087354781877895,1.7632122825535193,-4.041703567305466
E071_SCMN_2022,Swisscom,2022,densidad,0.11811023622047244,0.3543307086614173,0.2677165354330709,0.0014917095,0.0003937008,0.5,0.4724409448818897,0.4333333333333333,0.0,0.6666666666666666,0.0018854103,-1.0266627993592254,2.9933136528669295,-1.68849236667424,1.8788404124129747,1.7763028077689693
E071_SCMN_2023,Swisscom,2023,alta,0.27121771217712176,0.13468634686346864,0.09040590405904059,0.006930694,0.0018604468,0.3934426229508196,0.1346863468634686,0.2568306010928962,0.0765027322404371,0.453551912568306,0.0087911408,-0.3738325171170247,-0.6862824429759279,-0.3902153749870955,1.0515712397651142,-1.7214708248709714
E071_SCMN_2024,Swisscom,2024,alta,0.2651622002820874,0.13963328631875882,0.09026798307475317,0.010562683,0.0030093216,0.302491103202847,0.1241184767277856,0.2562277580071174,0.1814946619217081,0.3736654804270463,0.0135720046,0.0781243995213412,-0.6891446149245926,-0.4415631731079192,0.3454597477541575,-0.5149167900494896
E072_FNTN_2022,Freenet,2022,alta,0.2777777777777778,0.1111111111111111,0.08333333333333333,0.0046431143,0.0015442633,0.3516949152542373,0.1504629629629629,0.2584745762711864,0.0466101694915254,0.3050847457627119,0.0061873776,-0.6199781587327604,-0.833054260481827,-0.3345892066365607,0.7274586108463639,-1.8459018234243905
E072_FNTN_2023,Freenet,2023,alta,0.2829028290282903,0.11562115621156212,0.08118081180811808,0.00578015,0.0015832972,0.2972972972972973,0.1131611316113161,0.2072072072072072,0.0315315315315315,0.2342342342342342,0.0073634472000000005,-0.5087989215898583,-0.8777239440705787,-0.2911312626127057,0.30513710061922866,-1.4005287036669598
E072_FNTN_2024,Freenet,2024,alta,0.2700501253132832,0.12531328320802004,0.08458646616541353,0.011945864,0.0019615062,0.2085661080074488,-0.0112781954887218,0.0428305400372439,0.1266294227188082,0.0800744878957169,0.013907370200000001,0.10982804322743807,-0.8070489237416513,-0.40011594418952257,-0.38373662717527784,0.08663169085058725
E073_ORAN_2022,Orange S.A.,2022,densidad,0.5635838150289018,0.07225433526011561,0.023121387283236993,0.004375856,0.0018910952,0.3618090452261306,0.0520231213872832,0.1206030150753768,0.0552763819095477,0.1055276381909547,0.0062669512,-0.6124557024557558,-2.0825881428674338,2.0889070983608087,0.8059807006875896,-5.589931644371587
E073_ORAN_2023,Orange S.A.,2023,alta,0.434973434973435,0.1379071379071379,0.07184107184107184,0.0061841775,0.0028529733,0.3313782991202346,0.0960960960960961,0.2238514173998045,0.0840664711632453,0.3206256109481916,0.0090371508,-0.35057606687842885,-1.0715446442317327,0.9983535752563721,0.5697284687800538,-2.9902027551465875
E073_ORAN_2024,Orange S.A.,2024,densidad,0.3850293542074364,0.17367906066536204,0.10322896281800391,0.0070732045,0.0023191352,0.3088071348940914,0.1183953033268101,0.2006688963210702,0.1081382385730211,0.2775919732441471,0.0093923397,-0.31699843597662963,-0.4201750100453398,0.5748520412893467,0.3944949103710249,-1.706520397682341
E074_TIT_2022,Telecom Italia,2022,densidad,0.6451612903225806,0.06451612903225806,0.06451612903225806,0.0077047218,0.001771336,0.0,0.0967741935483871,0.0,0.0,0.0909090909090909,0.0094760578,-0.30908418116292374,-1.2235537524996256,2.780644445292823,-2.002961090011599,-2.310321288943774
E074_TIT_2023,Telecom Italia,2023,densidad_baja,0.6388888888888888,0.05555555555555555,0.027777777777777776,0.009711239,0.0019896766,0.0,0.0555555555555555,0.0666666666666666,0.0666666666666666,0.0,0.0117009156,-0.0987581996432623,-1.9859575226296133,2.727457529284272,-2.002961090011599,-2.809212161545549
E074_TIT_2024,Telecom Italia,2024,alta,0.4504283965728274,0.16279069767441862,0.08771929824561403,0.008680464,0.0020240122,0.2679738562091503,0.0595675234598123,0.1464052287581699,0.1503267973856209,0.2392156862745098,0.0107044762,-0.1929561725788191,-0.7420355818912122,1.1294041390941605,0.0774815452747737,-2.1418774388389656
E075_CPG_2022,Compass Group,2022,densidad,0.29110512129380056,0.24797843665768193,0.16711590296495957,0.01316845,0.0013180106,0.3106382978723404,0.3692722371967655,0.2893617021276595,0.1617021276595744,0.4638297872340425,0.0144864606,0.164572106766516,0.9056233006278405,-0.22157981020406875,0.4087113327713272,0.883063884827098
E075_CPG_2023,Compass Group,2023,densidad,0.30783242258652094,0.21129326047358835,0.16029143897996356,0.00949066,0.0006599285,0.313915857605178,0.3861566484517304,0.2362459546925566,0.2103559870550161,0.343042071197411,0.0101505885,-0.24531770964162278,0.7640002583950248,-0.07974042407568448,0.43415700536175783,0.1642659674673287
E075_CPG_2024,Compass Group,2024,densidad,0.26862745098039215,0.22745098039215686,0.1784313725490196,0.009879631,0.00049409695,0.195906432748538,0.3431372549019608,0.2339181286549707,0.1578947368421052,0.4269005847953216,0.01037372795,-0.2242233170754968,1.1404448529593842,-0.4121795311666816,-0.4820213200557721,1.8104223871063412
E076_FLTR_2022,Flutter Entertainment,2022,densidad,0.48760330578512395,0.21487603305785125,0.1487603305785124,0.008837062,0.0,0.2962962962962963,0.140495867768595,0.0493827160493827,0.0987654320987654,0.1604938271604938,0.008837062,-0.3694913760955353,0.5247037135351946,1.444629303618774,0.2973657262400001,-1.5867826924191146
E076_FLTR_2023,Flutter Entertainment,2023,alta,0.19558359621451105,0.2476340694006309,0.2113564668769716,0.017858617,0.001576111,0.1666666666666666,0.3517350157728706,0.0972222222222222,0.1851851851851851,0.3657407407407407,0.019434728000000002,0.6323544512052226,1.823714928789334,-1.0315559230388276,-0.7090272558700751,4.196652558903459
E076_FLTR_2024,Flutter Entertainment,2024,densidad_baja,0.6129032258064516,0.3870967741935484,0.12903225806451613,0.01045369,0.0027730619,0.0,0.0967741935483871,0.0,0.0,0.1666666666666666,0.0132267519,0.04548608304115396,0.11530164870425556,2.5071117343917066,-2.002961090011599,-0.343362912634698
E077_AENA_2022,Aena,2022,aceptado_sin_financieros,0.3973612727978269,0.186651144741948,0.0890570430733411,0.0070126983,0.0017087245,0.2089285714285714,0.0696546371750097,0.1511904761904761,0.1,0.3303571428571428,0.0087214228,-0.38042327845898,-0.7142743551266706,0.67942071809123,-0.3809226050699024,-1.3931957466069782
E077_AENA_2023,Aena,2023,aceptado_sin_financieros,0.40654205607476634,0.21588785046728973,0.1205607476635514,0.0060588387,0.0010922538,0.3468057366362451,0.1887850467289719,0.2307692307692307,0.0808344198174706,0.3676662320730117,0.0071510925,-0.5288737824226779,-0.06050132687438479,0.7572692987672733,0.6895009690364754,-2.0361453771008113
E077_AENA_2024,Aena,2024,aceptado_sin_financieros,0.3188953488372093,0.2119186046511628,0.1369186046511628,0.009559981,0.0016842348,0.2237762237762237,0.1648255813953488,0.1629370629370629,0.1538461538461538,0.279020979020979,0.0112442158,-0.14193212010453088,0.2789611534153696,0.01406781436766308,-0.2656513266887136,0.38861254563188924
E078_AF_2022,Air France-KLM,2022,densidad,0.2529182879377432,0.14785992217898833,0.11284046692607004,0.009843673,0.0010646166,0.0816326530612244,0.1206225680933852,0.1530612244897959,0.1836734693877551,0.2346938775510204,0.010908289600000001,-0.17368875989210292,-0.22071459011928649,-0.5453855997110272,-1.3691975794116693,1.5201798291113071
E078_AF_2023,Air France-KLM,2023,alta,0.5419161676646707,0.12724550898203593,0.06437125748502993,0.00846526,0.0030352485,0.6129032258064516,0.0576347305389221,0.2338709677419354,0.1854838709677419,0.4354838709677419,0.011500508500000001,-0.11770359921487032,-1.2265601643286763,1.905175978366794,2.7553762355411044,-6.004815977451445
E078_AF_2024,Air France-KLM,2024,alta,0.5397815912636506,0.11544461778471139,0.059282371294851796,0.008684884,0.0029041243,0.580952380952381,0.0390015600624025,0.2,0.219047619047619,0.3809523809523809,0.0115890083,-0.1093373084347164,-1.3321660471370698,1.8870758078093002,2.507322560424573,-5.835901723805659
E079_ENEL_2022,Enel,2022,densidad,0.5,0.1891025641025641,0.09294871794871795,0.0056624105,0.0015363861,0.2818791946308724,0.1826923076923077,0.3892617449664429,0.0536912751677852,0.261744966442953,0.0071987966000000006,-0.5243640957114588,-0.6335133112639406,1.5497472462377984,0.18543707242909963,-2.8930617256422972
E079_ENEL_2023,Enel,2023,densidad,0.507537688442211,0.23115577889447236,0.135678391959799,0.0069111604,0.0015432709,0.2604166666666667,0.0703517587939698,0.1354166666666666,0.125,0.1041666666666666,0.008454431299999999,-0.4056632058354203,0.2532239387780224,1.6136631811971043,0.01881052583453321,-1.7849129740890355
E079_ENEL_2024,Enel,2024,alta,0.3023983315954119,0.16996871741397288,0.11261730969760167,0.0062048095,0.0016440594,0.2234706616729088,0.1152241918665276,0.1847690387016229,0.1710362047440699,0.2621722846441947,0.0078488689,-0.46290978858394544,-0.2253456066594013,-0.12581887491820753,-0.26802358955217714,-0.2944129307729621
E080_ANE_2022,Acciona Energía,2022,aceptado_sin_financieros,0.140625,0.1484375,0.09375,0.0057103327,0.0015737738,0.0652173913043478,0.234375,0.3695652173913043,0.0869565217391304,0.3695652173913043,0.0072841065,-0.516299360764873,-0.6168848988291169,-1.4975781111449544,-1.496639154912742,1.8610330064637066
E080_ANE_2023,Acciona Energía,2023,aceptado_sin_financieros,0.250423968343697,0.19954776710005653,0.13793103448275862,0.011538928,0.0017297672,0.2531645569620253,0.2182023742227247,0.3037974683544304,0.1962025316455696,0.2911392405063291,0.0132686952,0.04945117498575983,0.29997135921513574,-0.566536217723837,-0.03749197485991648,0.953450726784649
E080_ANE_2024,Acciona Energía,2024,aceptado_sin_financieros,0.46524064171123,0.19786096256684493,0.12834224598930483,0.006334378,0.00094419287,0.3689320388349514,0.3689839572192513,0.4951456310679611,0.116504854368932,0.3398058252427184,0.00727857087,-0.5168226691817434,0.10098233960047108,1.255004779678574,0.8612807952725521,-2.532125904532398
E081_ENGIE_2022,Engie,2022,densidad_baja,0.6557377049180327,0.11475409836065574,0.04918032786885246,0.0035090183,0.0021940034,0.5,0.0327868852459016,0.125,0.0,0.125,0.0057030217,-0.6657665367910521,-1.541806265900548,2.870327301325976,1.8788404124129747,-6.956740516430552
E081_ENGIE_2023,Engie,2023,densidad_baja,0.4479166666666667,0.17708333333333334,0.125,0.008099745,0.004248956,0.5185185185185185,0.0104166666666666,0.1481481481481481,0.037037037037037,0.3333333333333333,0.012348701,-0.03752008363013713,0.03162318612901306,1.1081058900953706,2.0226108384286996,-3.136613626025194
E081_ENGIE_2024,Engie,2024,densidad_baja,0.4601226993865031,0.24539877300613497,0.147239263803681,0.009145142,0.004598319,0.6363636363636364,0.0245398773006134,0.0909090909090909,0.2272727272727272,0.3181818181818182,0.013743461,0.0943329570380633,0.4931381422955352,1.2116071158907125,2.9375135494378584,-3.5616495659949723
E082_SSE_2022,SSE,2022,alta,0.34725536992840095,0.27088305489260145,0.16706443914081145,0.0067148814,0.003964686,0.3125,0.1813842482100238,0.1736111111111111,0.0763888888888889,0.375,0.0106795674,-0.1953109153441667,0.9045553100344672,0.2545470113265442,0.4231648490037595,0.03153253435999681
E082_SSE_2023,SSE,2023,alta,0.4182621502209131,0.22385861561119294,0.12812960235640647,0.0050389217,0.0021942507,0.2983870967741935,0.198821796759941,0.1693548387096774,0.0887096774193548,0.2903225806451613,0.0072331724,-0.5211143941460269,0.09656950391568858,0.8566500016054402,0.313597871112743,-1.5947927629485215
E082_SSE_2024,SSE,2024,densidad,0.4129353233830846,0.25870646766169153,0.1480099502487562,0.0035735138,0.0013962736,0.3877952755905511,0.390547263681592,0.374015748031496,0.0708661417322834,0.4015748031496063,0.0049697874,-0.7350825280563733,0.5091316267947006,0.8114810986564264,1.0077274768295068,-2.045159476747606
E083_ENG_2022,Enagás,2022,alta,0.3944037308461026,0.12125249833444371,0.07195203197868089,0.0084239105,0.0018587179,0.32,0.1645569620253164,0.2127272727272727,0.1363636363636363,0.32,0.0102826284,-0.23283537411111918,-1.0692419707486118,0.6543421995938031,0.4813918715401282,-2.4378114159936626
E083_ENG_2023,Enagás,2023,alta,0.3811438784629133,0.1224307417336908,0.08221626452189455,0.011829287,0.0017745203,0.2852311161217587,0.1528150134048257,0.1961668545659526,0.1499436302142051,0.2649379932356257,0.013603807300000001,0.0811308541776683,-0.8562359614633506,0.5419050951696088,0.21146006018776303,-1.528470262643054
E083_ENG_2024,Enagás,2024,alta,0.3348982785602504,0.20109546165884193,0.1364110589462702,0.00938827,0.0015169422,0.2652232746955345,0.1444966092853416,0.2070365358592693,0.1644113667117726,0.2692828146143437,0.0109052122,-0.17397968058623842,0.26842843363589386,0.14976488160227094,0.056127122370583635,-0.11144325092319914
E084_WKL_2022,Wolters Kluwer,2022,densidad,0.25473684210526315,0.16421052631578947,0.13263157894736843,0.008260902,0.00022547749,0.2657342657342657,0.1347368421052631,0.1048951048951049,0.1398601398601398,0.2937062937062937,0.008486379490000001,-0.4026429973441059,0.18999568687668295,-0.529965144118797,0.06009425393432774,0.25722357971704635
E084_WKL_2023,Wolters Kluwer,2023,densidad,0.350253807106599,0.16116751269035534,0.1116751269035533,0.009291308,0.0021529167,0.3769470404984423,0.0621827411167512,0.0623052959501557,0.0747663551401869,0.1744548286604361,0.0114442247,-0.123024364199786,-0.24489802776176312,0.2799723014709395,0.9235060862711009,-1.5714007797035894
E084_WKL_2024,Wolters Kluwer,2024,densidad,0.27020602218700474,0.18066561014263074,0.12916006339144215,0.0074530146,0.0013830579,0.3190045248868778,0.1521394611727416,0.0384615384615384,0.0814479638009049,0.2352941176470588,0.0088360725,-0.36958491805525673,0.11795389791424732,-0.39879401446033075,0.4736633979606401,-0.32650040364131877
E085_STER_2022,Stora Enso,2022,densidad,0.2762700069589422,0.12943632567849686,0.08907446068197634,0.004493102,0.0013898339,0.3362573099415205,0.0967292971468336,0.2163742690058479,0.0789473684210526,0.2923976608187134,0.0058829359,-0.64875842476505,-0.7139129004060116,-0.34737437046086517,0.6076071718528804,-1.6229041265630768
E085_STER_2023,Stora Enso,2023,densidad,0.24341463414634146,0.1224390243902439,0.08292682926829269,0.005023135,0.0013691909,0.3375527426160337,0.1365853658536585,0.2911392405063291,0.0896624472573839,0.3059071729957806,0.0063923259,-0.6006034587594471,-0.8414901380097374,-0.6259719654468886,0.6176643968573109,-1.4337860281796069
E085_STER_2024,Stora Enso,2024,alta,0.3057199211045365,0.16272189349112426,0.11045364891518737,0.011038011,0.0028238331,0.2664728682170542,0.0498027613412228,0.1598837209302325,0.2141472868217054,0.1957364341085271,0.0138618441,0.10552425281563617,-0.27024645499548144,-0.09765341004732922,0.06582847038909365,-0.13289726252160972
E086_TUI_2022,TUI Group,2022,densidad,0.2391304347826087,0.24308300395256918,0.20948616600790515,0.003867698,0.0010300617,0.3526011560693641,0.3577075098814229,0.3352601156069364,0.0173410404624277,0.5549132947976878,0.0048977597000000005,-0.7418916359009752,1.7849019612727322,-0.6622998940929711,0.7344943047617992,0.9708159147029288
E086_TUI_2023,TUI Group,2023,densidad,0.2403846153846154,0.2564102564102564,0.1891025641025641,0.02226287,0.0027390379,0.35,0.2243589743589743,0.1791666666666666,0.2916666666666667,0.2708333333333333,0.025001907900000002,1.158645424391927,1.3618961809149206,-0.6516650520721501,0.7142999616856024,2.4579066956933957
E086_TUI_2024,TUI Group,2024,alta,0.30625,0.20208333333333334,0.153125,0.010461819,0.001532811,0.330188679245283,0.2447916666666666,0.2099056603773585,0.1580188679245283,0.3254716981132075,0.011994630000000001,-0.07099203433307548,0.6152804625913302,-0.09315859861203338,0.5604927323442513,0.07695429452603675
E087_ORK_2022,Orkla ASA,2022,densidad,0.1697674418604651,0.20232558139534884,0.1558139534883721,0.0068469285,0.0006938778,0.335593220338983,0.1837209302325581,0.2711864406779661,0.1288135593220339,0.4576271186440678,0.0075408063,-0.49203235485065194,0.6710823210644715,-1.250464366289447,0.6024514438191312,0.8270628886841355
E087_ORK_2023,Orkla ASA,2023,densidad,0.1746880570409982,0.20053475935828877,0.1711229946524064,0.009327866,0.001488654,0.2987910189982729,0.1639928698752228,0.2746113989637305,0.157167530224525,0.4905008635578584,0.010816520000000001,-0.18236415981818657,0.9887795040351297,-1.2087399407908423,0.3167337629053309,1.6984215221024546
E087_ORK_2024,Orkla ASA,2024,alta,0.23504920514761543,0.18773656320968962,0.13096139288417866,0.012220999,0.0021769241,0.2255834053586862,0.0522331566994701,0.1270527225583405,0.1884183232497839,0.2800345721694036,0.0143979231,0.15620225203296978,0.1553355535850682,-0.6969067380749313,-0.25162108632479957,1.2600656300177688
E088_BARN_2022,Barry Callebaut,2022,alta,0.30324074074074076,0.17824074074074073,0.13657407407407407,0.0038604755,0.0010295125,0.3478260869565217,0.386574074074074,0.4347826086956521,0.0632411067193675,0.5652173913043478,0.004889988,-0.7426263302399017,0.2718113657431352,-0.11867565474470705,0.6974225638489735,-1.049561873601033
E088_BARN_2023,Barry Callebaut,2023,alta,0.30387596899224806,0.20155038759689922,0.16124031007751938,0.0039106742,0.0017786107,0.3557422969187675,0.4186046511627906,0.4061624649859944,0.0588235294117647,0.5938375350140056,0.0056892849,-0.6670651393098015,0.7836914769021621,-0.11328922786875822,0.758880875298882,-0.5289653098377631
E088_BARN_2024,Barry Callebaut,2024,densidad,0.13125,0.15,0.125,0.028924212,0.007255192,0.0,0.03125,0.0232558139534883,0.5116279069767442,0.0697674418604651,0.036179404,2.215305242455215,0.03162318612901306,-1.5770735552505915,-2.002961090011599,5.826963073846419
E089_ADEN_2022,Adecco,2022,densidad,0.21610169491525424,0.2923728813559322,0.2288135593220339,0.00568174,0.00064559636,0.1666666666666666,0.3305084745762712,0.1428571428571428,0.1071428571428571,0.3095238095238095,0.0063273363600000005,-0.6067472171556066,2.1859890276848346,-0.8575724170741478,-0.7090272558700751,3.145841483473451
E089_ADEN_2023,Adecco,2023,densidad,0.27472527472527475,0.2032967032967033,0.14285714285714285,0.011544878,0.0026531585,0.25,0.2197802197802197,0.0978260869565217,0.108695652173913,0.2717391304347826,0.0141980365,0.13730605770647045,0.4021992346765157,-0.3604729491210985,-0.06206033879931222,0.9620385803033968
E089_ADEN_2024,Adecco,2024,densidad,0.12125984251968504,0.2188976377952756,0.2015748031496063,0.009876678,0.002651065,0.1639344262295081,0.2960629921259843,0.1311475409836065,0.1311475409836065,0.1967213114754098,0.012527743000000001,-0.020594424658474594,1.6207233124201157,-1.6617852358460998,-0.7302392859379692,3.9921534095457103
E090_WIHL_2022,Wihlborgs Fastigheter,2022,densidad,0.2822185970636215,0.16476345840130505,0.10929853181076672,0.010654367,0.002414573,0.3152866242038216,0.0815660685154975,0.0891719745222929,0.1496815286624203,0.232484076433121,0.01306894,0.030567402502117806,-0.29421774399676837,-0.29693321716231813,0.4447990930459341,-0.41151621737826655
E090_WIHL_2023,Wihlborgs Fastigheter,2023,densidad,0.2885496183206107,0.1648854961832061,0.11603053435114503,0.0071794437,0.0019252355,0.3392330383480826,0.0977099236641221,0.0884955752212389,0.1209439528023598,0.2271386430678466,0.0091046792,-0.3441922984369345,-0.1545134855841602,-0.24324923353921574,0.6307095458516812,-0.88616609633356
E090_WIHL_2024,Wihlborgs Fastigheter,2024,densidad,0.27909887359199,0.14518147684605756,0.10763454317897372,0.0078008636,0.0016978702,0.3392857142857143,0.0801001251564455,0.1138392857142857,0.1674107142857142,0.25,0.0094987338,-0.3069405151915794,-0.328749266588646,-0.32338695613449175,0.6311185009193618,-0.9434213265650955
E091_P911_2022,Porsche,2022,densidad,0.1457990115321252,0.1342668863261944,0.1128500823723229,0.0030907295,0.0012634177,0.2864864864864865,0.1919275123558484,0.3054054054054054,0.0378378378378378,0.4297297297297297,0.0043541472,-0.7932818113220097,-0.2205150478909518,-1.453705007725863,0.22120625732356222,0.21870189118933928
E091_P911_2023,Porsche,2023,media,0.18032786885245902,0.14754098360655737,0.1366120218579235,0.004148141,0.00076908956,0.1710526315789473,0.1639344262295082,0.2368421052631578,0.0263157894736842,0.3552631578947368,0.00491723056,-0.7400509664700876,0.27259886797137856,-1.160917077364251,-0.6749763654979297,1.3684413443634718
E091_P911_2024,Porsche,2024,densidad,0.16170058139534885,0.13626453488372092,0.11446220930232558,0.008009039,0.0030836216,0.2158620689655172,0.0872093023255813,0.1593103448275862,0.1337931034482758,0.2062068965517241,0.011092660600000002,-0.1562593261823343,-0.18705977275221689,-1.3188674228454602,-0.32709368275795575,1.3026420066688649
E092_EVK_2022,Evonik Industries,2022,densidad,0.3064516129032258,0.14946236559139786,0.08924731182795699,0.006138967,0.0014133042,0.3037037037037037,0.1236559139784946,0.1506172839506173,0.0962962962962963,0.2864197530864197,0.0075522712,-0.49094852542769973,-0.7103258487048044,-0.09144901916890154,0.3548738966462901,-1.464699251609893
E092_EVK_2023,Evonik Industries,2023,densidad,0.2978303747534517,0.15680473372781065,0.10453648915187377,0.0076325354,0.0011270808,0.2797494780793319,0.1400394477317554,0.1816283924843423,0.1085594989561586,0.2755741127348643,0.0087596162,-0.3768126817086739,-0.39304088528341113,-0.1645529290842886,0.16890279861008298,-0.7742034365178793
E092_EVK_2024,Evonik Industries,2024,densidad,0.40664451827242526,0.15813953488372093,0.07973421926910298,0.010485771,0.0020344069,0.322680412371134,0.1514950166112957,0.2154639175257732,0.1154639175257732,0.2886597938144329,0.0125201779,-0.021309588154674004,-0.9077440067007034,0.7581381284106797,0.5022015290788988,-2.189393252344956
E093_BNR_2022,Brenntag,2022,alta,0.3575547866205306,0.13264129181084197,0.09342560553633218,0.0054933764,0.0015077066,0.2756756756756757,0.1430219146482122,0.1756756756756756,0.0459459459459459,0.3189189189189189,0.007001083,-0.5430548664114045,-0.6236168166660524,0.3418810597499956,0.13727541402789575,-1.6458281568553481
E093_BNR_2023,Brenntag,2023,alta,0.3667711598746082,0.13584117032392895,0.09195402298850575,0.006855447,0.0015425194,0.2779043280182232,0.1410658307210031,0.1799544419134396,0.061503416856492,0.2847380410022779,0.0083979664,-0.41100109103145815,-0.6541554784244117,0.4200314261367917,0.15457778605126152,-1.639765781643923
E093_BNR_2024,Brenntag,2024,alta,0.31390134529147984,0.156203288490284,0.11061285500747384,0.008820617,0.0021390016,0.2654205607476635,0.0986547085201793,0.1532710280373831,0.1233644859813084,0.2186915887850467,0.010959618599999998,-0.16883639480817614,-0.26694256897876584,-0.028278908803845346,0.057658772957707057,-0.46515882794080365
E094_OR_2022,L'Oréal,2022,densidad,0.32184873949579834,0.1773109243697479,0.11932773109243698,0.010179491,0.0025758944,0.2941176470588235,0.1714285714285714,0.2287581699346405,0.1127450980392156,0.4117647058823529,0.012755385400000001,0.0009256523619495491,-0.08608920576254653,0.03911113191667361,0.28045155847344394,-0.40472624379071453
E094_OR_2023,L'Oréal,2023,densidad,0.3399638336347197,0.20253164556962025,0.1383363471971067,0.00734688,0.002073543,0.3046875,0.2188065099457504,0.1890625,0.103125,0.4109375,0.009420423,-0.31434359321013405,0.3083825135252493,0.19271832696616448,0.36251170052837556,-0.5611911071794248
E094_OR_2024,L'Oréal,2024,densidad,0.352,0.20945454545454545,0.12072727272727272,0.009324401,0.003142472,0.1988716502115655,0.1352727272727272,0.1974612129760225,0.1255289139633286,0.3258110014104372,0.012466873,-0.026348744100868626,-0.05704555566889857,0.294779168623475,-0.4590005488497806,0.08082708045653841
E095_UBSG_2022,UBS Group,2022,densidad,0.2918454935622318,0.27896995708154504,0.19313304721030042,0.0072867763,0.001065609,0.2083333333333333,0.3047210300429184,0.34375,0.0833333333333333,0.3541666666666667,0.0083523853,-0.4153100808447604,1.4455378091278541,-0.2153018131606088,-0.38554379733469374,1.6310733387783964
E095_UBSG_2023,UBS Group,2023,alta,0.417312661498708,0.12661498708010335,0.08527131782945736,0.027845716,0.0022233964,0.032520325203252,0.1266149870801033,0.016260162601626,0.7398373983739838,0.024390243902439,0.0300691124,1.6376714367615017,-0.7928367048255087,0.8485987986566412,-1.7504861955449607,1.7467221288243124
E095_UBSG_2024,UBS Group,2024,alta,0.4111600587371512,0.12187958883994127,0.07929515418502203,0.025809217,0.0027970967,0.0597014925373134,0.0234948604992657,0.0,0.7313432835820896,0.0298507462686567,0.0286063137,1.4993863866593404,-0.9168555989198817,0.7964277171701853,-1.539462403154934,1.3255654737242075
E096_NEM_2023,Nemetschek,2023,densidad,0.48148148148148145,0.1728395061728395,0.06172839506172839,0.0056585805,0.002122401,0.2,0.0,0.1333333333333333,0.0222222222222222,0.0222222222222222,0.007780981499999999,-0.4693274949370517,-1.281405529094855,1.3927192084982682,-0.45024048904176955,-2.693211743488405
E096_NEM_2024,Nemetschek,2024,densidad,0.25906183368869934,0.10980810234541578,0.08528784648187633,0.015331681,0.0017364522,0.0755667506297229,0.0895522388059701,0.0780856423173803,0.2191435768261964,0.052896725440806,0.0170681332,0.40862942294978655,-0.7924936979542395,-0.4932913172731009,-1.4162908377559962,1.525717880024644
E097_UMG_2022,Universal Music Group,2022,alta,0.3072916666666667,0.17708333333333334,0.13020833333333334,0.00841225,0.0027477045,0.22992700729927,0.1640625,0.1240875912408759,0.1277372262773722,0.2773722627737226,0.0111599545,-0.1498977260981467,0.13970786695536824,-0.08432577148918485,-0.21789908524701476,0.29203499759342116
E097_UMG_2023,Universal Music Group,2023,alta,0.3192599620493359,0.15607210626185958,0.11480075901328274,0.010417356,0.0044416026,0.2345679012345679,0.1537001897533206,0.1679012345679012,0.0938271604938271,0.2962962962962963,0.0148589586,0.19978604604124656,-0.18003410156130625,0.01715955721830661,-0.1818690271457498,0.18446141440738348
E097_UMG_2024,Universal Music Group,2024,alta,0.32975460122699385,0.17177914110429449,0.11196319018404909,0.01190121,0.0034544226,0.2006688963210702,0.0858895705521472,0.0535117056856187,0.1003344481605351,0.1739130434782608,0.0153556326,0.24673891041994817,-0.23892006403756863,0.10614899744831598,-0.4450474435535764,0.34671729248763994
E098_MICP_2022,Michelin,2022,densidad,0.47992471769134254,0.20263488080301129,0.10727728983688833,0.0062983297,0.0017335681,0.3801369863013699,0.2659974905897114,0.2979452054794521,0.0981735159817351,0.3926940639269406,0.0080318978,-0.4456072297242449,-0.336163080371708,1.3795186080860369,0.9482715590920154,-3.1095604772740053
E098_MICP_2023,Michelin,2023,densidad,0.47229791099000906,0.1966394187102634,0.09037238873751136,0.008037443,0.0019759056,0.3631336405529954,0.2089009990917347,0.2580645161290322,0.1032258064516129,0.391705069124424,0.0100133486,-0.25829162495034963,-0.6869779615993415,1.3148469935974658,0.8162643329474464,-3.0763809130946034
E098_MICP_2024,Michelin,2024,densidad,0.38037775445960126,0.22245540398740818,0.1311647429171039,0.009552004,0.0027458477,0.2658126501200961,0.1568730325288562,0.1865492393915132,0.1577261809447558,0.3130504403522818,0.0122978517,-0.04232710047952316,0.1595555260787808,0.5354087359287256,0.060702799187693966,-0.47888310951716195
E099_PIRC_2022,Pirelli,2022,alta,0.2748091603053435,0.061068702290076333,0.04580152671755725,0.0070526004,0.0026307858,0.0,0.0127226463104325,0.0,0.0833333333333333,0.0,0.0096833862,-0.28948447945304323,-1.6119240215511328,-0.35976164016732504,-2.002961090011599,0.4613142291747483
E099_PIRC_2023,Pirelli,2023,densidad,0.41472868217054265,0.1937984496124031,0.11046511627906977,0.007587033,0.0020572064,0.3603896103896103,0.1201550387596899,0.1818181818181818,0.0746753246753246,0.2305194805194805,0.0096442394,-0.29318520546499494,-0.2700084812933729,0.8266879096697304,0.7949607721255931,-2.1848423685536913
E099_PIRC_2024,Pirelli,2024,densidad,0.5982658959537572,0.2398843930635838,0.10308285163776493,0.008139397,0.0010218449,0.2094488188976378,0.1194605009633911,0.137007874015748,0.1039370078740157,0.2283464566929134,0.009161241899999999,-0.3388451677596832,-0.4232071470593479,2.3829942904279053,-0.3768836102557933,-2.768162994991143
E100_FERR_2022,Ferrari,2022,densidad,0.3783303730017762,0.15452930728241562,0.11367673179396093,0.006309803,0.0014024694,0.3445378151260504,0.1882770870337477,0.2016806722689075,0.0798319327731092,0.315126050420168,0.0077122724,-0.4758228803485744,-0.20336020522348863,0.5180479361160909,0.671893726785166,-1.86912474847332
E100_FERR_2023,Ferrari,2023,densidad,0.42162162162162165,0.17297297297297298,0.10540540540540541,0.005323772,0.00059557677,0.4298642533936652,0.2378378378378378,0.253393665158371,0.085972850678733,0.3936651583710407,0.00591934877,-0.6453161496575361,-0.3750089103852737,0.8851366865077881,1.3343343193126953,-3.239796065863293
E100_FERR_2024,Ferrari,2024,densidad,0.3500522466039707,0.2027168234064786,0.11912225705329153,0.011048434,0.0018383045,0.2520491803278688,0.122257053291536,0.096311475409836,0.1618852459016393,0.2479508196721311,0.0128867385,0.013343061547898393,-0.09035325618286097,0.27826316635941,-0.046151316248392034,-0.30912204474598054
E101_RENA_2022,Renault,2022,densidad,0.5163551401869159,0.2757009345794392,0.11682242990654206,0.0074746194,0.00070176827,0.2373737373737373,0.1448598130841121,0.303030303030303,0.0808080808080808,0.4242424242424242,0.00817638767,-0.4319479415992248,-0.13807986414040413,1.6884308870451399,-0.16008562926457987,-2.0983730635201887
E101_RENA_2023,Renault,2023,densidad,0.43880099916736054,0.20566194837635304,0.10491257285595337,0.0083021205,0.0025724906,0.3677419354838709,0.13488759367194,0.3070967741935483,0.0903225806451612,0.3780645161290322,0.010874611099999999,-0.1768725424999668,-0.38523629895647926,1.0308094595698598,0.8520413053200224,-2.4449596063463286
E101_RENA_2024,Renault,2024,densidad,0.45508707607699356,0.19844179651695693,0.09486709440879927,0.008453225,0.0013870909,0.282258064516129,0.0948670944087992,0.1469534050179211,0.1541218637992831,0.3387096774193548,0.0098403159,-0.2746491973140741,-0.5937026666445456,1.1689074773479757,0.18837846780872458,-2.2256378091153204
E102_ABN_2022,ABN AMRO,2022,alta,0.2522875816993464,0.11895424836601307,0.09281045751633987,0.04319919,0.0033901732,0.1473684210526315,0.057516339869281,0.0456140350877193,0.6842105263157895,0.0631578947368421,0.0465893632,3.199406287618474,-0.6363825275272044,-0.5507336821133256,-0.8588511735075148,3.97260861571211
E102_ABN_2023,ABN AMRO,2023,alta,0.20089285714285715,0.2544642857142857,0.19642857142857142,0.005802969,0.00251741,0.3414634146341463,0.2366071428571428,0.4268292682926829,0.0365853658536585,0.5121951219512195,0.008320379,-0.41833578274009625,1.5139273803190243,-0.9865359704658592,0.6480253018881096,1.4341022661566774
E102_ABN_2024,ABN AMRO,2024,alta,0.16755521706016754,0.2079207920792079,0.16146230007616147,0.017354725,0.0015230989,0.2117052023121387,0.1203351104341203,0.097543352601156,0.2586705202312139,0.217485549132948,0.0188778239,0.5797077600572202,0.7882982707869378,-1.2692229575386373,-0.3593659451988823,2.9965949335816777
E103_KBC_2022,KBC Group,2022,alta,0.1111111111111111,0.2222222222222222,0.1111111111111111,0.004729705,0.0011454753,0.0,0.1111111111111111,0.0,0.0,0.2857142857142857,0.0058751802999999995,-0.6494915970973554,-0.2566026294079337,-1.7478415462923302,-2.002961090011599,2.84470840979864
E103_KBC_2023,KBC Group,2023,alta,0.1111111111111111,0.2222222222222222,0.1111111111111111,0.0031415345,0.0011574074,0.0,0.1111111111111111,0.0,0.0,0.2857142857142857,0.0042989419,-0.7985006207702304,-0.2566026294079337,-1.7478415462923302,-2.002961090011599,2.6956993861257654
E103_KBC_2024,KBC Group,2024,alta,0.21296847114812612,0.19214753123140987,0.13801308744794766,0.015050955,0.0014692914,0.1700118063754427,0.0636525877453896,0.050767414403778,0.2148760330578512,0.1723730814639905,0.0165202464,0.35683517840451,0.3016741435773719,-0.8841406319915011,-0.6830569191753808,2.2257068731487637
E104_INGA_2022,ING Group,2022,alta,0.2674285714285714,0.15085714285714286,0.11771428571428572,0.0065080435,0.00095142645,0.3076923076923077,0.2,0.3531468531468531,0.0804195804195804,0.5384615384615384,0.00745946995,-0.4997214519457457,-0.11957184167836805,-0.4223454471561383,0.38583983455736953,-0.582787681025345
E104_INGA_2023,ING Group,2023,alta,0.3483606557377049,0.16393442622950818,0.13524590163934427,0.026944116,0.0017215739,0.25,0.1311475409836065,0.1666666666666666,0.0,0.5833333333333334,0.0286656899,1.5049994903569823,0.24424878775462966,0.26391929786246715,-0.06206033879931222,1.5473893190484571
E104_INGA_2024,ING Group,2024,alta,0.12645348837209303,0.1824127906976744,0.15261627906976744,0.016728023,0.0028769653,0.1837349397590361,0.1061046511627907,0.1189759036144578,0.2153614457831325,0.2138554216867469,0.0196049883,0.648449935919496,0.6047233542315463,-1.6177456429325452,-0.5765159596025694,3.447434892686157
E105_UC_2022,UniCredit,2022,densidad,0.33,0.27,0.19,0.004526553,0.0010518484,0.4264705882352941,0.56,0.7058823529411765,0.0,0.7205882352941176,0.0055784014,-0.6775474636056892,1.3805200028419233,0.1082298597889137,1.3079872502917138,-0.7132445708443933
E105_UC_2023,UniCredit,2023,densidad,0.20588235294117646,0.3088235294117647,0.25,0.0037012722,0.0013832352,0.25,0.7058823529411765,0.5,0.025,0.6,0.0050845074,-0.7242375218721868,2.6256555259615326,-0.9442274708017947,-0.06206033879931222,2.907705813690453
E105_UC_2024,UniCredit,2024,densidad,0.19116022099447513,0.19226519337016573,0.16243093922651933,0.013467544,0.0014582024,0.0554016620498614,0.1933701657458563,0.1357340720221606,0.1800554016620498,0.2271468144044321,0.0149257464,0.20609980217817314,0.8083997210401873,-1.0690639953121743,-1.572844580047658,3.6564080985781926
E106_SAN_2022,Banco Santander,2022,alta,0.38783106657122407,0.11496062992125984,0.0807444523979957,0.01612466,0.0017336659,0.1458333333333333,0.1654974946313528,0.1607142857142857,0.1964285714285714,0.2589285714285714,0.0178583259,0.4833299522227907,-0.8867793874437603,0.5986092006083393,-0.8707689851377655,-0.1312896506915434
E106_SAN_2023,Banco Santander,2023,alta,0.37044907210653066,0.12211361382632101,0.0818812863011758,0.015917579,0.0015370558,0.1039671682626539,0.1634792463521745,0.1121751025991792,0.2489740082079343,0.2352941176470588,0.0174546348,0.44516718656727255,-0.8631875161648226,0.45121833453766985,-1.1958012700820024,0.32656260594678255
E106_SAN_2024,Banco Santander,2024,densidad,0.45594262295081966,0.10758196721311475,0.06659836065573771,0.009825514,0.00071227516,0.2524752475247525,0.0348360655737704,0.0668316831683168,0.1014851485148514,0.1509900990099009,0.01053778916,-0.20871386068572065,-1.1803427431370002,1.1761620990746953,-0.042843499678398476,-2.5223752032190174
E107_VK_2022,Vallourec,2022,densidad,0.3656387665198238,0.15638766519823788,0.08149779735682819,0.009944528,0.0026845678,0.4317817014446228,0.1431718061674008,0.1589085072231139,0.1396468699839486,0.2841091492776886,0.0126290958,-0.011013081014954644,-0.8711457779536701,0.41042928078843366,1.349220624762752,-2.6418087645198103
E107_VK_2023,Vallourec,2023,densidad,0.36685288640595903,0.15828677839851024,0.08379888268156424,0.009886327,0.0027475564,0.4093198992443325,0.1452513966480447,0.1612090680100755,0.1423173803526448,0.243073047858942,0.0126338834,-0.0105604872945274,-0.8233930599610354,0.420724427406653,1.174836109706251,-2.429514084368467
E107_VK_2024,Vallourec,2024,alta,0.583011583011583,0.2857142857142857,0.14671814671814673,0.014206534,0.0038309942,0.0684931506849315,0.0347490347490347,0.0342465753424657,0.1438356164383561,0.0410958904109589,0.0180375282,0.5002707650864626,0.482323785713814,2.2536451296956908,-1.4712074595424796,0.2001568806470655
E108_MT_2022,ArcelorMittal,2022,alta,0.25034387895460797,0.29298486932599727,0.19257221458046767,0.0049433303,0.0018547578,0.4421906693711968,0.4030261348005502,0.4462474645030426,0.0608519269776876,0.5111561866125761,0.0067980880999999995,-0.562244902550337,1.4338992652956981,-0.5672153368229071,1.4300317194348802,0.00883798013338799
E108_MT_2023,ArcelorMittal,2023,alta,0.26121794871794873,0.25,0.16506410256410256,0.007802452,0.0018499411,0.4205378973105134,0.3541666666666666,0.4107579462102689,0.1075794621026894,0.4572127139364303,0.0096523931,-0.2924143989192837,0.8630438078702052,-0.4750085096151788,1.261928193201245,-0.21629027463514472
E108_MT_2024,ArcelorMittal,2024,alta,0.29218106995884774,0.16049382716049382,0.09876543209876543,0.007261107,0.00047258794,0.5099337748344371,0.3251028806584362,0.4900662251655629,0.1125827814569536,0.4370860927152318,0.00773369494,-0.47379770968277085,-0.5128033543296641,-0.2124562883947042,1.9559622965671057,-2.7301070721848366
E109_SOLB_2022,Solvay,2022,densidad,0.31277533039647576,0.1145374449339207,0.08259911894273128,0.0076058037,0.0017340687,0.3570057581573896,0.2092511013215859,0.2821497120921305,0.1113243761996161,0.3186180422264875,0.009339872400000001,-0.3219584097647011,-0.848290867470564,-0.03782696791295591,0.768689886767559,-1.9011121960898683
E109_SOLB_2023,Solvay,2023,densidad,0.34405778069599474,0.10702560735390676,0.08010505581089954,0.009487492,0.0014916726,0.2496626180836707,0.113591595535128,0.1403508771929824,0.1417004048582996,0.2105263157894736,0.0109791646,-0.16698862204949294,-0.9000483108430082,0.22743300854280724,-0.06467963805870805,-1.2297903033766002
E109_SOLB_2024,Solvay,2024,densidad,0.28428650749583567,0.1687951138256524,0.1121599111604664,0.0109879775,0.0015840845,0.2624277456647398,0.1066074403109383,0.1260115606936416,0.1907514450867052,0.2450867052023121,0.012572061999999998,-0.016404746929421822,-0.23483765943956897,-0.2793983416231667,0.03442374478696273,-0.006267809532786862
E110_AKZA_2022,AkzoNobel,2022,densidad,0.3215613382899628,0.1895910780669145,0.10780669144981413,0.008613934,0.0016026594,0.4142857142857143,0.2676579925650557,0.3107142857142857,0.1,0.4892857142857142,0.0102165934,-0.2390779646216907,-0.32517680113419595,0.03667410935727185,1.213388726283048,-1.8143176013962066
E110_AKZA_2023,AkzoNobel,2023,alta,0.2782051282051282,0.17564102564102563,0.11923076923076924,0.0077315257,0.0011086093,0.3859649122807017,0.1487179487179487,0.2017543859649122,0.1169590643274853,0.3625730994152046,0.008840135,-0.3692008713535198,-0.08810138340171848,-0.33096548268872544,0.9935172627371941,-1.119854034803707
E110_AKZA_2024,AkzoNobel,2024,alta,0.24915824915824916,0.1531986531986532,0.10521885521885523,0.008499129,0.0013266089,0.3368237347294939,0.1144781144781144,0.1151832460732984,0.1361256544502617,0.2827225130890052,0.0098257379,-0.2760273223154085,-0.37888024812057747,-0.5772689013249253,0.6120046690388119,-0.6896433381498726
E111_BAS_2022,BASF,2022,densidad,0.2678983833718245,0.08545034642032333,0.06466512702078522,0.0034580014,0.00071984035,0.3575418994413408,0.0900692840646651,0.1396648044692737,0.0614525139664804,0.2737430167597765,0.00417784175,-0.8099487717086534,-1.2204617076931499,-0.4183616701881346,0.7728522748506661,-2.384901084064335
E111_BAS_2023,BASF,2023,densidad,0.3314285714285714,0.13428571428571429,0.07428571428571429,0.0048760595,0.0019039118,0.3834710743801653,0.2085714285714285,0.2991735537190083,0.0925619834710743,0.4214876033057851,0.0067799713,-0.5639575664976667,-1.020812791745895,0.12034345127167712,0.9741560953189833,-2.679269904834222
E111_BAS_2024,BASF,2024,alta,0.27205005959475564,0.15762812872467222,0.10786650774731824,0.008421165,0.0024063513,0.235485621269669,0.1507747318235995,0.214867064568638,0.1437873033098209,0.3043950081389039,0.0108275163,-0.18132462929601825,-0.32393547785279836,-0.38315747337483036,-0.17474421312362862,0.05264157934964234
E112_HEI_2022,Heidelberg Materials,2022,densidad,0.39299610894941633,0.11284046692607004,0.0622568093385214,0.011615163,0.0047900327,0.2298136645962732,0.0700389105058365,0.1428571428571428,0.1055900621118012,0.1801242236024844,0.0164051957,0.3459589096371199,-1.2704397393122129,0.6424062499607479,-0.21877903299657836,-1.3481080466392625
E112_HEI_2023,Heidelberg Materials,2023,densidad,0.21733821733821734,0.2148962148962149,0.13186813186813187,0.006440798,0.0015427398,0.3365758754863813,0.2625152625152625,0.4105058365758754,0.1206225680933852,0.4396887159533074,0.007983537800000001,-0.4501789216617209,0.17415243557036036,-0.8470873078304112,0.6100803882742033,-0.039019566535152594
E112_HEI_2024,Heidelberg Materials,2024,densidad,0.20123336579032783,0.16812723141837066,0.12755598831548198,0.012086531,0.0026043775,0.2651821862348178,0.1123012009087958,0.2078272604588394,0.194331983805668,0.2786774628879892,0.014690908499999999,0.18389950163963248,0.08466571693376754,-0.9836486226095934,0.05580812787349876,1.1964057133094945
E113_ACS_2022,ACS Group,2022,alta,0.16981132075471697,0.2783018867924528,0.21226415094339623,0.015334627,0.0046960004,0.2613636363636363,0.2924528301886792,0.1818181818181818,0.1477272727272727,0.4204545454545454,0.0200306274,0.6886875463774071,1.8425514233705835,-1.2500922945896693,0.026162422619427583,3.7551688417182323
E113_ACS_2023,ACS Group,2023,alta,0.25,0.28703703703703703,0.20601851851851852,0.024828414,0.0035623806,0.1835748792270531,0.2754629629629629,0.144927536231884,0.2415458937198067,0.1835748792270531,0.0283907946,1.4790123806245574,1.7129404434278683,-0.5701312632458557,-0.5777586060296304,4.339842693327912
E113_ACS_2024,ACS Group,2024,alta,0.2013888888888889,0.25,0.1736111111111111,0.0029366375,0.00061601837,0.1645569620253164,0.3472222222222222,0.2911392405063291,0.050632911392405,0.5569620253164557,0.00355265587,-0.8690504517545572,1.0404135405083261,-0.9823298623121217,-0.7254061651630057,1.8790991162288964
E114_SGO_2022,Saint-Gobain,2022,densidad,0.34332425068119893,0.2125340599455041,0.10899182561307902,0.0036521263,0.0024571605,0.2767295597484276,0.3923705722070845,0.5220125786163522,0.0314465408805031,0.3144654088050314,0.0061092868000000005,-0.6273604391453133,-0.3005825903618001,0.22121303048509974,0.14545735158187523,-1.2946134115740882
E114_SGO_2023,Saint-Gobain,2023,alta,0.2557522123893805,0.168141592920354,0.10973451327433628,0.011487787,0.003023107,0.2299035369774919,0.1946902654867256,0.3520900321543408,0.1591639871382636,0.3858520900321543,0.014510894,0.16688190779598508,-0.28517014386823275,-0.5213552975409222,-0.2180812995076958,0.6211483609763704
E114_SGO_2024,Saint-Gobain,2024,alta,0.30621088107847855,0.16417910447761194,0.09292248435243139,0.011525968,0.0027666066,0.2435325602140945,0.1246990852190659,0.2390722569134701,0.1498661909009812,0.272078501338091,0.0142925746,0.1462431765971716,-0.6340577176412002,-0.09349030805622359,-0.11227097375484908,-0.282053259232956
E115_FER_2022,Ferrovial,2022,densidad,0.6491228070175439,0.043859649122807015,0.013157894736842105,0.021325411,0.0009012442,0.2525252525252525,-0.0219298245614035,0.101010101010101,0.1818181818181818,0.0606060606060606,0.0222266552,0.8962880961651116,-2.2893531179316624,2.8142361817192763,-0.042455280706259126,-4.164845922779567
E115_FER_2023,Ferrovial,2023,alta,0.25,0.35,0.3,0.0036868688,0.0,0.0,0.15,0.0769230769230769,0.0,0.2307692307692307,0.0036868688,-0.8563626897614629,3.6632684618945404,-0.5701312632458557,-2.002961090011599,5.379998125390532
E115_FER_2024,Ferrovial,2024,densidad,0.0946372239747634,0.10725552050473186,0.10094637223974763,0.01695401,0.002464221,0.0212765957446808,0.1703470031545741,0.2695035460992908,0.2695035460992908,0.1560283687943262,0.019418230999999998,0.6307949143588091,-0.46754392027409014,-1.887532103524341,-1.8377780473552348,3.888561144964295
E116_WIE_2022,Wienerberger,2022,alta,0.34415584415584416,0.15381493506493507,0.09902597402597403,0.00795152,0.00399061,0.3112094395280236,0.1306818181818181,0.3230088495575221,0.0833333333333333,0.2610619469026549,0.01194213,-0.07595509940167551,-0.5073965208491727,0.2282645390272088,0.41314544984558405,-1.224761609123641
E116_WIE_2023,Wienerberger,2023,densidad,0.4582043343653251,0.17027863777089783,0.08668730650154799,0.005917851,0.004414989,0.4572490706319702,0.1640866873065015,0.3048327137546468,0.0446096654275092,0.2862453531598513,0.01033284,-0.22808864195876663,-0.7634517415595921,1.195340312763751,1.5469391687112448,-3.7338198649933547
E116_WIE_2024,Wienerberger,2024,densidad,0.2252141982864137,0.24357405140758873,0.17197062423500611,0.009002738,0.0014748733,0.2505694760820046,0.1370869033047735,0.1947608200455581,0.123006833712984,0.3006833712984054,0.0104776113,-0.2144027489689416,1.0063697324308287,-0.7803028168176745,-0.05763915257787172,1.6299089528574333
E117_BEI_2022,Beiersdorf,2022,densidad,0.2175805047867711,0.20191470844212359,0.15491731940818101,0.0035284024,0.0010509916,0.3685300207039337,0.2428198433420365,0.2194616977225673,0.0559006211180124,0.4306418219461698,0.0045793940000000005,-0.7719882013240301,0.6524751386563783,-0.8450328280091842,0.8581596861025792,-0.1326399207610468
E117_BEI_2023,Beiersdorf,2023,alta,0.2209036969420356,0.14559561843906893,0.11775445002282063,0.00986209,0.0019643474,0.3390357698289269,0.1921497033318119,0.2115085536547434,0.0699844479004665,0.3965785381026439,0.0118264374,-0.0868920499113043,-0.11873834155639541,-0.8168537734778648,0.6291780313836018,-0.017954649373436715
E117_BEI_2024,Beiersdorf,2024,alta,0.20179037672510258,0.1816486385676986,0.1484520701230884,0.0068676523,0.0017281694,0.218144750254842,0.1268183513614322,0.1223241590214067,0.1580020387359837,0.328236493374108,0.008595821699999999,-0.39229692478255596,0.5183066128115036,-0.9789254405688878,-0.30937185144104085,1.4143069800388761
E118_MONC_2022,Moncler,2022,densidad,0.28125,0.16666666666666666,0.125,0.0025474343,0.0006345922,0.0769230769230769,0.2395833333333333,0.1923076923076923,0.0,0.3846153846153846,0.0031820265,-0.9040877408906376,0.03162318612901306,-0.305146449560399,-1.4057608588693573,0.8384427536681318
E118_MONC_2023,Moncler,2023,densidad_baja,0.24561403508771928,0.2631578947368421,0.19298245614035087,0.002920533,0.00046168052,0.0967741935483871,0.3333333333333333,0.1935483870967742,0.0,0.3548387096774194,0.00338221352,-0.8851631464877971,1.442412704283541,-0.6073221142894287,-1.2516446701874882,2.416216342272661
E118_MONC_2024,Moncler,2024,alta,0.4166666666666667,0.0,0.0,0.0016666666,0.0,,0.25,,,,0.0016666666,-1.0473416415772505,-2.5624091537035065,0.8431210764099137,,
E119_HLI_2022,Haleon,2022,densidad,0.2222222222222222,0.22366522366522368,0.16594516594516595,0.013358768,0.0017741208,0.2261904761904762,0.2886002886002886,0.1071428571428571,0.2619047619047619,0.3412698412698413,0.0151328888,0.22568192045752494,0.8813278631015702,-0.8056733198551507,-0.2469080293909586,2.1595911328052044
E119_HLI_2023,Haleon,2023,densidad,0.28837209302325584,0.2372093023255814,0.14186046511627906,0.018663717,0.0017421606,0.2600896860986547,0.2046511627906976,0.0717488789237668,0.3094170403587444,0.2780269058295964,0.0204058776,0.7241616637032198,0.38151592033898063,-0.2447545617902249,0.016271978514187945,1.3341601673182373
E119_HLI_2024,Haleon,2024,alta,0.3541147132169576,0.15087281795511223,0.07855361596009976,0.0194263,0.0019159217,0.250936329588015,0.2094763092269326,0.0936329588014981,0.3220973782771535,0.2696629213483146,0.0213422217,0.8126785531298806,-0.9322441920132447,0.31271090903287285,-0.05479104759626993,-0.3774855003199671
E120_PUM_2022,Puma,2022,densidad,0.3733108108108108,0.22128378378378377,0.13682432432432431,0.005950799,0.001545616,0.5372093023255814,0.179054054054054,0.2093023255813953,0.0627906976744186,0.5,0.007496414999999999,-0.49622886742931377,0.2770046236807377,0.47548448805351406,2.1677186637561987,-2.8624273955582886
E120_PUM_2023,Puma,2023,densidad,0.5892857142857143,0.32142857142857145,0.16071428571428573,0.0011904762,0.0011904762,0.425531914893617,0.0714285714285714,0.1914893617021276,0.0,0.3617021276595745,0.0023809524,-0.9798169386634029,0.7727752832240189,2.306846713910532,1.3006997631156978,-3.814588132465614
E120_PUM_2024,Puma,2024,densidad,0.2719860221316249,0.24111822947000583,0.1700640652300524,0.008297087,0.0015130194,0.2849576271186441,0.1426907396622015,0.1091101694915254,0.1514830508474576,0.3739406779661017,0.009810106399999999,-0.2775050394891194,0.9668043266976382,-0.383700479942401,0.20933680014138906,0.8636629670095306
E121_GAW_2022,Games Workshop,2022,densidad,0.26126126126126126,0.1981981981981982,0.15315315315315314,0.037937086,0.007714832,0.175,0.0900900900900901,0.025,0.3625,0.0875,0.045651918,3.1107853061737747,0.61586470410931,-0.47464124029614163,-0.6443305641629984,4.845621814742224
E121_GAW_2023,Games Workshop,2023,densidad,0.3271604938271605,0.21604938271604937,0.14814814814814814,0.030882433,0.006328526,0.2416666666666666,0.1296296296296296,0.0333333333333333,0.3416666666666667,0.125,0.037210959,2.3128228536331132,0.5119995453572573,0.08415222733551907,-0.12675703050638887,2.867427202161241
E121_GAW_2024,Games Workshop,2024,densidad,0.3167701863354037,0.20496894409937888,0.13664596273291926,0.03622086,0.005665319,0.2543859649122807,0.1925465838509316,0.1052631578947368,0.4035087719298245,0.2105263157894736,0.041886179,2.7547927787763524,0.2733032177904281,-0.003952530899289846,-0.028009448427166732,3.0600579758932374
E122_SHEL_2022,Shell plc,2022,alta,0.2875536480686695,0.1863887185775598,0.12568976088289394,0.011500078,0.0035842762,0.2439024390243902,0.1201716738197424,0.156794425087108,0.1533101045296167,0.2717770034843205,0.0150843542,0.22109372278364922,0.04593728242483947,-0.2516945772719164,-0.10939938151180728,0.6281249639922124
E122_SHEL_2023,Shell plc,2023,alta,0.2854077253218884,0.17381974248927037,0.11659513590844063,0.0124838585,0.0039238157,0.2583732057416268,0.0894134477825464,0.1148325358851674,0.1578947368421052,0.2344497607655502,0.0164076742,0.3461932135756442,-0.14279672799420354,-0.26989095932757,0.0029459064566018187,0.47034153845240884
E122_SHEL_2024,Shell plc,2024,densidad_baja,0.4057971014492754,0.2246376811594203,0.13043478260869565,0.019147957,0.0054634525,0.4193548387096774,-0.0797101449275362,0.043010752688172,0.2795698924731182,0.086021505376344,0.0246114095,1.121729824994133,0.14440720090433992,0.7509524455627985,1.252743395892882,-0.7375588155572075
E123_ENI_2022,Eni,2022,densidad_baja,0.47619047619047616,0.09523809523809523,0.023809523809523808,0.007869806,0.0059167654,,0.0238095238095238,,,,0.0137865714,0.09840838028250841,-2.0683077556401694,1.3478540548584024,,
E123_ENI_2023,Eni,2023,densidad_baja,0.5833333333333334,0.0625,0.020833333333333332,0.010086936,0.004816747,,0.0208333333333333,,,,0.014903683,0.2040140480860864,-2.130070430398087,2.256373416065683,,
E123_ENI_2024,Eni,2024,densidad_baja,0.3974358974358974,0.10256410256410256,0.07692307692307693,0.0025364351,0.0021236385,0.0,0.141025641025641,0.2,0.0,0.4,0.0046600736,-0.7643611898095802,-0.9660815599604176,0.6800534987573247,-2.002961090011599,-0.4075351585157234
E124_GALP_2022,Galp Energia,2022,densidad,0.5805022156573116,0.12703101920236337,0.07385524372230429,0.006671299,0.00056825107,0.2037617554858934,0.0384047267355982,0.0971786833855799,0.115987460815047,0.1191222570532915,0.0072395500700000006,-0.5205114838375304,-1.0297460282485467,2.232366913988812,-0.42103571284797986,-3.3615887132269093
E124_GALP_2023,Galp Energia,2023,densidad,0.5860284605433377,0.10090556274256145,0.0685640362225097,0.0069548464,0.00060157833,0.1955307262569832,0.0310478654592496,0.0837988826815642,0.1145251396648044,0.0865921787709497,0.00755642473,-0.4905558732438068,-1.1395505352183988,2.2792267850769345,-0.48493815610254826,-3.4243950374365917
E124_GALP_2024,Galp Energia,2024,alta,0.439117929050815,0.16586768935762225,0.11505273250239693,0.014443039,0.0015321975,0.3003663003663003,0.1629913710450623,0.2142857142857142,0.1721611721611721,0.1941391941391941,0.0159752365,0.3053129003715352,-0.17480508252496496,1.0334968709656527,0.3289636220676315,-1.231952675186714
E125_ENX_2022,Euronext,2022,densidad,0.3590462833099579,0.18513323983169705,0.1093969144460028,0.004791476,0.0015609177,0.2077294685990338,0.2047685834502103,0.3478260869565217,0.0144927536231884,0.3140096618357488,0.0063523937,-0.6043784322248251,-0.29217608209692564,0.35452822686552765,-0.3902319634004237,-0.8608507777868548
E125_ENX_2023,Euronext,2023,alta,0.3173431734317343,0.1857318573185732,0.12669126691266913,0.0037374892,0.0010779814,0.2192307692307692,0.2201722017220172,0.3,0.0115384615384615,0.3192307692307692,0.0048154706,-0.7496708008102425,0.06672079466303249,0.0009061212276006966,-0.3009404312562093,-0.38291569611860143
E125_ENX_2024,Euronext,2024,alta,0.30560578661844484,0.18173598553345388,0.13200723327305605,0.0067665423,0.0012916608,0.162907268170426,0.1618444846292947,0.2105263157894736,0.0451127819548872,0.2155388471177944,0.0080582031,-0.44312046942807265,0.17703910391347605,-0.09862121502435586,-0.738213733331914,0.5707535828416732
E126_IGGI_2022,IG Group,2022,densidad,0.33540372670807456,0.30434782608695654,0.16770186335403728,0.009528764,0.0014489043,0.3188405797101449,0.3105590062111801,0.144927536231884,0.0579710144927536,0.4927536231884058,0.0109776683,-0.16713007413067676,0.9177833022208679,0.15405083626719399,0.472390592693926,0.12421179912907121
E126_IGGI_2023,IG Group,2023,densidad,0.35384615384615387,0.2358974358974359,0.13333333333333333,0.007689857,0.0015421286,0.3098591549295774,0.2871794871794871,0.0985915492957746,0.0985915492957746,0.3380281690140845,0.0092319856,-0.3321574423064733,0.204558675451181,0.3104336560781238,0.40266237627968543,-0.8406947992131015
E126_IGGI_2024,IG Group,2024,densidad,0.2920353982300885,0.18584070796460178,0.1415929203539823,0.02770208,0.0018444774,0.2898550724637681,0.2035398230088495,0.1014492753623188,0.3188405797101449,0.3333333333333333,0.0295465574,1.5882719231058395,0.37596376221297584,-0.21369151386364832,0.24735862153887853,1.9305685776435852
E127_FLOW_2022,Flow Traders,2022,densidad,0.30666666666666664,0.21333333333333335,0.13333333333333333,0.011198982,0.0014827577,0.0909090909090909,0.0533333333333333,0.2121212121212121,0.0,0.0909090909090909,0.0126817397,-0.0060364124213380865,0.204558675451181,-0.08962546776289435,-1.2971789986616769,1.585326729454414
E127_FLOW_2023,Flow Traders,2023,alta,0.13855421686746988,0.1746987951807229,0.15963855421686746,0.007859276,0.0008492117,0.1666666666666666,0.2289156626506024,0.2575757575757575,0.0454545454545454,0.2272727272727272,0.0087084877,-0.38164609261076754,0.7504514248777833,-1.5151373457867616,-0.7090272558700751,2.5929699339238526
E127_FLOW_2024,Flow Traders,2024,alta,0.1392857142857143,0.16785714285714284,0.14642857142857144,0.0072314627,0.00042573208,0.2631578947368421,0.2107142857142857,0.0394736842105263,0.0789473684210526,0.131578947368421,0.00765719478,-0.48102961962254814,0.4763144443860166,-1.5089346031600452,0.04009233231712382,1.4641270956063899
E128_NESN_2022,Nestlé,2022,alta,0.2,0.4,0.2,0.0,0.0,0.3333333333333333,0.4,0.0,0.0,0.3333333333333333,0.0,-1.2048992565003422,1.588042590028525,-0.9941069651425865,0.58490657827145,0.7923437203993193
E128_NESN_2023,Nestlé,2023,densidad_baja,0.0851063829787234,0.23404255319148937,0.19148936170212766,0.002730763,0.0,0.3,0.5531914893617021,0.4,0.0,0.7,0.002730763,-0.9467477430541457,1.4114276222101405,-1.9683490035435849,0.32611981144314506,2.106909071256435
E128_NESN_2024,Nestlé,2024,densidad,0.022727272727272728,0.25,0.25,0.023685269,0.0,0.0,-0.0681818181818181,0.0476190476190476,0.5714285714285714,0.0952380952380952,0.023685269,1.0341775285338333,2.6256555259615326,-2.4972935445946325,-2.002961090011599,8.160087689101598
E129_RCO_2022,Rémy Cointreau,2022,densidad,0.3775322283609576,0.21915285451197053,0.11970534069981584,0.0035231854,0.0016071704,0.4656084656084656,0.2559852670349907,0.2830687830687831,0.0423280423280423,0.4629629629629629,0.0051303558,-0.7199032629675925,-0.07825295349556881,0.5112800574299676,1.6118381926694854,-2.9212744665626142
E129_RCO_2023,Rémy Cointreau,2023,densidad,0.3137755102040816,0.1836734693877551,0.10204081632653061,0.009789726,0.0032101593,0.1274509803921568,0.125,0.2009803921568627,0.1176470588235294,0.2450980392156862,0.0129998853,0.02403934594225781,-0.44483173343206195,-0.029345929193903268,-1.0134822756680808,0.6220358173721799
E129_RCO_2024,Rémy Cointreau,2024,densidad,0.3670886075949367,0.20759493670886076,0.12151898734177215,0.009528707,0.0026850875,0.1376146788990825,0.1139240506329114,0.2064220183486238,0.128440366972477,0.2568807339449541,0.0122137945,-0.05027341196684354,-0.04061568915746227,0.42272322853762795,-0.9345753553993317,0.42096302573739797
E130_CCH_2022,Coca-Cola HBC,2022,alta,0.21428571428571427,0.35714285714285715,0.14285714285714285,0.0031055901,0.0,0.1,0.3571428571428571,0.1,0.2,0.8,0.0031055901,-0.9113136233060575,0.4021992346765157,-0.8729710503149493,-1.2266007895266844,1.590457451212092
E130_CCH_2023,Coca-Cola HBC,2023,alta,0.31369426751592355,0.25796178343949044,0.15286624203821655,0.0066890093,0.001143417,0.6130952380952381,0.3359872611464968,0.3154761904761904,0.056547619047619,0.6636904761904762,0.0078324263,-0.46446418274960183,0.6099106504228867,-0.030034827708619146,2.7568669427232955,-2.581385647341391
E130_CCH_2024,Coca-Cola HBC,2024,densidad,0.36351118760757317,0.2344234079173838,0.13218588640275386,0.009359546,0.00097504316,0.2957063711911357,0.2388984509466437,0.1752077562326869,0.1592797783933518,0.3698060941828255,0.01033458916,-0.22792328586552105,0.18074655988186333,0.3923884455351908,0.2927857819209393,-0.7323509534397878
E131_TEV_2022,Teva Pharmaceutical Industries,2022,densidad,0.2692307692307692,0.24358974358974358,0.1794871794871795,0.0063429,0.000425402,0.0,0.576923076923077,0.5333333333333333,0.2,0.3333333333333333,0.006768302,-0.5650607187872859,1.1623552316970345,-0.40706368559326706,-2.002961090011599,3.0073192885146147
E131_TEV_2023,Teva Pharmaceutical Industries,2023,densidad_baja,0.30434782608695654,0.1956521739130435,0.14130434782608695,0.00884797,0.001748578,0.6304347826086957,-0.2826086956521739,0.0217391304347826,0.6739130434782609,0.217391304347826,0.010596548,-0.20315911885190238,0.36997523045499364,-0.10928810901027859,2.8914842826106897,-2.6153800619973198
E131_TEV_2024,Teva Pharmaceutical Industries,2024,densidad_baja,0.08196721311475409,0.19672131147540983,0.18032786885245902,0.039273728,0.027614431,0.0606060606060606,-0.5081967213114753,0.0,0.6666666666666666,0.1212121212121212,0.066888159,5.118344275611316,1.1798014349073416,-1.994967638472574,-1.5324396957783175,9.82555304476955
E132_ESLX_2022,EssilorLuxottica,2022,densidad,0.33539094650205764,0.1728395061728395,0.14814814814814814,0.007013958,0.0014923551,0.248,0.1604938271604938,0.08,0.096,0.184,0.0085063131,-0.40075858203968523,0.5119995453572573,0.15394246633086586,-0.07758754480901053,0.03488604179571678
E132_ESLX_2023,EssilorLuxottica,2023,densidad,0.27177177177177175,0.15915915915915915,0.12462462462462462,0.0091903815,0.002830907,0.3271028037383177,0.2687687687687688,0.3200934579439252,0.1238317757009345,0.411214953271028,0.012021288500000001,-0.0684718844258131,0.023833299222608986,-0.38551721887640855,0.536535219985785,-0.1956565863125806
E132_ESLX_2024,EssilorLuxottica,2024,alta,0.21711057304277642,0.10008071025020178,0.08232445520581114,0.0017912673,0.0006409432,0.3539823008849557,0.3930589184826473,0.7522123893805309,0.0088495575221238,0.6017699115044248,0.0024322105,-0.9749712760806828,-0.8539907603997648,-0.8490176208292582,0.745216964802258,-1.7251613804534474
E133_SNY_2022,Sanofi,2022,densidad_baja,0.3008474576271186,0.11016949152542373,0.046610169491525424,0.010232659,0.0045734816,0.25,0.0466101694915254,0.0,0.0,0.1666666666666666,0.0148061406,0.19479291897851678,-1.5951428574947706,-0.13896953250341781,-0.06206033879931222,-1.199320067213524
E133_SNY_2023,Sanofi,2023,densidad,0.23563218390804597,0.034482758620689655,0.034482758620689655,0.008585234,0.0026050603,0.0555555555555555,0.0229885057471264,0.0,0.0555555555555555,0.1111111111111111,0.0111902943,-0.14702956606827403,-1.846814025473846,-0.6919633614920428,-1.5716498119644247,0.2697695819143473
E133_SNY_2024,Sanofi,2024,densidad,0.24581005586592178,0.0335195530726257,0.027932960893854747,0.006526369,0.0019316525,0.0476190476190476,0.0055865921787709,0.0476190476190476,0.0476190476190476,0.0952380952380952,0.0084580215,-0.40532380781238625,-1.9827371224560162,-0.6056599533489339,-1.6332657088283065,-0.1491352680911624
E134_NOV N_2022,Novartis,2022,densidad_baja,0.45454545454545453,0.09090909090909091,0.0,0.0018705575,9.3527866e-05,0.0,0.0909090909090909,0.0,0.0,0.0,0.0019640853660000002,-1.0192252856099988,-2.5624091537035065,1.1643147899680428,-2.002961090011599,-2.742988139269949
E134_NOV N_2023,Novartis,2023,densidad_baja,0.5333333333333333,0.26666666666666666,0.0,0.0035767169,0.00021231423,0.0,0.1333333333333333,0.0,0.0,0.0,0.00378903113,-0.8467048175452765,-2.5624091537035065,1.832397714168952,-2.002961090011599,-3.238550595406136
E134_NOV N_2024,Novartis,2024,densidad_baja,0.4891304347826087,0.16304347826086957,0.08695652173913043,0.011336274,0.00041806023,0.0,0.2282608695652174,0.0,0.0,0.0,0.01175433423,-0.09370829228011057,-0.7578649172982755,1.457578615390683,-2.002961090011599,-0.30619073495746996
E135_FME_2022,Fresenius Medical Care,2022,alta,0.21257142857142858,0.13417142857142858,0.10902857142857143,0.009844404,0.0024580199,0.1968,0.1282285714285714,0.0976,0.152,0.2272,0.0123024239,-0.041894869506063054,-0.2998200316918734,-0.8875073600942656,-0.4750840186572869,1.020876477553616
E135_FME_2023,Fresenius Medical Care,2023,alta,0.2380818053596615,0.12045133991537377,0.09562764456981665,0.011541358,0.0026905455,0.2377622377622377,0.1052186177715091,0.1235431235431235,0.1678321678321678,0.1585081585081585,0.0142319035,0.14050766008129476,-0.5779195329345944,-0.6711917620054432,-0.157069466481033,0.3908493556331766
E135_FME_2024,Fresenius Medical Care,2024,alta,0.22611744084136723,0.16038562664329536,0.12211510371019574,0.014657835,0.004683244,0.1994917407878017,0.0972830850131463,0.0762388818297331,0.1753494282083862,0.2287166454891994,0.019341078999999997,0.62350138300314,-0.028244928053507774,-0.7726437588932863,-0.4541864117888345,1.8220866256317532
E136_SAND_2022,Sandvik AB,2022,alta,0.05917159763313609,0.20710059171597633,0.1893491124260355,0.0067451545,0.0011138394,0.135593220338983,0.0828402366863905,0.2203389830508474,0.1525423728813559,0.3728813559322034,0.0078589939,-0.4619526260350012,1.3670126155102509,-2.1882633799523137,-0.9502691571506983,4.043592526578262
E136_SAND_2023,Sandvik AB,2023,densidad,0.3869346733668342,0.135678391959799,0.09547738693467336,0.009989321,0.0011513738,0.3813559322033898,0.1206030150753768,0.0677966101694915,0.059322033898305,0.211864406779661,0.0111406948,-0.1517184336086555,-0.5810377182535419,0.5910082218482061,0.9577349711596859,-2.2814993448700895
E136_SAND_2024,Sandvik AB,2024,densidad,0.352,0.12266666666666666,0.07466666666666667,0.009264106,0.0011424767,0.3125,0.1146666666666666,0.11875,0.0875,0.31875,0.0104065827,-0.22111740732192373,-1.0129071693768814,0.294779168623475,0.4231648490037595,-1.9519685943260399
E137_KNEBV_2022,Kone,2022,densidad,0.28205128205128205,0.4358974358974359,0.2564102564102564,0.001763194,0.0,0.2857142857142857,0.5897435897435898,0.3333333333333333,0.0,0.7142857142857143,0.001763194,-1.0382164650610073,2.7586828254401228,-0.2983519671582078,0.21521119708815722,1.8036071304491659
E137_KNEBV_2023,Kone,2023,densidad,0.2,0.16363636363636364,0.1,0.0041136146,0.0005681818,0.675,0.4818181818181818,0.575,0.025,0.725,0.0046817964,-0.7623076341929672,-0.48718328183749077,-0.9941069651425865,3.237470938261576,-3.4928548891494478
E137_KNEBV_2024,Kone,2024,densidad,0.2514817950889077,0.14733276883996613,0.10922946655376799,0.011472519,0.0018220509,0.2733990147783251,0.0897544453852667,0.1625615763546798,0.1453201970443349,0.2832512315270936,0.0132945699,0.05189722869491239,-0.29565100407847683,-0.5575663609881201,0.11960032264420231,0.1942122629603533
E138_SMIN_2022,Smiths Group,2022,densidad,0.33263598326359833,0.2280334728033473,0.1297071129707113,0.018497977,0.0014086203,0.1320754716981132,0.2259414225941422,0.1367924528301886,0.2547169811320754,0.1981132075471698,0.0199065973,0.6769624138675981,0.129306412315175,0.13058171687635634,-0.9775795610692589,1.6532666703756758
E138_SMIN_2023,Smiths Group,2023,densidad,0.40540540540540543,0.27234927234927236,0.13097713097713098,0.0122335935,0.001067243,0.1977186311787072,0.2016632016632016,0.1292775665399239,0.1863117870722433,0.2319391634980988,0.013300836500000001,0.05248963904841509,0.15566215456175325,0.7476310534601996,-0.4679521308779276,-0.07152712897210373
E138_SMIN_2024,Smiths Group,2024,densidad,0.408,0.224,0.104,0.015469535,0.0014181705,0.2236024844720497,0.112,0.1304347826086956,0.2298136645962732,0.1801242236024844,0.0168877055,0.3915727674206849,-0.40417424696285037,0.7696319547478134,-0.26700016967265927,-0.5152332646173196
E139_VOLV B_2022,Volvo Group,2022,densidad,0.2364341085271318,0.16569767441860464,0.12403100775193798,0.012114462,0.002283703,0.2180451127819548,0.1085271317829457,0.1428571428571428,0.1403508771929824,0.1904761904761904,0.014398165,0.1562251199461144,0.011514408300853958,-0.6851634304271392,-0.3101453972249436,1.1630483558990512
E139_VOLV B_2023,Volvo Group,2023,densidad,0.22361546499477533,0.1452455590386625,0.10867293625914315,0.013390526,0.0026145163,0.2362637362637362,0.0815047021943573,0.1346153846153846,0.1373626373626373,0.1813186813186813,0.0160050423,0.30813057893956725,-0.30720026473730366,-0.7938592982070356,-0.16870323721757025,0.9634928496268695
E139_VOLV B_2024,Volvo Group,2024,alta,0.3076923076923077,0.18269230769230768,0.15384615384615385,0.004972846,0.0018846834,0.5180722891566265,0.4326923076923077,0.8433734939759037,0.0120481927710843,0.4939759036144578,0.0068575294,-0.5566256446520098,0.6302460337826716,-0.08092853028808926,2.019146490813863,-1.864597571395112
E140_PRY_2022,Prysmian,2022,alta,0.36091177712114814,0.13761080624736174,0.09159983115238497,0.010372075,0.002535191,0.2573443008225617,0.1376108062473617,0.2009400705052879,0.153936545240893,0.1974148061104582,0.012907266,0.015283619989721067,-0.6615057590436273,0.3703467078251953,-0.005042102864756053,-1.0115267440143454
E140_PRY_2023,Prysmian,2023,alta,0.3991655076495132,0.17524339360222532,0.11196105702364395,0.010581826,0.0026941434,0.3202911737943585,0.1470792767732962,0.2957233848953594,0.1546860782529572,0.281164695177434,0.0132759694,0.05013883837475057,-0.2389643319341844,0.6947197528438348,0.4836524292849432,-1.3671976756882118
E140_PRY_2024,Prysmian,2024,alta,0.32119914346895073,0.13276231263383298,0.08993576017130621,0.009904349,0.0014329859,0.2080924855491329,0.1477516059957173,0.2716763005780346,0.0635838150289017,0.1965317919075144,0.0113373349,-0.13312914577254112,-0.6960389905691884,0.03360287328803275,-0.3874136439158231,-0.47535736571393916
E141_PRU_2022,Prudential plc,2022,densidad,0.1745152354570637,0.2123730378578024,0.1698984302862419,0.009907286,0.00156772,0.1759082217973231,0.2890120036934441,0.1567877629063097,0.2007648183556405,0.2695984703632887,0.011475006,-0.12011446715605088,0.963367027490832,-1.2102053838378732,-0.6372794906882312,2.690737434860886
E141_PRU_2023,Prudential plc,2023,alta,0.22711471610660486,0.20278099652375434,0.1564310544611819,0.017207805,0.0024948034,0.109375,0.1657010428736964,0.09375,0.29296875,0.205078125,0.0197026084,0.6576784103633669,0.6838885601077577,-0.7641873492820188,-1.1538170113562236,3.259571331109367
E141_PRU_2024,Prudential plc,2024,alta,0.28346456692913385,0.1732283464566929,0.1203599550056243,0.016112132,0.0023900662,0.1305182341650671,0.1991001124859392,0.0786948176583493,0.3013435700575815,0.182341650671785,0.0185021982,0.5441981449993456,-0.06466822806049553,-0.2863679981968627,-0.9896693350600795,1.7555672501957922
E142_PST_2022,Poste Italiane,2022,alta,0.3801470588235294,0.17401960784313725,0.11004901960784313,0.0074070035,0.0015732178,0.2874251497005988,0.2031862745098039,0.3293413173652694,0.1057884231536926,0.343313373253493,0.0089802213,-0.35595787283695945,-0.2786434270666413,0.5334525490441641,0.22849366587318576,-1.3965475148209507
E142_PST_2023,Poste Italiane,2023,densidad,0.725,0.3,0.0,0.0121562965,0.00043415325,0.3809523809523809,0.025,0.0952380952380952,0.0476190476190476,0.0952380952380952,0.01259044975,-0.014666468839609332,-2.5624091537035065,3.4576379047730867,0.9546019594547422,-6.989315486770946
E142_PST_2024,Poste Italiane,2024,densidad,0.45371577574967403,0.22164276401564537,0.11994784876140809,0.007134189,0.0017747879,0.4409722222222222,0.119947848761408,0.2569444444444444,0.09375,0.2708333333333333,0.0089089769,-0.3626929317507378,-0.07322036346004572,1.1572795169722454,1.4205721794878514,-3.0137649916708806
E143_SCR_2022,SCOR SE,2022,densidad,0.30662983425414364,0.21823204419889503,0.16022099447513813,0.013931808,0.002317251,0.1974921630094044,0.2030386740331491,0.1316614420062695,0.1755485893416928,0.3009404388714733,0.016249059,0.3311985934143299,0.7625383758055796,-0.08993778872193414,-0.4697103398376295,1.653385097779473
E143_SCR_2023,SCOR SE,2023,densidad,0.3018335684062059,0.23554301833568406,0.17066290550070523,0.012931911,0.0020619112,0.2149837133550488,0.232722143864598,0.1530944625407166,0.1791530944625407,0.3224755700325732,0.014993822200000001,0.21253531884478274,0.979231614925378,-0.1306077923091886,-0.33391288701471455,1.656287613094064
E143_SCR_2024,SCOR SE,2024,densidad,0.33184713375796177,0.1910828025477707,0.12165605095541401,0.013977995,0.0021748138,0.1542416452442159,0.1050955414012738,0.0784061696658097,0.2365038560411311,0.1915167095115681,0.0161528088,0.3220996218816488,-0.03777130958625178,0.12389265641949328,-0.8054901895207283,0.965925845396632
E144_SRENH_2022,Swiss Re,2022,densidad_baja,0.0945945945945946,0.3108108108108108,0.28378378378378377,0.04506869,0.01835836,0.0714285714285714,-0.2297297297297297,0.0,0.5,0.2142857142857142,0.06342705,4.7911498151062295,3.326745347537889,-1.887893579951911,-1.4484180182366604,11.454206760832689
E144_SRENH_2023,Swiss Re,2023,densidad_baja,0.11428571428571428,0.21428571428571427,0.15714285714285714,0.04752057,0.020109225,0.0909090909090909,-0.2428571428571428,0.0,0.5454545454545454,0.1818181818181818,0.06762979499999999,5.188454517996386,0.6986600735145181,-1.720922454108411,-1.2971789986616769,8.905216044280992
E144_SRENH_2024,Swiss Re,2024,alta,0.37773359840954274,0.14910536779324055,0.1073558648111332,0.009563753,0.0026215813,0.3181818181818182,0.0656063618290258,0.0454545454545454,0.0454545454545454,0.3181818181818182,0.0121853343,-0.05296388481380297,-0.33453247217736654,0.5129875775837647,0.46727622971312965,-1.367760164288064
E145_LGEN_2022,Legal & General,2022,densidad,0.16585365853658537,0.14471544715447154,0.11707317073170732,0.0065437946,0.0009049934,0.0465116279069767,0.2211382113821138,0.1395348837209302,0.0465116279069767,0.2093023255813953,0.007448788,-0.5007312655249749,-0.13287642566524416,-1.2836513469257196,-1.6418632758325693,2.29190693156807
E145_LGEN_2023,Legal & General,2023,alta,0.06962025316455696,0.12658227848101267,0.11708860759493671,0.04255401,0.0075610112,0.0851063829787234,0.0632911392405063,0.0,0.5106382978723404,0.1702127659574468,0.050115021200000005,3.5327028602590476,-0.1325560758857034,-2.099663858696087,-1.3422289193861396,6.842039562455572
E145_LGEN_2024,Legal & General,2024,densidad,0.2893258426966292,0.1544943820224719,0.10393258426966293,0.015685938,0.0034922538,0.1736842105263158,0.1432584269662921,0.0842105263157894,0.2421052631578947,0.1526315789473684,0.0191781918,0.608102911147101,-0.40557327564051265,-0.23666722804617993,-0.6545458312746418,1.09374269482741
E146_REL_2022,RELX,2022,densidad,0.34060402684563756,0.23657718120805368,0.15268456375838926,0.01410007,0.0044793915,0.2659279778393352,0.1963087248322148,0.1800554016620498,0.1994459833795014,0.2853185595567867,0.018579461499999998,0.55150219805296,0.6061404157563497,0.19814685428513282,0.06159815781532113,0.8978976017088558
E146_REL_2023,RELX,2023,densidad,0.3239202657807309,0.2574750830564784,0.1777408637873754,0.0143439695,0.004697487,0.2794520547945205,0.1843853820598006,0.1835616438356164,0.1945205479452054,0.3150684931506849,0.019041456499999998,0.5951766979837761,1.1261152364902423,0.05667666812970986,0.16659372230240896,1.4980215440418996
E146_REL_2024,RELX,2024,densidad,0.3716216216216216,0.20608108108108109,0.10472972972972973,0.009469868,0.0022648629,0.146788990825688,0.0912162162162162,0.0458715596330275,0.1651376146788991,0.146788990825688,0.0117347309,-0.0955614847058484,-0.38903070681680096,0.46116098461105687,-0.8633496397585139,-0.08240353637519238
E147_SRB_2022,Storebrand,2022,alta,0.3076923076923077,0.3076923076923077,0.19658119658119658,0.004681873,0.0014232249,0.0483870967741935,0.1794871794871795,0.1451612903225806,0.1129032258064516,0.3387096774193548,0.006105097899999999,-0.627756435017044,1.5170946969732764,-0.08092853028808926,-1.627302880099544,2.5975696723438655
E147_SRB_2023,Storebrand,2023,alta,0.2586505190311419,0.16089965397923875,0.11245674740484429,0.011510591,0.0017557847,0.2260127931769723,0.1267301038062283,0.1471215351812366,0.2281449893390192,0.2846481876332623,0.013266375700000001,0.04923190204430058,-0.22867763689916362,-0.4967790656858675,-0.24828748976850815,0.5656208205995126
E147_SRB_2024,Storebrand,2024,alta,0.28521303258145364,0.19197994987468672,0.13984962406015036,0.012401389,0.0036854546,0.2745358090185676,0.0992481203007518,0.0968169761273209,0.2188328912466843,0.2095490716180371,0.0160868436,0.31586362988425426,0.33978642650009405,-0.2715418591531706,0.1284259418236441,0.7987659737138749
E148_INF_2022,Informa,2022,alta,0.2727272727272727,0.06818181818181818,0.06818181818181818,0.008558098,0.0,0.2,0.0,0.2,0.2,0.3,0.008558098,-0.39586311864404816,-1.1474824228857687,-0.37741503511097824,-0.45024048904176955,-0.7156900173770693
E148_INF_2023,Informa,2023,densidad_baja,0.15,0.2,0.2,0.0,0.0,0.0,0.6,0.25,0.0,0.5,0.0,-1.2048992565003422,1.588042590028525,-1.4180826670393174,-2.002961090011599,3.8041870905790995
E148_INF_2024,Informa,2024,alta,0.1891891891891892,0.21621621621621623,0.16216216216216217,0.023339245,0.0016891892,0.1428571428571428,0.054054054054054,0.0,0.2142857142857142,0.2857142857142857,0.0250284342,1.1611530768286737,0.8028219898630056,-1.085777387174312,-0.8938749464617214,3.9436274003277125
E149_IPX_2022,Ipsos,2022,densidad,0.27011494252873564,0.1724137931034483,0.11302681992337164,0.005759405,0.0028513805,0.1309523809523809,0.1513409961685823,0.0714285714285714,0.0595238095238095,0.3452380952380952,0.0086107855,-0.39088232834306025,-0.21684734450628584,-0.3995663257011939,-0.9862987917575445,0.7781354446093923
E149_IPX_2023,Ipsos,2023,densidad,0.3217877094972067,0.1888268156424581,0.12290502793296089,0.0074221906,0.0027711538,0.2455516014234875,0.147486033519553,0.0676156583629893,0.1067615658362989,0.2775800711743772,0.0101933444,-0.24127579890321219,-0.01185221621454882,0.038593627186880634,-0.09659593935469131,-0.19512570294995035
E149_IPX_2024,Ipsos,2024,alta,0.3786206896551724,0.20482758620689656,0.11241379310344828,0.007878909,0.0024517123,0.2261904761904762,0.1075862068965517,0.121031746031746,0.1011904761904761,0.2777777777777778,0.0103306213,-0.22829838581529419,-0.22956903567481307,0.5205096802540106,-0.2469080293909586,-0.7314690723531593
E150_SANO_2022,Sanoma,2022,alta,0.38271604938271603,0.2037037037037037,0.11728395061728394,0.0030754912,0.00084264163,0.6222222222222222,-0.0185185185185185,0.0666666666666666,0.0222222222222222,0.3333333333333333,0.0039181328300000005,-0.8345002434963836,-0.12850226694706854,0.5552363405541085,2.8277252241167594,-4.3459640751143205
E150_SANO_2023,Sanoma,2023,alta,0.322,0.14,0.096,0.011545225,0.00053336564,0.3045267489711934,0.02,0.0082304526748971,0.1316872427983539,0.1316872427983539,0.01207859064,-0.0630548511040985,-0.5701923167121314,0.04039374748543671,0.36126369335810016,-1.0349046086597666
E150_SANO_2024,Sanoma,2024,alta,0.251975051975052,0.162993762993763,0.12474012474012475,0.011342906,0.0027675799,0.2347222222222222,0.0282744282744282,0.0736111111111111,0.1583333333333333,0.2,0.0141104859,0.12902949914275674,0.02623018750150277,-0.5533837822977519,-0.18067094026228553,0.8893144092042968
E151_SBRY_2022,Sainsbury's,2022,alta,0.4692982456140351,0.19298245614035087,0.10380116959064327,0.00532058,0.00230837,0.3538461538461538,0.1111111111111111,0.1538461538461538,0.0307692307692307,0.4153846153846154,0.007628950000000001,-0.4836997278318489,-0.40830042705895825,1.2894112889327882,0.7441599732427144,-2.92557141706631
E151_SBRY_2023,Sainsbury's,2023,densidad,0.3087248322147651,0.18791946308724833,0.10067114093959731,0.013054613,0.0006930154,0.1875,0.2483221476510067,0.0625,0.265625,0.25,0.0137476284,0.09472692041648008,-0.47325559142228285,-0.07217322410540009,-0.5472855266023839,0.24093007970198121
E151_SBRY_2024,Sainsbury's,2024,alta,0.3844121532364597,0.2166446499339498,0.12945838837516513,0.006507529,0.0030488637,0.4423076923076923,0.1796565389696169,0.1634615384615384,0.0288461538461538,0.4230769230769231,0.0095563927,-0.3014897557156957,0.12414481515870669,0.5696184769917232,1.430940239056293,-2.177903656605005
E152_RKT_2022,Reckitt,2022,densidad,0.2037735849056604,0.1792452830188679,0.13018867924528302,0.0044200267,0.0010332769,0.2703703703703703,0.3094339622641509,0.2740740740740741,0.1111111111111111,0.4666666666666667,0.005453303600000001,-0.6893735306788074,0.13930000023526856,-0.9621087989617011,0.09608712981798481,0.31594813870017746
E152_RKT_2023,Reckitt,2023,densidad,0.27586206896551724,0.2206896551724138,0.1413793103448276,0.01700458,0.001130917,0.3478260869565217,0.3103448275862068,0.3550724637681159,0.0507246376811594,0.5072463768115942,0.018135496999999997,0.5095322037358463,0.371530872038102,-0.3508334864027191,0.6974225638489735,0.5344739983276938
E152_RKT_2024,Reckitt,2024,alta,0.3475,0.21,0.135,0.014798906,0.0032754636,0.4202898550724637,0.3,0.3115942028985507,0.0797101449275362,0.5507246376811594,0.0180743696,0.5037535510944308,0.23914577331561482,0.25662135545276915,1.2600024917365928,-0.7737245227793164
E153_WDP_2022,Warehouses De Pauw,2022,densidad,0.386046511627907,0.12093023255813953,0.09302325581395349,0.015919117,0.0012596574,0.1721854304635761,0.0511627906976744,0.0397350993377483,0.1258278145695364,0.0596026490066225,0.0171787744,0.4190888415187006,-0.6319664822002362,0.5834770419150166,-0.6661817646733358,-0.1301729179232164
E153_WDP_2023,Warehouses De Pauw,2023,densidad,0.22916666666666666,0.125,0.08333333333333333,0.006588641,0.001344086,0.0277777777777777,0.125,0.0277777777777777,0.0277777777777777,0.0555555555555555,0.007932727,-0.45498229893005654,-0.833054260481827,-0.746787805702827,-1.7873054509880124,1.246056697278956
E153_WDP_2024,Warehouses De Pauw,2024,densidad,0.34992679355783307,0.16398243045387995,0.09809663250366032,0.011157779,0.0016151414,0.2574525745257452,0.1288433382137628,0.1707317073170731,0.1002710027100271,0.2113821138211382,0.0127729204,0.002583316094861859,-0.5266824565582202,0.2771993854935842,-0.00420150881737446,-0.797097017139568
E154_URW_2022,Unibail-Rodamco-Westfield,2022,alta,0.5766423357664233,0.20437956204379562,0.04744525547445255,0.0074714734,0.0,0.2918918918918919,0.156934306569343,0.1675675675675675,0.1027027027027027,0.4324324324324324,0.0074714734,-0.4985867109286469,-1.57781293712474,2.199637008269283,0.26317167897139543,-4.539208335294066
E154_URW_2023,Unibail-Rodamco-Westfield,2023,alta,0.2936344969199179,0.11498973305954825,0.061601642710472276,0.011067976,0.0031584646,0.0778688524590164,0.0410677618069815,0.0655737704918032,0.151639344262295,0.1311475409836065,0.014226440600000001,0.13999122716389947,-1.2840359266813204,-0.20013193407519722,-1.3984182330766246,0.4545054676344009
E154_URW_2024,Unibail-Rodamco-Westfield,2024,alta,0.3695728909283445,0.21743734557006705,0.13378044475820686,0.008311333,0.0024231244,0.2411847672778561,0.1630780091775502,0.1784203102961918,0.1036671368124118,0.3554301833568406,0.010734457400000001,-0.1901219126467293,0.21383724741622517,0.4437887439374662,-0.1304983060493932,-0.28957510311857715
E155_VNA_2022,Vonovia,2022,alta,0.30554117037804246,0.13878819264629724,0.09787674779906784,0.010636875,0.0021116165,0.256900212314225,0.1206628689798032,0.2802547770700637,0.197452229299363,0.2186836518046709,0.0127484915,0.0002739404709700223,-0.5312455608361997,-0.09916912934192641,-0.008489829742497951,-0.42331266128080525
E155_VNA_2023,Vonovia,2023,alta,0.3009072580645161,0.13004032258064516,0.09375,0.011022282,0.00219993,0.2817796610169492,0.1018145161290322,0.3029661016949153,0.1927966101694915,0.2457627118644068,0.013222212,0.0450569055343933,-0.6168848988291169,-0.13846245385503103,0.18466433296496174,-0.6180298724046542
E155_VNA_2024,Vonovia,2024,alta,0.18478260869565216,0.1213768115942029,0.08514492753623189,0.016426997,0.0017355327,0.0669642857142857,0.0742753623188405,0.1116071428571428,0.2232142857142857,0.1160714285714285,0.0181625297,0.5120877284802264,-0.7954595888900511,-1.1231430483285483,-1.483076960222594,2.3228481481413175
E156_TSCO_2022,Tesco,2022,densidad,0.39344262295081966,0.3114754098360656,0.16393442622950818,0.009326333,0.0007981525,0.3511450381679389,0.2896174863387978,0.1068702290076335,0.1068702290076335,0.3206106870229007,0.010124485499999999,-0.2477853455937308,0.839600472306355,0.6461924717037818,0.72318958344688,-0.7775669284380375
E156_TSCO_2023,Tesco,2023,densidad,0.358148893360161,0.28169014084507044,0.1790744466800805,0.008420861,0.0012460046,0.3503937007874015,0.4285714285714286,0.1653543307086614,0.1220472440944882,0.4488188976377952,0.0096668656,-0.29104624731537304,1.1537900937024372,0.3469187961887231,0.7173564983016844,-0.20153144810334322
E156_TSCO_2024,Tesco,2024,densidad,0.296551724137931,0.27586206896551724,0.19655172413793104,0.018106949,0.0010317555,0.2475247524752475,0.2551724137931034,0.1782178217821782,0.2227722772277227,0.3316831683168317,0.0191387045,0.6043699961131327,1.5164830772055589,-0.17539526492820995,-0.08127717792022619,2.3775255161671276
E157_ITX_2022,Inditex,2022,densidad,0.554140127388535,0.09341825902335456,0.04670912951167728,0.0044830972,0.00060348137,0.1862745098039215,0.0212314225053078,0.0539215686274509,0.0588235294117647,0.088235294117647,0.00508657857,-0.7240417247011748,-1.5930892135537753,2.0088292164444495,-0.5567997459710723,-3.769160408728327
E157_ITX_2023,Inditex,2023,densidad,0.296398891966759,0.17266851338873498,0.12188365650969529,0.011307951,0.0019497138,0.2654494382022472,0.1902123730378578,0.2696629213483146,0.175561797752809,0.4157303370786517,0.0132576648,0.04840842083466101,-0.03304798023800262,-0.17669120746911107,0.057882966050885366,0.1341686820148841
E157_ITX_2024,Inditex,2024,alta,0.5,0.125,0.125,0.01,0.0,0.0,0.2,0.0909090909090909,0.0909090909090909,0.0909090909090909,0.01,-0.25955352914796315,0.03162318612901306,1.5497472462377984,-2.002961090011599,0.2252835007548506
E158_JMT_2022,Jerónimo Martins,2022,densidad,0.6919060052219321,0.05221932114882506,0.0278503046127067,0.006066618,0.000703396,0.2161520190023753,0.0,0.0783847980997624,0.0641330166270783,0.171021377672209,0.006770014,-0.5648988755987633,-1.9844524269871229,3.1770169114811257,-0.32484262578054823,-5.4015255882864635
E158_JMT_2023,Jerónimo Martins,2023,densidad,0.7460197119029568,0.0667172100075815,0.027293404094010616,0.006484579,0.00072649826,0.1814254859611231,-0.0075815011372251,0.0561555075593952,0.0712742980561555,0.1641468682505399,0.00721107726,-0.5232031487654522,-1.9960093706316602,3.6358748469275506,-0.5944456420476071,-5.560641724277056
E158_JMT_2024,Jerónimo Martins,2024,densidad,0.45005370569280345,0.13963480128893663,0.09452201933404941,0.009113292,0.00093185314,0.4122657580919932,0.1568206229860365,0.2333901192504258,0.1533219761499148,0.3117546848381601,0.01004514514,-0.2552857526269907,-0.6008637538731157,1.1262269425171114,1.1977065883078108,-3.180083037325029
E159_ZAL_2022,Zalando,2022,alta,0.3089430894308943,0.21138211382113822,0.14092140921409213,0.0068335836,0.0012835377,0.5144508670520231,0.1707317073170731,0.2427745664739884,0.0289017341040462,0.5202312138728323,0.0081171213,-0.4375506625647433,0.3620283893055126,-0.07032250897735179,1.9910312072807372,-1.996230971562616
E159_ZAL_2023,Zalando,2023,densidad,0.3185378590078329,0.22193211488250653,0.1566579634464752,0.006993082,0.00039851587,0.4527363184079602,0.2689295039164491,0.2437810945273631,0.0298507462686567,0.4776119402985074,0.007391597870000001,-0.5061377100291976,0.6885974340761526,0.011036474341046664,1.5119039519847812,-1.340480702278873
E159_ZAL_2024,Zalando,2024,densidad,0.2698412698412698,0.2402116402116402,0.17566137566137566,0.01308569,0.0024014425,0.1916376306620209,0.1238095238095238,0.1010452961672473,0.1707317073170731,0.2543554006968641,0.0154871325,0.2591701972811747,1.0829611608971135,-0.4018869370963595,-0.5151626047617625,2.25918090003641
E160_CARR_2022,Carrefour,2022,alta,0.3044029141590117,0.19987329743427304,0.11751662971175167,0.00701875,0.0016884468,0.3498871331828442,0.1862527716186252,0.2325056433408578,0.1181339352896915,0.4529721595184349,0.0087071968,-0.3817681272907114,-0.12367365018025074,-0.10882098892996397,0.7134237085247841,-1.1100444970657823
E160_CARR_2023,Carrefour,2023,densidad,0.3932411674347158,0.19047619047619047,0.08294930875576037,0.008681506,0.0024755173,0.3753424657534246,0.1059907834101382,0.2328767123287671,0.1671232876712328,0.3589041095890411,0.0111570233,-0.15017482583774808,-0.8410236378699452,0.6444842268269598,0.9110488049591765,-2.5467314954938294
E160_CARR_2024,Carrefour,2024,densidad,0.31851565519907227,0.20100502512562815,0.10823347506764593,0.0073755514,0.0020246077,0.2994732881866064,0.1248550444530344,0.1512415349887133,0.127915726109857,0.3566591422121896,0.0094001591,-0.3162592323385838,-0.31632007708006465,0.010848196832965435,0.3220306300259931,-0.965458136277607
E161_LOGN_2022,Logitech,2022,densidad_baja,0.19230769230769232,0.10256410256410256,0.08974358974358974,0.01536316,0.0057818517,0.0,-0.0384615384615384,0.0,0.3684210526315789,0.3157894736842105,0.0211450117,0.7940353900407644,-0.700026961003236,-1.059333996203622,-2.002961090011599,3.156303515252749
E161_LOGN_2023,Logitech,2023,densidad_baja,0.68,0.08,0.08,0.004219178,0.00077625574,,0.0,,,,0.004995433739999999,-0.7326580622622507,-0.902228456210694,3.0760597730660297,,
E161_LOGN_2024,Logitech,2024,alta,0.150074294205052,0.1188707280832095,0.10846953937592868,0.028216409,0.016881846,0.16,-0.1991084695393759,0.2,0.48,0.28,0.045098255000000004,3.0584450110294648,-0.3114212094803394,-1.4174526882846417,-0.7607846092357355,4.925261099069503
E162_AIXA_2022,AIXTRON,2022,alta,0.4375,0.0625,0.0625,0.010107656,0.0,0.0,-0.125,0.0,0.0,0.0,0.010107656,-0.2493763151855784,-1.2653929837872469,1.0197776188668848,-2.002961090011599,-0.5315858278281107
E162_AIXA_2023,AIXTRON,2023,densidad_baja,0.16546762589928057,0.1223021582733813,0.1079136690647482,0.0053542564,0.0022154904,0.0,0.1798561151079136,0.2,0.0,0.0,0.0075697468,-0.48929647704840784,-0.3229567739919789,-1.2869247160928468,-2.002961090011599,2.477632555064059
E162_AIXA_2024,AIXTRON,2024,alta,0.33930024410089504,0.1822620016273393,0.10414971521562245,0.010065737,0.0023026087,0.2105263157894736,0.0756712774613506,0.1631578947368421,0.1131578947368421,0.1657894736842105,0.0123683457,-0.035662980309125215,-0.4010673180741331,0.1870914101986717,-0.36851835214862144,-0.25530335643330854
E163_IFX_2022,Infineon Technologies,2022,densidad_baja,0.19306930693069307,0.2722772277227723,0.22772277227722773,0.0041439445,0.0019281142,0.1891891891891892,0.391089108910891,0.5135135135135135,0.027027027027027,0.3243243243243243,0.0060720587,-0.6308797816725581,2.163352732724054,-1.0528758743163908,-0.534171332337436,3.1195201577053226
E163_IFX_2023,Infineon Technologies,2023,densidad_baja,0.1971153846153846,0.2644230769230769,0.20673076923076922,0.0035849747,0.0016050563,0.2105263157894736,0.4134615384615385,0.5263157894736842,0.0263157894736842,0.3157894736842105,0.005190031,-0.7142618934327026,1.727721254481045,-1.018567101790475,-0.36851835214862144,2.4005448149874384
E163_IFX_2024,Infineon Technologies,2024,densidad,0.14678899082568808,0.22018348623853212,0.1651376146788991,0.0034630883,0.002659244,0.3043478260869565,0.4862385321100917,0.391304347826087,0.0,0.391304347826087,0.0061223323,-0.6261271883766958,0.8645693502954187,-1.4453104644088322,0.35987460711640207,1.323878019211153
E164_ATOS_2022,Atos,2022,densidad,0.4120667522464698,0.20667522464698332,0.12965340179717585,0.0066201934,0.0012345617,0.3102836879432624,0.1976893453145058,0.2553191489361702,0.0691489361702127,0.2801418439716312,0.0078547551,-0.46235333918191135,0.12819178414588453,0.8041160375105566,0.405958282060388,-1.5442358746069713
E164_ATOS_2023,Atos,2023,densidad,0.35,0.17222222222222222,0.1288888888888889,0.005458116,0.00086232735,0.181360201511335,0.2266666666666666,0.2090680100755667,0.1007556675062972,0.2141057934508816,0.00632044335,-0.6073988449108165,0.11232641447935807,0.27782014054760573,-0.5949524845981519,-0.1779400863809123
E164_ATOS_2024,Atos,2024,alta,0.290986790986791,0.19386169386169386,0.1351981351981352,0.009357991,0.002272725,0.1518578352180937,0.1495726495726495,0.0920840064620355,0.0953150242326332,0.1938610662358643,0.011630716,-0.105394488835447,0.2432575262085893,-0.22258319370346963,-0.8239971442025201,1.1844433752791321
E165_AMS_2022,ams OSRAM,2022,densidad_baja,0.22131147540983606,0.18032786885245902,0.16393442622950818,0.003706929,0.0005464481,0.1052631578947368,0.3852459016393442,0.4210526315789473,0.0,0.3684210526315789,0.0042533771,-0.8028080696699968,0.839600472306355,-0.8133960102357832,-1.1857397210801104,2.0359281339522517
E165_AMS_2023,ams OSRAM,2023,densidad,0.15384615384615385,0.1452991452991453,0.11965811965811966,0.0035244573,0.00027570996,0.1363636363636363,0.1623931623931623,0.1818181818181818,0.0454545454545454,0.4090909090909091,0.00380016726,-0.8456520682538023,-0.07923289676981246,-1.3854691515087996,-0.9442879529867159,1.4048721394719006
E165_AMS_2024,ams OSRAM,2024,densidad,0.25978407557354927,0.16464237516869096,0.11133603238866396,0.014213491,0.0029589476,0.1912568306010929,0.0789473684210526,0.1493624772313297,0.1857923497267759,0.1621129326047359,0.0171724386,0.4184898893727647,-0.25193500486482523,-0.4871670570717315,-0.51811898525903,1.171840926838701
E166_TELIA_2022,Telia Company,2022,densidad,0.2275449101796407,0.17365269461077845,0.14171656686626746,0.013501688,0.0021108252,0.119047619047619,0.0898203592814371,0.0809523809523809,0.2,0.1666666666666666,0.015612513199999999,0.2710230081849196,0.3785297066255775,-0.760539512600675,-1.0787226370533676,2.4888148644645396
E166_TELIA_2023,Telia Company,2023,densidad,0.2567849686847599,0.20041753653444677,0.1419624217118998,0.013306607,0.0011889986,0.1590909090909091,0.1356993736951983,0.1181818181818181,0.1772727272727272,0.1681818181818181,0.0144956056,0.1654366254341796,0.38363174998937594,-0.5125980260364872,-0.7678424301492348,1.8295088316092776
E166_TELIA_2024,Telia Company,2024,densidad,0.37436332767402375,0.200339558573854,0.12393887945670629,0.01030474,0.0014070532,0.2784313725490196,0.1154499151103565,0.1235294117647058,0.1058823529411764,0.2647058823529412,0.011711793199999999,-0.09772989037487759,0.009602538082896676,0.4844093195702912,0.15866955055424206,-0.7312062224165141
E167_TEL_2022,Telenor,2022,alta,0.21008403361344538,0.11764705882352941,0.1092436974789916,0.03044868,0.0009103642,0.0,0.0,0.0,0.0,0.0,0.0313590442,1.759614588332098,-0.2953556802364306,-0.9085992605583719,-2.002961090011599,4.375819258665638
E167_TEL_2023,Telenor,2023,densidad,0.23931623931623933,0.26666666666666666,0.18461538461538463,0.013611588,0.0022351083,0.2111553784860557,0.1316239316239316,0.2031872509960159,0.1673306772908366,0.2908366533864542,0.0158466963,0.2931614074852333,1.2687770712799074,-0.6607243619417383,-0.36363455910719805,2.586297399814077
E167_TEL_2024,Telenor,2024,alta,0.16548881036513546,0.22025912838633688,0.17667844522968199,0.0107136285,0.002007264,0.2546583850931677,0.0647820965842167,0.15527950310559,0.1739130434782608,0.2236024844720497,0.0127208925,-0.002335119201949778,1.1040676517134824,-1.286745082117244,-0.02589448629225112,2.4143721009210273
E168_ERICb_2022,Ericsson,2022,densidad,0.29615384615384616,0.15923076923076923,0.10692307692307693,0.008411925,0.0015621143,0.237851662404092,0.1238461538461538,0.1815856777493606,0.0664961636828644,0.2250639386189258,0.009974039300000001,-0.2620077128303707,-0.3435137984006128,-0.17876907687964264,-0.15637520906282543,-0.2703772252885155
E168_ERICb_2023,Ericsson,2023,alta,0.2838018741633199,0.1706827309236948,0.12583668005354753,0.009104236,0.0019028625,0.2362525458248472,0.1044176706827309,0.1710794297352342,0.1059063136456211,0.2016293279022403,0.0110070985,-0.1643479027481642,0.048986187064973916,-0.283507796769485,-0.16879011534255448,0.3369361964288492
E168_ERICb_2024,Ericsson,2024,densidad,0.27020602218700474,0.16798732171156894,0.12044374009508717,0.010146195,0.001855038,0.2894736842105263,0.0824088748019017,0.145748987854251,0.1275303643724696,0.1842105263157894,0.012001233,-0.07036782254930479,-0.06292949820719596,-0.39879401446033075,0.24439767454999634,0.021099019153833665
E169_TEF_2022,Telefónica,2022,densidad,0.4167852062588905,0.1763869132290185,0.08677098150782361,0.006183893,0.0015419247,0.388,0.3342816500711237,0.43,0.082,0.46,0.0077258177,-0.47454238120050374,-0.7617152961810747,0.8441262345462265,1.0093168758698703,-3.0897007877976757
E169_TEF_2023,Telefónica,2023,alta,0.3349095966620306,0.1502086230876217,0.09624478442280945,0.006049507,0.0016425729,0.2609582059123344,0.2158553546592489,0.328236493374108,0.0897043832823649,0.3924566768603466,0.0076920799,-0.47773176970853065,-0.5651124870396919,0.14986085360519874,0.023014821549442618,-1.2157199319028638
E169_TEF_2024,Telefónica,2024,alta,0.6666666666666666,0.0,0.0,0.005699282,0.00092336105,0.037037037037037,-0.0175438596491228,0.0,0.074074074074074,0.037037037037037,0.00662264305,-0.5788305253905994,-2.5624091537035065,2.9629995858935674,-1.7154202379801495,-4.388819027007524
E170_KPN_2022,KPN,2022,alta,0.26430517711171664,0.15712988192552224,0.10626702997275204,0.0047828197,0.0022279369,0.4619047619047619,0.296094459582198,0.3571428571428571,0.0714285714285714,0.5476190476190477,0.007010756599999999,-0.5421403767685931,-0.35712825444534274,-0.4488303131119135,1.5830841074663402,-2.0335224255683624
E170_KPN_2023,KPN,2023,alta,0.29646840148698883,0.19423791821561337,0.137546468401487,0.00476176,0.0011954433,0.3488372093023256,0.320631970260223,0.3062015503875969,0.065891472868217,0.4767441860465116,0.0059572033,-0.6417375878378929,0.29199074440216555,-0.17610180051655214,0.7052725163311269,-0.8789175592503021
E170_KPN_2024,KPN,2024,alta,0.21305114638447972,0.20634920634920634,0.15520282186948853,0.0078299465,0.0017926822,0.2959427207637231,0.0931216931216931,0.1181384248210023,0.0883054892601432,0.279236276849642,0.0096226287,-0.2952281637560044,0.658399959598246,-0.8834395861642511,0.2946207061728736,0.9519906758336192
E171_ENT_2022,Entain,2022,densidad,0.22033898305084745,0.21307506053268765,0.16464891041162227,0.009663424,0.0031279642,0.2689655172413793,0.3026634382566586,0.1724137931034483,0.2275862068965517,0.4344827586206896,0.0127913882,0.004329161677221659,0.8544276329039769,-0.8216422728456113,0.08518040784437837,1.5952186595824316
E171_ENT_2023,Entain,2023,densidad,0.27697841726618705,0.2068345323741007,0.1564748201438849,0.011045088,0.0022820653,0.1731601731601731,0.2392086330935252,0.0865800865800865,0.238095238095238,0.316017316017316,0.0133271533,0.05497748649217368,0.6847967968782086,-0.341367395315965,-0.6586142493450806,1.7397559280314279
E171_ENT_2024,Entain,2024,densidad,0.2910284463894967,0.18599562363238512,0.13566739606126915,0.011056971,0.0015179862,0.2303030303030303,0.2822757111597374,0.0848484848484848,0.1939393939393939,0.2424242424242424,0.0125749572,-0.016131050434438576,0.2529957490468869,-0.22222997613147055,-0.2149797919251289,0.6740744666690477
E172_LHA_2022,Lufthansa,2022,densidad,0.6783216783216783,0.11888111888111888,0.06643356643356643,0.0048550433,0.0007153971,0.3636363636363636,0.1678321678321678,0.2,0.0181818181818181,0.3272727272727272,0.0055704404,-0.6783000533392344,-1.1837625954708388,3.0618284208345306,0.8201672753880906,-5.744058345032695
E172_LHA_2023,Lufthansa,2023,densidad,0.1982840800762631,0.1801715919923737,0.14680648236415633,0.0035575752,0.001257253,0.3957345971563981,0.2621544327931363,0.2725118483412322,0.0236966824644549,0.3957345971563981,0.0048148282,-0.7497315298197677,0.48415694989388525,-1.008657132223885,1.06936521759458,-0.32628266529657735
E172_LHA_2024,Lufthansa,2024,densidad,0.2728538283062645,0.1345707656612529,0.08491879350348028,0.0147496015,0.004313745,0.2467248908296943,0.094199535962877,0.1353711790393013,0.1834061135371179,0.2106986899563318,0.0190633465,0.5972460597809509,-0.8001523808428065,-0.3763419053023386,-0.08748698619510666,0.26092257043558964
E173_IAG_2022,International Airlines Group,2022,densidad,0.34308943089430893,0.19349593495934958,0.11544715447154472,0.017381774,0.0015489929,0.3380782918149466,0.1934959349593495,0.1352313167259786,0.1423487544483986,0.3772241992882562,0.0189307669,0.584712703941542,-0.1666199357768868,0.21922187280578123,0.6217445521971872,-0.42287365683831324
E173_IAG_2023,International Airlines Group,2023,densidad,0.34758620689655173,0.2206896551724138,0.12,0.010998172,0.0010378244,0.4320388349514563,0.2979310344827586,0.2354368932038835,0.0898058252427184,0.4684466019417476,0.0120359964,-0.0670814793834806,-0.07213810746428782,0.25735234804224655,1.3512169072290519,-1.7477888421190668
E173_IAG_2024,International Airlines Group,2024,alta,0.2857142857142857,0.30612244897959184,0.19183673469387755,0.0038001505,0.00020830038,0.4316546762589928,0.3959183673469388,0.2230215827338129,0.0,0.5971223021582733,0.00400845088,-0.8259620652293538,1.4186363964068092,-0.2672914761767624,1.3482344516499034,-0.4882686442956856
E174_NTGY_2022,Naturgy,2022,alta,0.48401162790697677,0.12209302325581395,0.05886627906976744,0.014570086,0.0020665969,0.4662756598240469,0.0872093023255813,0.3064516129032258,0.1407624633431085,0.2434017595307918,0.016636682899999998,0.3678424531827963,-1.3408009006428432,1.4141736206312858,1.6170180236863905,-4.004150091777723
E174_NTGY_2023,Naturgy,2023,alta,0.32334710743801653,0.18181818181818182,0.125,0.007110799,0.0022054345,0.3537117903930131,0.1621900826446281,0.3580786026200873,0.0633187772925764,0.2336244541484716,0.0093162335,-0.3241931030761322,0.03162318612901306,0.05181656391670398,0.7431168287341692,-1.0875033095979922
E174_NTGY_2024,Naturgy,2024,alta,0.5116279069767442,0.023255813953488372,0.0,0.0017540278,0.0009302325,0.0,0.0232558139534883,0.0,0.0,0.0,0.0026842603,-0.9511438559296806,-2.5624091537035065,1.6483462466788987,-2.002961090011599,-3.158938166300487
E175_VIE_2022,Veolia,2022,alta,0.3481363996827914,0.18715305313243458,0.10586835844567803,0.0057754875,0.0014858635,0.3381555153707052,0.2089611419508326,0.3354430379746835,0.0904159132007233,0.3589511754068716,0.007261351,-0.5184505422347497,-0.365401589118946,0.26201771549673636,0.6223440852267199,-1.7682139320771522
E175_VIE_2023,Veolia,2023,alta,0.37747653806047965,0.18804310045185957,0.09801876955161627,0.0060320618,0.0013302404,0.3223787167449139,0.2075078206465067,0.3169014084507042,0.0954616588419405,0.3841940532081377,0.0073623022,-0.5089071636756402,-0.528298288683637,0.5108078307452879,0.4998592840086268,-2.047872567113192
E175_VIE_2024,Veolia,2024,densidad,0.5351170568561873,0.23411371237458195,0.11371237458193979,0.006080624,0.0015634475,0.2512562814070351,0.1204013377926421,0.1256281407035175,0.0552763819095477,0.1959798994974874,0.0076440715,-0.48227022329023306,-0.20262053686589687,1.8475228228207863,-0.05230706869271842,-2.4801065142841976
E176_SVT_2022,Severn Trent,2022,densidad,0.32732732732732733,0.3228228228228228,0.1981981981981982,0.010440009,0.002494244,0.3603238866396761,0.3303303303303303,0.291497975708502,0.180161943319838,0.3805668016194332,0.012934253,0.01783482450412685,1.5506511328777859,0.08556689434218147,0.7944505190231141,0.6884685440166172
E176_SVT_2023,Severn Trent,2023,densidad,0.3847715736040609,0.27411167512690354,0.132994923857868,0.008268839,0.0013292154,0.3822525597269625,0.3624365482233502,0.2901023890784983,0.1706484641638225,0.4232081911262799,0.0095980544,-0.297551284706772,0.19753591446347865,0.5726661870443169,0.9646960312959251,-1.6373775885835353
E176_SVT_2024,Severn Trent,2024,densidad,0.32778198334595005,0.2982588947766843,0.18697956093868282,0.014178561,0.002307809,0.3181818181818182,0.2944738834216502,0.2055785123966942,0.2448347107438016,0.3471074380165289,0.01648637,0.35363268740470194,1.317839069997522,0.08942215643452421,0.46727622971312965,1.1147733712545702
E177_RED_2022,Redeia,2022,densidad,0.40893470790378006,0.13058419243986255,0.08247422680412371,0.007689051,0.0017423806,0.0807453416149068,0.0343642611683848,0.0807453416149068,0.1739130434782608,0.062111801242236,0.0094314316,-0.313302899912721,-0.8508826614428752,0.777557823539285,-1.3760863132225376,-0.5656570716723435
E177_RED_2023,Redeia,2023,densidad,0.33884297520661155,0.0743801652892562,0.008264462809917356,0.004205956,0.00074336445,0.175,-0.0413223140495867,0.075,0.125,0.075,0.00494932045,-0.7370173624298167,-2.3909028833013566,0.18321399219048398,-0.6443305641629984,-2.6668036737586585
E177_RED_2024,Redeia,2024,densidad,0.6206896551724138,0.15517241379310345,0.017241379310344827,0.033032957,0.0,0.0571428571428571,0.0,0.0,0.0571428571428571,0.0,0.033032957,1.917857219676144,-2.2046115895886764,2.573136871505769,-1.5593266325916482,-1.3005646088266534
E178_IBE_2022,Iberdrola,2022,alta,0.17699115044247787,0.12389380530973451,0.11504424778761062,0.036402415,0.0011499143,0.04,0.0442477876106194,0.06,0.34,0.08,0.0375523293,2.3450941490881134,-0.17498115952136464,-1.189210827962321,-1.6924169698176332,5.051740787346703
E178_IBE_2023,Iberdrola,2023,alta,0.16810344827586207,0.1336206896551724,0.125,0.03247747,0.001503056,0.0,0.0948275862068965,0.0425531914893617,0.3829787234042553,0.0638297872340425,0.033980526000000004,2.007435250228301,0.03162318612901306,-1.2645742232491217,-2.002961090011599,5.306593749618035
E178_IBE_2024,Iberdrola,2024,alta,0.14136125654450263,0.15706806282722513,0.14136125654450263,0.016808314,0.001437263,0.024390243902439,0.1570680628272251,0.024390243902439,0.1463414634146341,0.048780487804878,0.018245577000000002,0.5199385695025418,0.3711562149029033,-1.4913350134403232,-1.8136049191616201,4.196034717007389
E179_CBK_2022,Commerzbank,2022,densidad,0.19053708439897699,0.170076726342711,0.11636828644501279,0.012369383,0.0018502785,0.2258064516129032,0.1739130434782608,0.2630272952853598,0.141439205955335,0.3622828784119106,0.0142196615,0.13935036784186988,-0.14750436674944728,-1.0743478908212516,-0.24988944375534025,1.3160833356690145
E179_CBK_2023,Commerzbank,2023,densidad,0.23575331772053085,0.2185792349726776,0.13973458235753317,0.012902099,0.0014527843,0.1887323943661971,0.1569086651053864,0.2169014084507042,0.1436619718309859,0.3267605633802817,0.0143548833,0.15213350292935965,0.3373990513239468,-0.6909362056286087,-0.537717705997817,1.718186465879732
E179_CBK_2024,Commerzbank,2024,densidad,0.20262096774193547,0.14213709677419356,0.1028225806451613,0.015792048,0.0020453546,0.1683291770573566,0.09375,0.0947630922693266,0.2493765586034912,0.185785536159601,0.0178374026,0.4813519769970795,-0.42860835803482095,-0.9718824323818709,-0.6961201852053214,1.7207462365494508
E180_BAER_2022,Julius Baer,2022,alta,0.2608695652173913,0.043478260869565216,0.043478260869565216,0.096669056,0.002285396,,-0.217391304347826,,,,0.098954452,8.149717583569267,-1.660137035500891,-0.4779626323987404,,
E180_BAER_2023,Julius Baer,2023,alta,0.2608695652173913,0.043478260869565216,0.043478260869565216,0.09967192,0.0023188407,,-0.217391304347826,,,,0.1019907607,8.436753729216052,-1.660137035500891,-0.4779626323987404,,
E180_BAER_2024,Julius Baer,2024,alta,0.2608695652173913,0.043478260869565216,0.043478260869565216,0.10098678,0.0023188407,,-0.217391304347826,,,,0.1033056207,8.561053457522707,-1.660137035500891,-0.4779626323987404,,
E181_ASML_2022,ASML Holding,2022,alta,0.08955223880597014,0.12686567164179105,0.11691542288557213,0.009806828,0.0017313854,0.0,0.0945273631840796,0.0606060606060606,0.2727272727272727,0.1515151515151515,0.0115382134,-0.1141391826033455,-0.13615004978055298,-1.930650306645813,-2.002961090011599,3.6833221642735134
E181_ASML_2023,ASML Holding,2023,alta,0.2982601491300746,0.09693454846727423,0.07290803645401822,0.010851545,0.0025191756,0.5440414507772021,0.0091135045567522,0.0310880829015544,0.0362694300518134,0.0621761658031088,0.0133707206,0.05909610258290162,-1.0494027185402144,-0.16090865122457015,2.220760752004777,-3.0501587167375197
E181_ASML_2024,ASML Holding,2024,alta,0.28647686832740216,0.31637010676156585,0.200711743772242,0.008577193,0.0021123223,0.3737300435413643,0.2459074733096085,0.1959361393323657,0.0783744557329463,0.397677793904209,0.0106895153,-0.1943704948680537,1.6028128809314859,-0.2608251462037566,0.8985305990285396,0.7707369332386492
E182_MEL_2022,Meliá Hotels,2022,densidad,0.3177570093457944,0.22429906542056074,0.14953271028037382,0.01083362,0.0017722036,0.3291666666666666,0.2554517133956386,0.3208333333333333,0.1458333333333333,0.3625,0.0126058236,-0.013213108498563692,0.5407323369372644,0.004415248670274639,0.5525582324179116,-0.029454252649485535
E182_MEL_2023,Meliá Hotels,2023,densidad,0.20995670995670995,0.25757575757575757,0.19913419913419914,0.007633547,0.0010464753,0.2247706422018348,0.3225108225108225,0.3211009174311927,0.1743119266055046,0.4036697247706422,0.0086800223,-0.3843370570375052,1.5700752664625854,-0.9096789032930211,-0.2579310568115619,2.353348169529663
E182_MEL_2024,Meliá Hotels,2024,densidad,0.28405797101449276,0.22753623188405797,0.13768115942028986,0.0070916046,0.0014306818,0.2222222222222222,0.3,0.2672672672672673,0.1351351351351351,0.4144144144144144,0.008522286399999999,-0.3992485529490135,0.2947858872714426,-0.2813362199248941,-0.27771597782289975,0.45458953207022296
E183_G24_2022,Scout24,2022,alta,0.55,0.1,0.05,0.0009259259,0.0009259259,0.0,0.15,0.0,0.0,0.25,0.0018518518,-1.0298352378183608,-1.5247962177704988,1.9737229481345295,-2.002961090011599,-2.52539331371179
E183_G24_2023,Scout24,2023,alta,0.36622807017543857,0.14692982456140352,0.08991228070175439,0.009497805,0.0020706458,0.3129770992366412,0.0723684210526315,0.0916030534351145,0.1183206106870229,0.2061068702290076,0.0115684508,-0.11128070291372111,-0.6965262425959047,0.4154262894088253,0.42686885807095826,-1.6501020929894092
E183_G24_2024,Scout24,2024,alta,0.41954022988505746,0.15229885057471265,0.07662835249042145,0.0104890065,0.003127723,0.3061889250814332,0.0660919540229885,0.0846905537459283,0.1042345276872964,0.1368078175895765,0.0136167295,0.08235244883346754,-0.9721977576375943,0.8674874960591509,0.37416816880214615,-2.131500973665424
E184_SPSN_2022,Swiss Prime Site,2022,alta,0.20014450867052022,0.14812138728323698,0.11054913294797687,0.009199414,0.0026929714,0.2205128205128205,0.1459537572254335,0.27008547008547,0.0717948717948717,0.3179487179487179,0.0118923854,-0.08065768390856085,-0.2682649456435327,-0.992881601842307,-0.2909870940705051,0.9349460663607185
E184_SPSN_2023,Swiss Prime Site,2023,densidad,0.24864130434782608,0.15081521739130435,0.08559782608695653,0.008062172,0.002011072,0.2476190476190476,0.1317934782608695,0.2222222222222222,0.0507936507936507,0.365079365079365,0.010073243999999999,-0.2526294389025435,-0.7860609209921071,-0.5816523421017452,-0.08054510785847702,-0.3764929099344284
E184_SPSN_2024,Swiss Prime Site,2024,alta,0.2648648648648649,0.1552123552123552,0.09420849420849421,0.009282077,0.0012930591,0.2922374429223744,0.115057915057915,0.1659056316590563,0.0943683409436834,0.2678843226788432,0.0105751361,-0.20518328366985206,-0.6073701083934376,-0.44408443295223293,0.2658543999899781,-0.6343233591010349
E185_LEG_2022,LEG Immobilien,2022,densidad,0.24146341463414633,0.1902439024390244,0.15609756097560976,0.0067682834,0.0021413586,0.2189349112426035,0.1804878048780487,0.1715976331360946,0.0769230769230769,0.2248520710059171,0.008909642,-0.36263005680641164,0.6769678170141765,-0.6425173586916391,-0.3032373552221411,1.260092474121545
E185_LEG_2023,LEG Immobilien,2023,densidad,0.19696969696969696,0.15656565656565657,0.13383838383838384,0.007715197,0.0025147712,0.2051282051282051,0.1616161616161616,0.1346153846153846,0.0961538461538461,0.2179487179487179,0.0102299682,-0.2378135836182714,0.21503961419797912,-1.019802462227237,-0.4104271402989537,1.4074556331058985
E185_LEG_2024,LEG Immobilien,2024,densidad,0.2690246516613076,0.19721329046087888,0.12004287245444802,0.014543156,0.0025351387,0.2803347280334728,0.0728831725616291,0.1338912133891213,0.1506276150627615,0.1966527196652719,0.0170782947,0.40959003601063576,-0.07124840719767853,-0.40881146241698163,0.173446446912639,0.5737066443172999
E186_NHY_2022,Norsk Hydro,2022,densidad,0.2607655502392344,0.22727272727272727,0.15550239234449761,0.0063996497,0.000823193,0.3717948717948718,0.1889952153110047,0.2435897435897435,0.0576923076923076,0.532051282051282,0.0072228427,-0.5220909079220101,0.6646167236001065,-0.47884462886617707,0.8835066938425713,-0.2621362492982978
E186_NHY_2023,Norsk Hydro,2023,alta,0.23731728288907997,0.14015477214101463,0.10834049871023216,0.009275827,0.0019368058,0.4170854271356783,0.083834909716251,0.1842546063651591,0.1700167504187604,0.2855946398659966,0.0112126328,-0.1449178055152279,-0.3140990947601018,-0.6776745410270557,1.2351245853777433,-1.0164669446260173
E186_NHY_2024,Norsk Hydro,2024,alta,0.20347394540942929,0.13746898263027296,0.10669975186104218,0.0119635295,0.0021437258,0.380281690140845,0.0714640198511166,0.1725352112676056,0.2200704225352112,0.2904929577464789,0.0141072553,0.1287240957520782,-0.34814829786631873,-0.9646495962763124,0.9493949822549776,-0.20416958809290575
E187_OCI_2022,OCI,2022,densidad,0.37362637362637363,0.13186813186813187,0.10989010989010989,0.0020059305,0.0012210013,0.32,0.4285714285714285,0.54,0.0,0.56,0.0032269318,-0.8998426375415901,-0.2819411626419509,0.4781603073779293,0.4813918715401282,-2.1413359791015987
E187_OCI_2023,OCI,2023,densidad,0.35789473684210527,0.18947368421052632,0.1368421052631579,0.0040070266,0.0018623482,0.2,0.4947368421052632,0.26,0.0,0.62,0.0058693747999999995,-0.6500404175593698,0.277373618323673,0.3447636724260371,-0.45024048904176955,-0.26718998261996435
E187_OCI_2024,OCI,2024,densidad_baja,0.2,0.225,0.2,0.002124183,0.00073529413,0.1666666666666666,0.525,0.6666666666666666,0.0,0.5,0.00285947713,-0.9345798077696079,1.588042590028525,-0.9941069651425865,-0.7090272558700751,2.356597003271579
E188_CLN_2022,Clariant,2022,densidad,0.2218959731543624,0.1572986577181208,0.12374161073825503,0.007296371,0.0013964205,0.2278942570647219,0.2277684563758389,0.325432999088423,0.1002734731084776,0.2907930720145852,0.0086927915,-0.3831299261713344,0.005508766600497656,-0.808439753405931,-0.23368055107606,0.6644991449111542
E188_CLN_2023,Clariant,2023,alta,0.2099047619047619,0.16114285714285714,0.1299047619047619,0.007124422,0.0012862621,0.2605633802816901,0.2236190476190476,0.3231611893583724,0.1087636932707355,0.2535211267605634,0.0084106841,-0.40979882869578327,0.13340807413006064,-0.910119397528758,0.019949552096981484,0.613779090866054
E188_CLN_2024,Clariant,2024,alta,0.20938917044545213,0.1885836222992798,0.14643905041344357,0.0077503608,0.0012541891,0.233420365535248,0.2363296879167777,0.2694516971279373,0.1237597911227154,0.2621409921671018,0.0090045499,-0.35365797903071294,0.4765319069911921,-0.9144913625458143,-0.19077803874916133,1.2281433292554549
E189_MB_2022,Mediobanca,2022,densidad_baja,0.5581395348837209,0.18604651162790697,0.09302325581395349,0.0074955155,0.00082158577,0.1818181818181818,0.1162790697674418,0.3636363636363636,0.0909090909090909,0.4545454545454545,0.00831710127,-0.41864564154518763,-0.6319664822002362,2.0427422484432993,-0.5913969073117543,-2.501957464876969
E189_MB_2023,Mediobanca,2023,densidad_baja,0.625,0.25,0.125,0.039013993,0.0035456729,0.0454545454545454,0.2083333333333333,0.0454545454545454,0.4545454545454545,0.3181818181818182,0.042559665899999995,2.8184605751106315,0.03162318612901306,2.6096865009796253,-1.6500700443366383,1.8904673045966578
E189_MB_2024,Mediobanca,2024,densidad,0.2608695652173913,0.15217391304347827,0.08695652173913043,0.054876816,0.0043586874,0.025,0.0869565217391304,0.05,0.725,0.125,0.0592355034,4.39490374817539,-0.7578649172982755,-0.4779626323987404,-1.8088710148903706,5.923872478166226
E190_DB1_2022,Deutsche Börse,2022,alta,0.23333333333333334,0.43333333333333335,0.26666666666666666,0.003500313,0.0,0.2142857142857142,0.3333333333333333,0.25,0.0,0.6071428571428571,0.003500313,-0.8739986626057434,2.9715265046058685,-0.7114564972114327,-0.33933187468678255,3.1483162138983403
E190_DB1_2023,Deutsche Börse,2023,alta,0.10483870967741936,0.4112903225806452,0.3790322580645161,0.0023288098,0.0,0.16,0.6209677419354839,0.48,0.08,0.68,0.0023288098,-0.9847462170757074,5.303366328369295,-1.8010284623008805,-0.7607846092357355,6.880433182830204
E190_DB1_2024,Deutsche Börse,2024,densidad,0.1867704280155642,0.19584954604409857,0.14526588845654995,0.011724878,0.0023846012,0.2120343839541547,0.0985732814526589,0.0687679083094555,0.154727793696275,0.2063037249283667,0.0141094792,0.12893433118838415,0.45218614654284595,-1.1062873065004764,-0.35681030961378585,2.0442180938454926
E191_RIGN_2022,Transocean,2022,densidad,0.3125,0.125,0.1125,0.016443295,0.007334261,0.3448275862068966,-0.0625,0.0689655172413793,0.3793103448275862,0.0689655172413793,0.023777556,1.04290184064785,-0.22778004785423886,-0.04016163587494221,0.6741433944191416,0.18114003424941183
E191_RIGN_2023,Transocean,2023,densidad_baja,0.24074074074074073,0.13333333333333333,0.0962962962962963,0.020116195,0.013251224,0.2222222222222222,-0.1222222222222222,0.1759259259259259,0.3425925925925926,0.1111111111111111,0.033367419,1.9494754419423173,-0.56404349931401,-0.6486452821156208,-0.27771597782289975,2.311793202566828
E191_RIGN_2024,Transocean,2024,densidad_baja,0.3018867924528302,0.09433962264150944,0.05660377358490566,0.019514007,0.010196229,0.391304347826087,-0.1509433962264151,0.0869565217391304,0.4782608695652174,0.0,0.029710236,1.6037452096227416,-1.3877529998170826,-0.13015647825868235,1.0349705205815458,-0.6888218325172044
E192_SRG_2022,Snam,2022,alta,0.39625850340136054,0.13435374149659865,0.07738095238095238,0.008398007,0.0018665255,0.2693208430913349,0.1113945578231292,0.2903981264637002,0.0936768149882904,0.2716627634660422,0.010264532500000001,-0.2345460622858787,-0.956579609997661,0.6700697695132888,0.08793901668079443,-1.949134458477623
E192_SRG_2023,Snam,2023,alta,0.5166666666666667,0.4666666666666667,0.18333333333333332,0.0148825245,0.009127269,0.3478260869565217,0.0,0.1739130434782608,0.0,0.0869565217391304,0.0240097935,1.0648563134834501,1.2421716113841887,1.6910724802033756,0.6974225638489735,-0.08146711918471006
E192_SRG_2024,Snam,2024,densidad,0.35047281323877066,0.225177304964539,0.15189125295508274,0.005457398,0.0012891924,0.300771208226221,0.1719858156028368,0.3329048843187661,0.1015424164524421,0.3637532133676092,0.0067465903999999995,-0.5671132156166845,0.5896774247218246,0.2818293670430831,0.3321071659455989,-0.5913723238835419
E193_LSG_2022,Lerøy Seafood,2022,densidad,0.2903225806451613,0.12903225806451613,0.07526881720430108,0.0028809353,0.0015974811,0.173076923076923,0.075268817204301,0.0192307692307692,0.0961538461538461,0.0576923076923076,0.0044784164,-0.7815340755958599,-1.000411185632312,-0.22821537461945973,-0.659260569941555,-0.8944693166671571
E193_LSG_2023,Lerøy Seafood,2023,alta,0.13680781758957655,0.19543973941368079,0.15960912052117263,0.006098467,0.0022703204,0.2,0.2671009771986971,0.208,0.144,0.424,0.0083687874,-0.4137595153292998,0.7498406092096779,-1.5299459629794971,-0.45024048904176955,2.316267545901645
E193_LSG_2024,Lerøy Seafood,2024,alta,0.23058252427184467,0.18264563106796117,0.13652912621359223,0.010967813,0.0029941094,0.1814058956916099,0.0430825242718446,0.0770975056689342,0.2063492063492063,0.1814058956916099,0.0139619224,0.11498511214620517,0.27087859611356574,-0.7347820212640035,-0.5945977331228656,1.71524346264664
E194_LISN_2022,Lindt & Sprüngli,2022,densidad_baja,0.16666666666666666,0.16666666666666666,0.1388888888888889,0.0030505867,0.0022335933,0.2727272727272727,0.3333333333333333,0.0909090909090909,0.0,0.4545454545454545,0.005284179999999999,-0.7053615579442528,0.3198490016659598,-1.2767574330737406,0.11438518403816826,0.7768596927572793
E194_LISN_2023,Lindt & Sprüngli,2023,densidad,0.38666666666666666,0.06666666666666667,0.02666666666666667,0.003080901,0.0007475678,0.0,0.5466666666666667,0.3333333333333333,0.0,0.0,0.0038284688,-0.8429765942621532,-2.009015587872569,0.5887356552718751,-2.002961090011599,-1.4377667473949987
E194_LISN_2024,Lindt & Sprüngli,2024,densidad,0.13793103448275862,0.10344827586206896,0.10344827586206896,0.00972078,0.0021679231,0.0,0.0229885057471264,0.0,0.12,0.0,0.0118887031,-0.08100578856574384,-0.41562376901452486,-1.5204216295661144,-2.002961090011599,3.0267531619974446
E195_CTS_2022,CTS Eventim,2022,densidad_baja,0.7,0.0,0.0,0.0020292301,0.0015267176,,0.0,,,,0.0035559477,-0.8687392600119903,-2.5624091537035065,3.245650053824721,,
E195_CTS_2023,CTS Eventim,2023,densidad_baja,0.3333333333333333,0.13636363636363635,0.10606060606060606,0.0022601662,0.0007575758,0.0,0.1666666666666666,0.1666666666666666,0.0,0.1666666666666666,0.0030177420000000003,-0.9196183059051598,-0.3614120168759141,0.1364949065820288,-2.002961090011599,0.5854358606484962
E195_CTS_2024,CTS Eventim,2024,densidad_baja,0.5789473684210527,0.15789473684210525,0.15789473684210525,0.025124377,0.017311834,,0.0526315789473684,,,,0.042436211,2.8067898188870606,0.7142632755586233,2.2191825650221104,,
E196_DIE_2022,DIETEREN Group,2022,densidad,0.3064516129032258,0.14516129032258066,0.12903225806451613,0.00027808675,0.00027808675,0.5384615384615384,0.532258064516129,0.3846153846153846,0.0,0.4615384615384615,0.0005561735,-1.1523216323111805,0.11530164870425556,-0.09144901916890154,2.177440527984096,-3.123011492422119
E196_DIE_2023,DIETEREN Group,2023,alta,0.30434782608695654,0.30434782608695654,0.17391304347826086,0.010494052,0.0012787724,0.1142857142857142,0.2826086956521739,0.0285714285714285,0.0285714285714285,0.3714285714285714,0.0117728244,-0.0919603319593587,1.0466793191069554,-0.10928810901027859,-1.115692175171697,2.1796992713295724
E196_DIE_2024,DIETEREN Group,2024,densidad,0.2336473050758765,0.1661433804290947,0.12846677132391418,0.010057896,0.0026575795,0.2235592146928435,0.096807953950811,0.1583280557314756,0.136162127929069,0.2666244458518049,0.0127154755,-0.0028472129824566204,0.10356652156131213,-0.7087941694130231,-0.2673360990605235,1.076849577052402
