doc_id,empresa,año,confianza,ratio_cuantitativo,ratio_futuro,ratio_futuro_sin_cifra,lm_uncertainty,lm_weak_modal,climate_specificity_spec,finbert_tone,climate_sentiment_opportunity,climate_sentiment_risk,climate_commitment_yes,hedging_ratio,z_hedging,z_futuro_sin_cifra,z_cuantitativo,z_specificity,GW_index,id_empresa,n_tokens,supersector,pais,capitalización,ROA,ROE,deuda_equity,total_assets,region,log_cap
E001_STLAM_2022,Stellantis,2022,alta,0.2625954198473282,0.2229007633587786,0.1770992366412213,0.0041726627,0.0011082283,0.2484076433121019,0.2091603053435114,0.2707006369426751,0.054140127388535,0.3280254777070063,0.005280891,-1.0019488492467048,1.136194117573299,-0.5357994503632502,-0.2220947541313667,0.8921394728212111,E001,11000,Consumer Discretionary,Netherlands,22730948608.0,0.0902415178667354,0.2333226850372921,0.3771302379199711,186156000000.0,Centro,23.846993207683987
E001_STLAM_2023,Stellantis,2023,alta,0.2802275960170697,0.2532005689900427,0.1863442389758179,0.004943274,0.0013876364,0.2705882352941176,0.2204836415362731,0.3029411764705882,0.05,0.3529411764705882,0.0063309104,-0.8358181448226765,1.3412510259019677,-0.3729118226561843,-0.0386283810772327,0.9169730848127082,E001,12148,Consumer Discretionary,Netherlands,22730948608.0,0.0920011082086598,0.2276327225098845,0.3606551356909405,202128000000.0,Centro,23.846993207683987
E001_STLAM_2024,Stellantis,2024,alta,0.24072984108299,0.1877575044143614,0.1306650971159505,0.012673281,0.0028480312,0.208695652173913,0.1006474396703943,0.1565217391304348,0.1637681159420289,0.2826086956521739,0.0155213122,0.6182577750830478,0.1062710578113469,-0.7377956316104163,-0.5505717842660389,2.0128962487708497,E001,31651,Consumer Discretionary,Netherlands,22730948608.0,0.0263623095560361,0.066995544239338,0.455699456495128,207607000000.0,Centro,23.846993207683987
E002_MBG_2022,Mercedes-Benz Group,2022,alta,0.2458552365547917,0.1532551556813586,0.1196926809543065,0.011735901,0.0028101979,0.3537832310838446,0.0986655883542256,0.3251533742331288,0.1554192229038855,0.4089979550102249,0.0145460989,0.4639626520665768,-0.1371004042576711,-0.6904467677251387,0.6495175505629599,0.3677914649710844,E002,36908,Consumer Discretionary,Germany,48680239104.0,0.0557698594311866,0.1697711174852192,0.9882807469414038,260015000000.0,Centro,24.60853901680388
E002_MBG_2023,Mercedes-Benz Group,2023,alta,0.1876138433515482,0.1651487553126897,0.1183970856102003,0.01502733,0.0038156977,0.3009049773755656,0.0242865816636308,0.167420814479638,0.1447963800904977,0.2873303167420814,0.0188430277,1.1438089562433322,-0.1658370952927002,-1.2284859911257675,0.2121360131738645,1.9943218389025352,E002,25052,Consumer Discretionary,Germany,48680239104.0,0.0542197991042574,0.1553942880803722,0.9584954180423436,263022000000.0,Centro,24.60853901680388
E002_MBG_2024,Mercedes-Benz Group,2024,alta,0.1989465153970826,0.1491085899513776,0.1073743922204213,0.008584425,0.0018730175,0.2784810126582278,0.1239870340356564,0.2118143459915611,0.0987341772151898,0.2632911392405063,0.0104574425,-0.1829314604420218,-0.4103237212727214,-1.1237937485285596,0.0266565868574,0.5038819799564165,E002,39521,Consumer Discretionary,Germany,48680239104.0,0.0385155277159352,0.1101970310391363,1.004502024291498,265010000000.0,Centro,24.60853901680388
E003_CON_2022,Continental,2022,alta,0.3068493150684931,0.1287671232876712,0.084931506849315,0.004844998,0.00047172589,0.2878787878787879,0.1232876712328767,0.1565656565656565,0.005050505050505,0.2626262626262626,0.00531672389,-0.9962794842261644,-0.9081136105139556,-0.1269779900977294,0.1043901178601868,-1.8818052225025776,E003,5764,Consumer Discretionary,Germany,13736411136.0,0.0017560188468809,0.0050229274767708,0.5787754917340413,37926700000.0,Centro,23.343315891369134
E003_CON_2023,Continental,2023,alta,0.4263709180529882,0.0850277264325323,0.055452865064695,0.0127942795,0.0033436357,0.2950191570881226,0.0326555760936537,0.1302681992337164,0.0881226053639846,0.2068965517241379,0.0161379152,0.7158147256879307,-1.561958674831756,0.9771733172888314,0.1634515550917193,-1.986768821524376,E003,21838,Consumer Discretionary,Germany,13736411136.0,0.0306200831721982,0.0845276396607195,0.5236911377595789,37753000000.0,Centro,23.343315891369134
E003_CON_2024,Continental,2024,alta,0.2280510018214936,0.1052823315118397,0.0783242258652094,0.008732491,0.0014963354,0.2100591715976331,0.0207650273224043,0.0660749506903353,0.1380670611439842,0.1183431952662721,0.0102288264,-0.2191023671278165,-1.054665072809354,-0.8549238879018027,-0.5392934575441182,0.1204499055087503,E003,40729,Consumer Discretionary,Germany,13736411136.0,0.0315966022831791,0.0813880565814229,0.4793394188558288,36966000000.0,Centro,23.343315891369134
E004_FR_2022,Valeo,2022,alta,0.4104074619538537,0.1703485517918507,0.0957290132547864,0.007244491,0.0014856927,0.3658536585365853,0.1890034364261168,0.148664343786295,0.1312427409988385,0.3321718931475029,0.0087301837,-0.4562128123547596,-0.6686216989890265,0.8297014755285268,0.7493578770863887,-2.703893863958702,E004,37882,Consumer Discretionary,France,3053803264.0,0.0104407826047482,0.0601779173207744,1.9209837781266352,22029000000.0,Centro,21.839653622545388
E004_FR_2023,Valeo,2023,alta,0.4110730034296913,0.1773640372366487,0.096031357177854,0.007274473,0.0015774766,0.3647450110864745,0.1783439490445859,0.171840354767184,0.1219512195121951,0.3614190687361419,0.0088519496,-0.4369474018853664,-0.6619156206266466,0.8358498074812152,0.7401877193722726,-2.6749005493655007,E004,36941,Consumer Discretionary,France,3053803264.0,0.0101581173009744,0.0618181818181818,1.9779020979020976,21756000000.0,Centro,21.839653622545388
E004_FR_2024,Valeo,2024,alta,0.3964329144710174,0.1998378597486826,0.1159302796919335,0.008986227,0.0019390418,0.2189905902480752,0.1159302796919335,0.1112061591103507,0.1633875106928999,0.2557741659538067,0.0109252687999999,-0.1089134825198172,-0.2205515860780327,0.7006033502690212,-0.4654173866370263,-0.5646510322298448,E004,50658,Consumer Discretionary,France,3053803264.0,0.0074799150429402,0.0435600968002151,1.8921753159451469,21658000000.0,Centro,21.839653622545388
E005_CABK_2022,CaixaBank,2022,densidad,0.4411764705882353,0.25,0.1286764705882352,0.00567434,0.00086049584,0.4105960264900662,0.0698529411764705,0.1655629139072847,0.0728476821192053,0.3973509933774834,0.00653483584,-0.8035537152348232,0.062162728485385,1.1139483418883096,1.1194435798004732,-2.974782908438221,E005,6886,Financials,Spain,80875036672.0,0.0052250146113383,0.0929175946547884,1.4874536005939123,598850000000.0,Sur,25.116171043207867
E005_CABK_2023,CaixaBank,2023,media,0.3513513513513513,0.1621621621621621,0.054054054054054,0.00710959,0.002373341,0.0,0.0,0.0,0.0,0.25,0.009482931,-0.3371155469115827,-1.5929847201259515,0.2841358195911879,-2.2767941685720965,0.0625580819433744,E005,946,Financials,Spain,80875036672.0,0.0079319198836563,0.1326465970749442,1.5031812047263613,607167000000.0,Sur,25.116171043207867
E005_CABK_2024,CaixaBank,2024,alta,0.2326700196807347,0.1694729936584299,0.1305488738246228,0.012112649,0.0019420211,0.1703296703296703,0.1239886289088126,0.1401098901098901,0.2293956043956043,0.2802197802197802,0.0140546701,0.3862103622343556,0.1036931905558387,-0.8122529858993877,-0.8679153224065527,2.1700718610961345,E005,69088,Financials,Spain,80875036672.0,0.009171113291062,0.1571230756699519,1.4775325133718875,631003000000.0,Sur,25.116171043207867
E006_HSBA_2022,HSBC,2022,alta,0.2601431980906921,0.2875894988066825,0.2267303102625298,0.011610354,0.0013328524,0.2857142857142857,0.2762529832935561,0.188034188034188,0.1929181929181929,0.336996336996337,0.0129432064,0.2103581375776144,2.237026128803092,-0.5584532952831747,0.0864864766088159,2.9193510850550655,E006,24188,Financials,United Kingdom,238565818368.0,0.0052755141413887,0.0874921977360782,1.148487626031164,2949286000000.0,UK_Irlanda,26.197911077202644
E006_HSBA_2023,HSBC,2023,densidad,0.2387923147301006,0.312900274473925,0.253430924062214,0.018022807,0.0018511952,0.2985257985257985,0.2726440988106129,0.1498771498771498,0.1953316953316953,0.3255528255528255,0.0198740021999999,1.3069264376233998,2.829253704100938,-0.7556946741451471,0.1924566775290904,4.699418138340394,E006,16479,Financials,United Kingdom,238565818368.0,0.0077444888021991,0.1269795876522292,1.2688731930782555,3038677000000.0,UK_Irlanda,26.197911077202644
E006_HSBA_2024,HSBC,2024,alta,0.2788461538461538,0.2226331360946745,0.1678994082840236,0.010274418,0.0018554261,0.3648424543946932,0.2707100591715976,0.1907131011608623,0.12106135986733,0.3432835820895522,0.0121298441,0.0816705610900297,0.9321391815326904,-0.3856737095536812,0.7409937199673774,0.6584897322090238,E006,19243,Financials,United Kingdom,238565818368.0,0.0079478351023914,0.1296351359387586,1.3101749985132964,3017048000000.0,UK_Irlanda,26.197911077202644
E007_SEB_2022,Skandinaviska Enskilda Banken,2022,alta,0.2380382775119617,0.2547846889952153,0.1794258373205741,0.016308447,0.0018253985,0.1693121693121693,0.1866028708133971,0.1552028218694885,0.2045855379188712,0.3033509700176366,0.0181338455,1.0316044213071374,1.1877988143550529,-0.7626605377165573,-0.8763315640204447,3.858395337399192,E007,11830,Financials,Sweden,364602458112.0,0.0076078916909322,0.1316590003967845,4.070637451565339,3532779000000.0,Nordicos,26.6220734411101
E007_SEB_2023,Skandinaviska Enskilda Banken,2023,densidad,0.3168724279835391,0.2139917695473251,0.1539094650205761,0.012375023,0.0011669457,0.2495840266222961,0.1580246913580247,0.1630615640599001,0.1381031613976705,0.259567387687188,0.0135419687,0.305092389803384,0.6218380686210481,-0.0343835724118592,-0.2123643204523315,1.173678351288623,E007,21598,Financials,Sweden,364602458112.0,0.0105636632819857,0.171867884116785,4.080608725059181,3608218000000.0,Nordicos,26.6220734411101
E007_SEB_2024,Skandinaviska Enskilda Banken,2024,densidad,0.3183239524702939,0.1982489055659787,0.1288305190744215,0.015107196,0.0020368425,0.2600243013365735,0.1063164477798624,0.1020656136087484,0.1543134872417983,0.198055893074119,0.0171440385,0.8750003298457474,0.0655795698410488,-0.0209742587837457,-0.1260077733831493,1.087561931853691,E007,24503,Financials,Sweden,364602458112.0,0.0095427311607888,0.1551603301780677,4.126840811947324,3758358000000.0,Nordicos,26.6220734411101
E008_RBI_2022,Raiffeisen Bank International,2022,densidad,0.4235294117647059,0.1411764705882353,0.1176470588235294,0.0033276684,0.0020034208,0.3333333333333333,0.1176470588235293,0.5,0.1666666666666666,0.5,0.0053310892,-0.9940066509151136,-0.182472913053707,0.9509232268883442,0.4803665841389681,-2.607769374996133,E008,1220,Financials,Austria,15628869632.0,0.0175169156319274,0.2056355595872548,0.8730581698605284,207057000000.0,Centro,23.47238565835508
E008_RBI_2023,Raiffeisen Bank International,2023,densidad_baja,0.1287128712871287,0.1485148514851485,0.1287128712871287,0.046423316,0.0013551556,0.0384615384615384,0.0495049504950495,0.0,0.6923076923076923,0.1153846153846153,0.0477784716,5.721882159394578,0.0629701068402999,-1.772618463309101,-1.958660235566974,9.516130965110952,E008,1657,Financials,Austria,15628869632.0,0.0120358553477837,0.128141783029001,1.0106337271750805,198241000000.0,Centro,23.47238565835508
E008_RBI_2024,Raiffeisen Bank International,2024,alta,0.1292517006802721,0.1485260770975056,0.1213151927437641,0.014291143,0.001664431,0.0327868852459016,0.1213151927437641,0.1381733021077283,0.1826697892271662,0.1662763466042154,0.015955574,0.6869652853809018,-0.1011126089893073,-1.767640708961422,-2.005598028961173,4.3590914143141894,E008,15871,Financials,Austria,15628869632.0,0.0057893130382134,0.0606362349981657,1.1565431581154026,199851000000.0,Centro,23.47238565835508
E009_UPM_2022,UPM-Kymmene,2022,densidad,0.1963470319634703,0.193607305936073,0.1351598173515981,0.0055880276,0.0012068455,0.3924731182795699,0.2721461187214612,0.4068100358422939,0.078853046594982,0.478494623655914,0.0067948730999999,-0.7624114533106207,0.2059652928117135,-1.1478080100518522,0.9695402660715764,-0.3781784165186312,E009,14034,Basic Materials,Finland,13230560256.0,0.0687170711937677,0.122060470324748,0.3898576227803551,22207000000.0,Nordicos,23.30579516156894
E009_UPM_2023,UPM-Kymmene,2023,densidad,0.2118226600985221,0.1773399014778325,0.1294862772695285,0.0068176887,0.0020281605,0.3962264150943396,0.2681210415200563,0.421832884097035,0.0943396226415094,0.4663072776280323,0.0088458492,-0.4379125876231426,0.0801244821334583,-1.0048427668550854,1.000585594084452,-0.3535309327190508,E009,19711,Basic Materials,Finland,13230560256.0,0.0210036269149569,0.0347639100439028,0.2917301317086282,18473000000.0,Nordicos,23.30579516156894
E009_UPM_2024,UPM-Kymmene,2024,densidad,0.2513966480446927,0.1931364724660814,0.1328810853950518,0.007926854,0.0013918364,0.3143884892086331,0.1101356743814844,0.1546762589928057,0.1244604316546762,0.3136690647482014,0.0093186904,-0.3631011682944113,0.1554223385746427,-0.6392547104856217,0.3236646420784114,0.1079112386874416,E009,37492,Basic Materials,Finland,13230560256.0,0.0228320067029744,0.0391417541969656,0.3424005745578597,19096000000.0,Nordicos,23.30579516156894
E010_BOL_2022,Boliden AB,2022,alta,0.2737127371273712,0.1544715447154471,0.1111111111111111,0.005419783,0.0022968547,0.4894736842105263,0.1273712737127371,0.2473684210526315,0.0789473684210526,0.3368421052631579,0.0077166377,-0.6165728123187184,-0.3274421821139101,-0.4330966744392769,1.7718787261983615,-2.282797046191713,E010,4768,Basic Materials,Sweden,159526174720.0,0.1287664978832904,0.2128243384610108,0.1919363413421138,96376000000.0,Nordicos,25.79547385053517
E010_BOL_2023,Boliden AB,2023,densidad,0.3636363636363636,0.1845730027548209,0.1212121212121212,0.006381888,0.0020078414,0.3055555555555556,0.140495867768595,0.2388888888888889,0.1055555555555555,0.1833333333333333,0.0083897294,-0.5100784006316897,-0.1033987662935962,0.3976258668884611,0.250603188079713,-1.2617062218934605,E010,4344,Basic Materials,Sweden,159526174720.0,0.0595643261374893,0.1076696688178143,0.2585277639883696,101957000000.0,Nordicos,25.79547385053517
E010_BOL_2024,Boliden AB,2024,densidad,0.1890295358649789,0.1776371308016877,0.1367088607594936,0.013268723,0.0024986628,0.2102127659574468,0.10042194092827,0.1353191489361702,0.1846808510638297,0.1974468085106383,0.0157673858,0.6571907514720139,0.2403235374712393,-1.215407696486726,-0.5380230045219697,2.6509449899519493,E010,36668,Basic Materials,Sweden,159526174720.0,0.0862537868355824,0.1542035942885278,0.2539851058591826,116192000000.0,Nordicos,25.79547385053517
E011_ACX_2022,Acerinox,2022,densidad,0.3872832369942196,0.2080924855491329,0.1156069364161849,0.0071938625,0.0010544271,0.3402777777777778,0.1676300578034682,0.2708333333333333,0.1458333333333333,0.2569444444444444,0.0082482896,-0.5324565525092587,-0.227723436344175,0.6160778076398598,0.5378074331537822,-1.9140652296470757,E011,2363,Basic Materials,Spain,3976787456.0,0.0880090317620023,0.224750282628369,0.8037372827338621,6318147000.0,Sur,22.10374015844485
E011_ACX_2023,Acerinox,2023,aceptado_sin_financieros,0.3180428134556575,0.2385321100917431,0.1223241590214067,0.0073143705,0.0018653474,0.3292682926829268,0.2232415902140673,0.2804878048780488,0.0975609756097561,0.3963414634146341,0.0091797179,-0.3850889518730465,-0.0787334361115435,-0.0235714462612971,0.4467426725205403,-0.8869936142438332,E011,5020,Basic Materials,Spain,3976787456.0,0.0374055813558441,0.0947206271305373,0.8864226903003202,6098769000.0,Sur,22.10374015844485
E011_ACX_2024,Acerinox,2024,alta,0.315712187958884,0.2452276064610866,0.145374449339207,0.0106840255,0.0016392452,0.2601431980906921,0.0910425844346549,0.1217183770883054,0.152744630071599,0.2410501193317422,0.0123232707,0.1122738978591833,0.432528875954995,-0.0451019740071869,-0.1250243209909078,0.7149290688122731,E011,9862,Basic Materials,Spain,3976787456.0,0.0347826866813572,0.0890058508687275,0.9429173309086276,6467183000.0,Sur,22.10374015844485
E012_VOE_2022,Voestalpine,2022,densidad,0.2752293577981651,0.1743119266055046,0.091743119266055,0.0048874295,0.002625046,0.6438356164383562,0.4220183486238532,0.589041095890411,0.0,0.4657534246575342,0.0075124755,-0.6488747013150162,-0.7570300161179974,-0.4190859964141187,3.048680709952015,-4.03549943097091,E012,1507,Basic Materials,Austria,8123330560.0,0.0766739234322731,0.1901918602098608,0.4664208046128404,16949700000.0,Centro,22.81800607451199
E012_VOE_2023,Voestalpine,2023,densidad,0.2911392405063291,0.2278481012658227,0.1455696202531645,0.012438934,0.0021003813,0.4414414414414414,0.2784810126582278,0.4864864864864865,0.018018018018018,0.3693693693693693,0.0145393153,0.4628893726142822,0.4368578250199446,-0.2721090704531698,1.3745808823155292,-0.2027246142281324,E012,2212,Basic Materials,Austria,8123330560.0,0.0625436942256061,0.1429780147463704,0.4020064733611786,17021700000.0,Centro,22.81800607451199
E012_VOE_2024,Voestalpine,2024,densidad,0.3182917002417405,0.1845286059629331,0.1120064464141821,0.010563548,0.0013874284,0.1736770691994572,0.1248992747784045,0.1302578018995929,0.1709633649932157,0.1696065128900949,0.0119509764,0.0533706868213202,-0.3075833781330601,-0.0212722077689848,-0.8402273720442153,0.6072868885014603,E012,25037,Basic Materials,Austria,8123330560.0,0.0060879123533888,0.0140225919537031,0.4257692949752379,16557400000.0,Centro,22.81800607451199
E013_1COV_2022,Covestro,2022,alta,0.2572490706319703,0.1397769516728624,0.1089219330855018,0.009697728,0.0022889907,0.3064008394543546,0.0999999999999999,0.2591815320041972,0.080797481636936,0.29800629590766,0.0119867187,0.0590257189823782,-0.3759988034608404,-0.5851895047841937,0.2575949388517147,0.0106214814540167,E013,39492,Basic Materials,Germany,11320645632.0,-0.0186492972231744,-0.0383855489697996,0.5159469376234829,14585000000.0,Centro,23.14989394272401
E013_1COV_2023,Covestro,2023,alta,0.2046285018270402,0.1760048721071863,0.1345919610231425,0.008167932,0.0018702669,0.2302716688227684,0.1193666260657734,0.1565329883570504,0.0815006468305304,0.2496765847347994,0.0100381989,-0.2492628392653708,0.1933700701309965,-1.0713030473621423,-0.3721061453538451,1.387516423581613,E013,23482,Basic Materials,Germany,11320645632.0,-0.0145193224316198,-0.0300455235204855,0.5144157814871017,13637000000.0,Centro,23.14989394272401
E013_1COV_2024,Covestro,2024,alta,0.2415074309978768,0.1650743099787685,0.1130573248407643,0.010475798,0.002738418,0.2257336343115124,0.0493630573248407,0.1207674943566591,0.1659142212189616,0.2076749435665914,0.0132142159999999,0.2532364079730698,-0.2842745812950278,-0.7306121861102393,-0.4096424173004953,1.1092164300887766,E013,31550,Basic Materials,Germany,11320645632.0,-0.0195143423079744,-0.0399519375187744,0.4653048963652748,13631000000.0,Centro,23.14989394272401
E014_SY1_2022,Symrise,2022,densidad,0.2234042553191489,0.2127659574468085,0.202127659574468,0.0039845193,0.0028458193,0.125,0.2553191489361702,0.0,0.0,0.125,0.0068303386,-0.7568002155584892,1.691332000862745,-0.8978509496006273,-1.2428588863054473,3.0752416212103304,E014,1136,Basic Materials,Germany,11095104512.0,0.0359769152185356,0.0788447394415454,0.7173044671186235,7782963000.0,Centro,23.129769813025224
E014_SY1_2023,Symrise,2023,densidad,0.3518518518518518,0.3185185185185185,0.1444444444444444,0.0017967094,0.00030386422,0.2434210526315789,0.3740740740740741,0.2434210526315789,0.0394736842105263,0.4276315789473684,0.00210057362,-1.5051284730054466,0.4119010900931246,0.2887594881847803,-0.2633412504738852,-1.1186456206232172,E014,3593,Basic Materials,Germany,11095104512.0,0.0433966090348835,0.09376135965579,0.7046214108995416,7845613000.0,Centro,23.129769813025224
E014_SY1_2024,Symrise,2024,densidad,0.1808510638297872,0.1879432624113475,0.1447990543735224,0.010801924,0.0028091348,0.1807980049875311,0.1347517730496454,0.1932668329177057,0.2069825436408977,0.2793017456359102,0.0136110587999999,0.3160236040092609,0.4197664440527739,-1.2909611559835228,-0.7813266780118563,2.808077882057414,E014,25871,Basic Materials,Germany,11095104512.0,0.0574463392589866,0.1201211701053456,0.6394546340532204,8324708000.0,Centro,23.129769813025224
E015_YAR_2022,Yara International,2022,alta,0.2727272727272727,0.1978609625668449,0.0962566844919786,0.006067526,0.00097096333,0.2166666666666666,0.374331550802139,0.475,0.075,0.5083333333333333,0.00703848933,-0.7238672741278112,-0.6569177936143712,-0.4422004831113618,-0.484639679309905,-0.4539449053209156,E015,3759,Basic Materials,Norway,132253548544.0,0.1544322099877655,0.3233958309071852,0.4912076394549901,17982000000.0,Nordicos,25.607986739415583
E015_YAR_2023,Yara International,2023,alta,0.2769371847776249,0.1879871618523613,0.1421366345712975,0.009022098,0.0017664401,0.2705366922234392,0.1104997707473636,0.1423877327491785,0.1708652792990142,0.2606790799561884,0.0107885381,-0.1305465756868485,0.3607131789958017,-0.4033089373296182,-0.0390547186718788,0.6725302593104502,E015,33358,Basic Materials,Norway,132253548544.0,0.0029949460285767,0.0063559322033898,0.5601165254237288,16027000000.0,Nordicos,25.607986739415583
E015_YAR_2024,Yara International,2024,alta,0.2735849056603773,0.1762264150943396,0.130566037735849,0.009375678,0.0017971413,0.3147128245476003,0.1067924528301886,0.1746656176239181,0.1439811172305271,0.2486231313926042,0.0111728193,-0.0697468357459378,0.1040738912245352,-0.4342775930170238,0.3263473760803642,0.1422572724152569,E015,42188,Basic Materials,Norway,132253548544.0,0.0009337068160597,0.0020034344590726,0.5792787635947338,14994000000.0,Nordicos,25.607986739415583
E016_BBY_2022,Balfour Beatty,2022,alta,0.3066801619433198,0.1558704453441295,0.1042510121457489,0.020313397,0.0028378877,0.2236421725239616,0.2125506072874494,0.1469648562300319,0.242811501597444,0.2332268370607028,0.0231512847,1.8254475719201,-0.4796012226153577,-0.1285406418664888,-0.4269419063697852,1.9013288975410163,E016,17677,Industrials,United Kingdom,3859951104.0,0.0562170603162209,0.2089985486211901,0.5355587808417998,5123000000.0,UK_Irlanda,22.073920352985407
E016_BBY_2023,Balfour Beatty,2023,alta,0.295397489539749,0.1656903765690376,0.1163179916317991,0.017174153,0.0027154046,0.2567849686847599,0.2192468619246861,0.2150313152400835,0.231732776617954,0.2526096033402922,0.0198895576,1.3093875631603165,-0.2119520196492127,-0.2327709832787696,-0.1528018559408169,1.4830083827306906,E016,21921,Industrials,United Kingdom,3859951104.0,0.0374169040835707,0.164440734557596,0.8171953255425709,5265000000.0,UK_Irlanda,22.073920352985407
E016_BBY_2024,Balfour Beatty,2024,alta,0.2733590733590733,0.1706563706563706,0.1281853281853281,0.014592372,0.0021047175,0.2686567164179104,0.261003861003861,0.2260127931769723,0.208955223880597,0.2857142857142857,0.0166970894999999,0.8042854914231284,0.0512690435468363,-0.4363638521075021,-0.0546049051930298,1.3465232922704968,E016,24097,Industrials,United Kingdom,3859951104.0,0.0316051136363636,0.1587867975022301,0.991971454058876,5632000000.0,UK_Irlanda,22.073920352985407
E017_SKA B_2022,Skanska,2022,densidad,0.2664509169363538,0.1661272923408845,0.1251348435814455,0.013384767,0.0018785725,0.3436123348017621,0.1359223300970873,0.3325991189427312,0.118942731277533,0.3766519823788546,0.0152633395,0.5774421612256577,-0.0163916145187172,-0.5001820218384262,0.565389162416402,0.4958434061289647,E017,12926,Industrials,Sweden,103892770816.0,0.0544616176208664,0.1498067536426484,0.2643210974215674,151593000000.0,Nordicos,25.366625154344096
E017_SKA B_2023,Skanska,2023,densidad,0.308411214953271,0.1504672897196261,0.1037383177570093,0.007148314,0.0017815037,0.403254972875226,0.202803738317757,0.3381555153707052,0.0994575045207956,0.3851717902350813,0.0089298177,-0.4246273606507372,-0.4909729370257464,-0.1125490186254501,1.0587221850693178,-1.8617734641203512,E017,14279,Industrials,Sweden,103892770816.0,0.0322058908814413,0.0889292196007259,0.3161097469840931,155189000000.0,Nordicos,25.366625154344096
E017_SKA B_2024,Skanska,2024,densidad,0.2861356932153392,0.1366764995083579,0.1012782694198623,0.012210207,0.0012924231,0.334763948497854,0.1563421828908554,0.2575107296137339,0.1437768240343347,0.3218884120171674,0.0135026301,0.2988683625815489,-0.5455375426469585,-0.3183322898960488,0.4921998920905173,-0.4205367822598782,E017,13597,Industrials,Sweden,103892770816.0,0.0324285806071013,0.0888803509108955,0.305862389139692,171207000000.0,Nordicos,25.366625154344096
E018_DG_2022,Vinci,2022,media,0.3703703703703703,0.2314814814814814,0.162037037037037,0.005218762,0.00245298,0.4102564102564102,0.2685185185185185,0.3461538461538461,0.0769230769230769,0.5641025641025641,0.007671742,-0.6236760660934675,0.8021100393135043,0.4598352261477069,1.1166344501492134,-1.3980357030768835,E018,2842,Industrials,France,68313341952.0,0.0380298416837067,0.1641929141447241,1.1959983037125563,111991000000.0,Centro,24.94737092781362
E018_DG_2023,Vinci,2023,alta,0.4950033311125916,0.0832778147901399,0.0459693537641572,0.01113295,0.0024892343,0.3098591549295774,-0.0046635576282478,0.1971830985915492,0.2816901408450704,0.1267605633802817,0.0136221843,0.3177838449648755,-1.772305783140316,1.6112057157556263,0.2862003339480475,-3.351927987879114,E018,33256,Industrials,France,68313341952.0,0.0396599132913848,0.1672535837512894,1.1177391242485684,118558000000.0,Centro,24.94737092781362
E018_DG_2024,Vinci,2024,media,0.3333333333333333,0.1794871794871795,0.1282051282051282,0.0008271298,0.0008271298,0.8333333333333334,0.282051282051282,0.7222222222222222,0.0555555555555555,0.7222222222222222,0.0016542596,-1.575742846927414,0.0517082138896974,0.1176837502218532,4.616107713205565,-6.257826096465135,E018,666,Industrials,France,68313341952.0,0.0375547335336046,0.162386883494173,1.2108391491635222,129491000000.0,Centro,24.94737092781362
E019_EN_2022,Bouygues,2022,densidad,0.2882882882882883,0.1418918918918918,0.0938438438438438,0.0055558644,0.0022811245,0.3526645768025078,0.2109609609609609,0.4043887147335423,0.0658307210031347,0.4592476489028213,0.0078369889,-0.5975312311495733,-0.7104353186175543,-0.2984464232014821,0.6402646215218979,-1.6497847480875434,E019,18455,Industrials,France,19269713920.0,0.0160574304810627,0.0796757287913527,1.3077301015394691,60595000000.0,Centro,23.68180047338807
E019_EN_2023,Bouygues,2023,alta,0.331146408839779,0.1312154696132596,0.0873618784530386,0.004835947,0.0017901723,0.3041338582677165,0.2016574585635359,0.3710629921259842,0.0738188976377952,0.4419291338582677,0.0066261193,-0.7891111387337961,-0.8542072436886734,0.0974807452552373,0.2388436441869159,-1.9796427718646228,E019,42260,Industrials,France,19269713920.0,0.0171204688374543,0.0838168923275306,1.195519019987105,60746000000.0,Centro,23.68180047338807
E019_EN_2024,Bouygues,2024,alta,0.3058631330550009,0.1791613722998729,0.1187148302777273,0.007923923,0.0026347917,0.2374472078836227,0.1296060991105463,0.2041295166588456,0.1215391834819333,0.3148756452369779,0.0105587147,-0.1669084975095551,-0.158789423826228,-0.1360884281468229,-0.3127538013194471,0.1231443081304868,E019,87977,Industrials,France,19269713920.0,0.0167712890748842,0.0833070866141732,1.1607874015748032,63084000000.0,Centro,23.68180047338807
E020_EFGI_2022,Eiffage,2022,densidad,0.3605263157894737,0.2342105263157894,0.1394736842105263,0.004099657,0.002455743,0.5241264559068219,0.281578947368421,0.5574043261231281,0.0266222961730449,0.6222961730449251,0.0065553999999999,-0.8003001197425035,0.3016481459920755,0.3688949654410988,2.058508512479411,-2.926055451670938,E020,12876,Industrials,France,11936400384.0,0.0247541164769587,0.1450777202072538,2.5803108808290154,36196000000.0,Centro,23.202858424081146
E020_EFGI_2023,Eiffage,2023,alta,0.5088781275221953,0.1085552865213882,0.0548829701372074,0.007995679,0.0025713088,0.4480712166172106,0.0831315577078289,0.2997032640949555,0.0949554896142433,0.3234421364985163,0.0105669878,-0.1655995541407273,-1.5745991142468423,1.7393823316379755,1.4294189500573162,-4.908999950082862,E020,55948,Industrials,France,11936400384.0,0.0267812293456708,0.1569326103795507,2.4760650658404337,37825000000.0,Centro,23.202858424081146
E020_EFGI_2024,Eiffage,2024,densidad,0.3120452708164915,0.2158447857720291,0.1382376717865804,0.009669355,0.0022428778,0.2480705622932745,0.1406628940986257,0.2194046306504961,0.1367144432194046,0.3054024255788313,0.0119122327999999,0.0472407985926617,0.2742330218918152,-0.0789772840411067,-0.224882913798151,0.6253340183237347,E020,22121,Industrials,France,11936400384.0,0.0257797186313673,0.1556088063501572,2.5009734910888124,40303000000.0,Centro,23.202858424081146
E021_BRNW_2022,Brunello Cucinelli,2022,densidad_baja,0.1923076923076923,0.4615384615384615,0.3461538461538461,0.005735292,0.0015135327,0.2,0.4230769230769231,0.6,0.0,0.9,0.0072488247,-0.6905886859575463,4.885875762935695,-1.1851237927265894,-0.6224977169454575,6.002908586650196,E021,557,Consumer Discretionary,Italy,5542000128.0,0.0609219433585187,0.2106926541591403,1.7975495565204431,1322988000.0,Sur,22.435621306483554
E021_BRNW_2023,Brunello Cucinelli,2023,densidad_baja,0.24,0.4,0.36,0.0024526902,0.0024526902,0.1764705882352941,0.4,0.4705882352941176,0.0,0.4705882352941176,0.0049053804,-1.061360932963148,5.192987583698616,-0.744537969111298,-0.8171208289015329,5.693285448748299,E021,580,Consumer Discretionary,Italy,5542000128.0,0.0830630199727512,0.2594371546726846,1.5097591395026155,1379880000.0,Sur,22.435621306483554
E021_BRNW_2024,Brunello Cucinelli,2024,densidad,0.3792633015006821,0.1773533424283765,0.1173260572987721,0.011051105,0.0020432319,0.1798561151079136,0.0491132332878581,0.0743405275779376,0.1966426858513189,0.1486810551558753,0.0130943369,0.2342695209529648,-0.189592822584631,0.5419889229593716,-0.7891175034402276,0.2918052788491898,E021,17188,Consumer Discretionary,Italy,5542000128.0,0.0684729665372031,0.2438635092603553,1.9634872167498745,1744893000.0,Sur,22.435621306483554
E022_BOSS_2022,Hugo Boss,2022,densidad,0.1542416452442159,0.1953727506426735,0.1465295629820051,0.0048014657,0.001254408,0.2116788321167883,0.236503856041131,0.2481751824817518,0.0364963503649635,0.4160583941605839,0.0060558737,-0.8793335700743052,0.4581496409681151,-1.5367813557332386,-0.525896464295727,1.6414938909227756,E022,5473,Consumer Discretionary,Germany,2453524736.0,0.0670040510432731,0.187621856363309,0.8186580283920288,3126602000.0,Centro,21.620791495367193
E022_BOSS_2023,Hugo Boss,2023,alta,0.2728706624605678,0.1987381703470031,0.1356466876971608,0.016507035,0.002712265,0.2686567164179104,0.2917981072555204,0.2587064676616915,0.0696517412935323,0.3980099502487562,0.0192193,1.2033415536927217,0.2167642222445802,-0.4408758358716141,-0.0546049051930298,1.915586517001946,E022,20045,Consumer Discretionary,Germany,2453524736.0,0.0744227484951753,0.1998749867521542,0.8696164429553565,3471667000.0,Centro,21.620791495367193
E022_BOSS_2024,Hugo Boss,2024,alta,0.217174515235457,0.1950138504155124,0.1556786703601108,0.013889535,0.0020334884,0.2525773195876288,0.2332409972299168,0.1958762886597938,0.1211340206185567,0.4355670103092783,0.0159230234,0.6818152337652604,0.6610795705691798,-0.9554018482359072,-0.1876053507961871,2.4859020033665344,E022,27803,Consumer Discretionary,Germany,2453524736.0,0.0564368694018989,0.1495950866590234,0.874727044398909,3782421000.0,Centro,21.620791495367193
E023_CFR_2022,Richemont,2022,densidad_baja,0.1617647058823529,0.1985294117647058,0.1470588235294117,0.0027901593,0.0017920225,0.2272727272727272,0.3088235294117647,0.0909090909090909,0.0,0.5,0.0045821818,-1.1124963796861893,0.4698887977172061,-1.4672826456111452,-0.3969118371781892,1.2215869008203513,E023,1611,Consumer Discretionary,Switzerland,92247826432.0,,,,,Centro,25.24774455787673
E023_CFR_2023,Richemont,2023,densidad_baja,0.2170542635658914,0.1395348837209302,0.1240310077519379,0.0043957494,0.0006107587,0.1692307692307692,0.5193798449612402,0.3076923076923077,0.1076923076923077,0.3538461538461538,0.0050065081,-1.0453608323575956,-0.0408750223437414,-0.9565127439639663,-0.8770048633495561,0.7472817526121853,E023,1943,Consumer Discretionary,Switzerland,92247826432.0,0.0076552449433805,0.0165093095627406,0.8287884382087662,40887000000.0,Centro,25.24774455787673
E023_CFR_2024,Richemont,2024,densidad_baja,0.3535353535353535,0.101010101010101,0.0202020202020202,0.0026854337,0.0004040404,0.2105263157894736,0.4242424242424242,0.3684210526315789,0.0,0.3684210526315789,0.0030894741,-1.3486678082332912,-2.343832924496732,0.3043118279995918,-0.5354294826493196,-3.4613830780802957,E023,1705,Consumer Discretionary,Switzerland,92247826432.0,0.0553407839553899,0.1151016032357097,0.7974757565420788,42681000000.0,Centro,25.24774455787673
E024_KER_2022,Kering,2022,densidad,0.4008589835361489,0.1725125268432355,0.105225483178239,0.0064988965,0.0015919629,0.3060836501901141,0.2018611309949892,0.2129277566539923,0.0570342205323193,0.4334600760456273,0.0080908594,-0.5573646542296797,-0.4579871645603918,0.7414917739750028,0.2549713134800789,-2.011814906245154,E024,24441,Consumer Discretionary,France,29563430912.0,0.1064788898382487,0.2581797399628518,0.799542791827404,33941000000.0,Centro,24.109803992326455
E024_KER_2023,Kering,2023,densidad,0.4025157232704403,0.1383647798742138,0.0723270440251572,0.0058183223,0.0016056263,0.1627906976744186,0.1619496855345912,0.1162790697674418,0.0697674418604651,0.4767441860465116,0.0074239486,-0.6628811437269141,-1.187684354178699,0.7567968844984483,-0.9302738009690183,-1.6770885814350431,E024,12276,Consumer Discretionary,France,29563430912.0,0.0721106195759905,0.1960951880094662,1.124704180909808,41367000000.0,Centro,24.109803992326455
E024_KER_2024,Kering,2024,densidad,0.3771073646850044,0.1952085181898846,0.121561668145519,0.0082377745,0.0018655886,0.280564263322884,0.2040816326530612,0.2006269592476489,0.1253918495297805,0.4326018808777429,0.0101033631,-0.2389527683759869,-0.0956457110877469,0.5220721849452228,0.0438881577693479,-0.9005588221783045,E024,23149,Consumer Discretionary,France,29563430912.0,0.0261385133576339,0.0760198604401503,1.3514492753623188,43346000000.0,Centro,24.109803992326455
E025_ADS_2022,Adidas,2022,densidad,0.2341269841269841,0.2301587301587301,0.1646825396825396,0.003681396,0.00084608956,0.4200913242009132,0.3630952380952381,0.2694063926940639,0.0319634703196347,0.593607305936073,0.00452748556,-1.121150243491511,0.8607880767902532,-0.7987934174366832,1.197983766351437,-0.6595525156160117,E025,7454,Consumer Discretionary,Germany,27896987648.0,0.0301537248718959,0.122620717291124,1.294129432979363,20296000000.0,Centro,24.05178455033886
E025_ADS_2023,Adidas,2023,alta,0.2883522727272727,0.2173295454545454,0.1534090909090909,0.004920652,0.0010781777,0.3828571428571428,0.2244318181818182,0.2057142857142857,0.0514285714285714,0.5057142857142857,0.0059988297,-0.888358888942856,0.6107396216336533,-0.2978553292051423,0.8900018959703259,-0.8697658340743862,E025,11110,Consumer Discretionary,Germany,27896987648.0,-0.0041620421753607,-0.0163755458515283,1.2146288209606988,18020000000.0,Centro,24.05178455033886
E025_ADS_2024,Adidas,2024,alta,0.2376357056694813,0.209589867310012,0.1577201447527141,0.009026098,0.0021253368,0.201241134751773,0.0901688781664656,0.0921985815602836,0.1781914893617021,0.3067375886524823,0.0111514348,-0.0731302228040777,0.7063600812958062,-0.7663795325684706,-0.6122316928662148,2.011841083926414,E025,55694,Consumer Discretionary,Germany,27896987648.0,0.0369886226095376,0.139517896274653,1.0202702702702702,20655000000.0,Centro,24.05178455033886
E026_REP_2022,Repsol,2022,alta,0.3296610169491525,0.223728813559322,0.1406779661016949,0.010540159,0.0020750398,0.2673992673992674,0.1889830508474576,0.2600732600732601,0.1721611721611721,0.3058608058608059,0.0126151988,0.1584618262861899,0.3283594774143639,0.0837585615071715,-0.0650058724412424,0.4680686146346248,E026,18136,Energy,Spain,24544477184.0,0.0708925355213127,0.1680635723887087,0.5281489681347356,59964000000.0,Sur,23.923752703924013
E026_REP_2023,Repsol,2023,alta,0.376271186440678,0.2254237288135593,0.1305084745762711,0.008219337,0.0015601102,0.2653061224489796,0.1872881355932203,0.2574568288854003,0.119309262166405,0.3108320251177394,0.0097794472,-0.290201704006265,0.1027971231817091,0.5143474951935212,-0.0823192837612489,-0.6194327922568281,E026,19380,Energy,Spain,24544477184.0,0.0514010351597358,0.1209298774668855,0.403175936175898,61633000000.0,Sur,23.923752703924013
E026_REP_2024,Repsol,2024,alta,0.4198416625432954,0.190004948045522,0.1034141514101929,0.009244114,0.0017210604,0.3130059363194819,0.0994557149925779,0.1969778737182946,0.1500269832703723,0.2315164597949271,0.0109651744,-0.1025997463750721,-0.4981630432535848,0.916855468236694,0.3122288803848666,-1.8298471382502175,E026,70723,Energy,Spain,24544477184.0,0.0277909663533061,0.0662916682396466,0.4600022650911699,63186000000.0,Sur,23.923752703924013
E027_AKERBP_2022,Aker BP,2022,densidad,0.1447368421052631,0.1513157894736842,0.1184210526315789,0.020340597,0.006657224,0.1612903225806451,0.0723684210526315,0.0967741935483871,0.2903225806451613,0.3225806451612903,0.0269978209999999,2.4340342181397743,-0.1653054996123673,-1.6245875811374275,-0.9426841269377108,4.836000426602546,E027,1930,Energy,Norway,219023654912.0,0.0426736737856013,0.1289800844900422,0.4356145644739489,37561800000.0,Nordicos,26.1124455742267
E027_AKERBP_2023,Aker BP,2023,densidad,0.3264367816091954,0.1879310344827586,0.1298850574712643,0.010400426,0.0014674603,0.3193916349809886,0.1120689655172413,0.1013941698352344,0.1495564005069708,0.2205323193916349,0.0118678863,0.0402244374818673,0.0889695459107416,0.0539727857391085,0.365048073569304,-0.2898268759158035,E027,27284,Energy,Norway,219023654912.0,0.0342079315687705,0.1080471113555839,0.5259905194868227,39046500000.0,Nordicos,26.1124455742267
E027_AKERBP_2024,Aker BP,2024,densidad,0.3706385780118499,0.2356813693219223,0.1336405529953917,0.01430995,0.002828596,0.2616216216216216,0.0671494404213298,0.0648648648648648,0.2086486486486486,0.1751351351351351,0.017138546,0.874131324097807,0.1722675563977573,0.4623129524381512,-0.1127955669848176,0.6968814950422308,E027,24311,Energy,Norway,219023654912.0,0.0433177145917915,0.1440143092403338,0.6440182490091482,42192900000.0,Nordicos,26.1124455742267
E028_NSN_2022,Neste,2022,alta,0.2624703087885985,0.2214964370546318,0.1484560570071258,0.00803361,0.0013403908,0.3799043062200957,0.255938242280285,0.277511961722488,0.0870813397129186,0.4497607655502392,0.0093740008,-0.3543501340621155,0.5008798528607172,-0.5369552375650235,0.8655775601158251,-0.1820926037521999,E028,26680,Energy,Finland,21342894080.0,0.126567004089294,0.2268685412160538,0.3143475126171593,14917000000.0,Nordicos,23.783984691244275
E028_NSN_2023,Neste,2023,alta,0.2651933701657458,0.2160834868017188,0.14548802946593,0.0074492726,0.0015267505,0.3723076923076923,0.2541436464088397,0.2851282051282051,0.0974358974358974,0.441025641025641,0.0089760231,-0.4173168903392419,0.4350481170314664,-0.5117993518958774,0.8027423029174925,-0.2732117243293905,E028,25675,Energy,Finland,21342894080.0,0.0896577613714571,0.1693252983575564,0.4806806097128678,15983000000.0,Nordicos,23.783984691244275
E028_NSN_2024,Neste,2024,alta,0.1929824561403508,0.2481203007518796,0.1954887218045112,0.005431587,0.00022036207,0.3835616438356164,0.3032581453634085,0.2511415525114155,0.0684931506849315,0.54337899543379,0.00565194907,-0.9432412305576402,1.544078381618183,-1.1788902638129606,0.8958291633146079,0.8838982515588955,E028,5369,Energy,Finland,21342894080.0,-0.0060971696296771,-0.0128084131050289,0.69394633949036,15581000000.0,Nordicos,23.783984691244275
E029_TGS_2022,TGS,2022,densidad,0.2686567164179104,0.2068230277185501,0.1471215351812366,0.009602814,0.00097420206,0.2842105263157894,0.1577825159914712,0.1473684210526315,0.2052631578947368,0.2052631578947368,0.01057701606,-0.1640129149815392,0.4712797608531779,-0.4798046480367269,0.0740481574236529,0.7130233364847127,E029,8232,Energy,Norway,29278945280.0,0.0477438377462141,0.0710377075297736,0.1207518041406028,1838897000.0,Nordicos,24.100134503532797
E029_TGS_2023,TGS,2023,densidad,0.3305785123966942,0.1223140495867768,0.0909090909090909,0.0084888665,0.001986907,0.2631578947368421,0.0958677685950413,0.1983805668016194,0.1376518218623481,0.2307692307692307,0.0104757734999999,-0.1800311883681948,-0.7755290137545371,0.0922344668885255,-0.1000883111686244,-0.9477063578426328,E029,12734,Energy,Norway,29278945280.0,0.0110641203753397,0.0169758169504073,0.1042013696094762,1956414000.0,Nordicos,24.100134503532797
E029_TGS_2024,TGS,2024,alta,0.1968503937007874,0.155511811023622,0.1279527559055118,0.011452697,0.002813737,0.1820276497695852,0.0757874015748031,0.1036866359447004,0.2350230414746544,0.1221198156682027,0.014266434,0.4197149678431467,0.0461105210353135,-1.1431579090954656,-0.7711556930132898,2.380139090987216,E029,21289,Energy,Norway,29278945280.0,0.0233295358858784,0.0453932151117964,0.4330666923670008,4037800000.0,Nordicos,24.100134503532797
E030_VESTAS_2022,Vestas,2022,densidad,0.2,0.18,0.1457142857142857,0.014414428,0.00059711613,0.2340425531914893,0.24,0.5425531914893617,0.1489361702127659,0.3829787234042553,0.01501154413,0.5376039047241028,0.4400665480819642,-1.1140615631112198,-0.3409153422004983,2.4326473581177854,E030,4596,Energy,Denmark,188053946368.0,-0.0782478845196615,-0.5164257555847569,0.7973061760840998,20090000000.0,Nordicos,25.959994707380396
E030_VESTAS_2023,Vestas,2023,densidad,0.3968253968253968,0.2804232804232804,0.1851851851851851,0.004566986,0.0017569086,0.3723404255319149,0.5238095238095238,0.5851063829787234,0.0531914893617021,0.4468085106382978,0.0063238946,-0.8369281622148296,1.3155428672350562,0.7042291375233167,0.8030130552009012,-1.0286274877039912,E030,3101,Energy,Denmark,188053946368.0,0.0034200941636315,0.0254377271225635,1.1189296333002974,22514000000.0,Nordicos,25.959994707380396
E030_VESTAS_2024,Vestas,2024,densidad,0.2697616060225847,0.1865328314512756,0.1304893350062735,0.012429604,0.0017956116,0.3310276679841897,0.1271434546214973,0.1640316205533596,0.1709486166007905,0.274703557312253,0.0142252156,0.4131935246895905,0.1023726018123879,-0.4695975785944173,0.4612953141103342,0.5238683909860615,E030,33953,Energy,Denmark,188053946368.0,0.0202483363090407,0.1413998299801643,0.9268914706715784,24644000000.0,Nordicos,25.959994707380396
E031_LSEG_2022,London Stock Exchange Group,2022,alta,0.2965116279069767,0.2034883720930232,0.127906976744186,0.013380019,0.000109697234,0.2440944881889764,0.2093023255813953,0.1181102362204724,0.0708661417322834,0.2440944881889764,0.013489716234,0.2968251720886707,0.0450951255873092,-0.2224784729369892,-0.2577709402088758,0.8221697108218451,E031,2298,Financials,United Kingdom,45152157696.0,0.0015601875577736,0.0501230958609016,0.339398368979843,835156000000.0,UK_Irlanda,24.533303905169184
E031_LSEG_2023,London Stock Exchange Group,2023,densidad,0.2594936708860759,0.2194092827004219,0.1497890295358649,0.019373996,0.0014083588,0.1176470588235294,0.1772151898734177,0.0823529411764705,0.288235294117647,0.2294117647058823,0.0207823548,1.450643074957337,0.5304455809955188,-0.5644536859594372,-1.303678608791721,3.849220950704013,E031,7077,Financials,United Kingdom,45152157696.0,0.0009453298716786,0.0319653883311631,0.4074011845255597,805010000000.0,UK_Irlanda,24.533303905169184
E031_LSEG_2024,London Stock Exchange Group,2024,densidad,0.2285191956124314,0.1681901279707495,0.1243144424131627,0.021715242,0.0017169827,0.1168831168831168,0.1809872029250457,0.0606060606060606,0.316017316017316,0.1904761904761904,0.0234322247,1.86989699837916,-0.0345883570471379,-0.850598671593908,-1.3099975409980873,3.9959048539240176,E031,8212,Financials,United Kingdom,45152157696.0,0.0009347465062996,0.0297657845565549,0.4330161213227306,732819000000.0,UK_Irlanda,24.533303905169184
E032_ALLFG_2022,Allfunds Group,2022,densidad,0.190625,0.178125,0.109375,0.026154816,0.0012151233,0.123076923076923,0.253125,0.2,0.1692307692307692,0.4461538461538462,0.0273699393,2.492909583021673,-0.3659496442080263,-1.2006686554549515,-1.258765582955704,4.586394177224303,E032,5741,Financials,Spain,5235476480.0,0.0095927335282449,0.0208889005922266,0.7503809719584252,5127110000.0,Sur,22.378723695274097
E032_ALLFG_2023,Allfunds Group,2023,densidad,0.3203883495145631,0.2912621359223301,0.1699029126213592,0.0041182274,0.0009127715,0.1515151515151515,0.3349514563106796,0.303030303030303,0.0151515151515151,0.4242424242424242,0.0050309989,-1.041485976468354,0.9765775051120902,-0.0019031734027165,-1.023539280976158,0.9605339830226108,E032,2913,Financials,Spain,5235476480.0,0.0171085363823388,0.0364565365992473,0.9852201850433172,5009546000.0,Sur,22.378723695274097
E032_ALLFG_2024,Allfunds Group,2024,alta,0.2589928057553957,0.1654676258992805,0.1097122302158273,0.018279348,0.0011485417,0.1404255319148936,0.2733812949640288,0.2340425531914893,0.1531914893617021,0.3063829787234042,0.0194278897,1.2363439475500126,-0.3584697774703203,-0.5690807230393925,-1.1152668727491375,2.5622217658682223,E032,8840,Financials,Spain,5235476480.0,-0.0332235306364508,-0.0823945535124055,1.2823419427266078,5072128000.0,Sur,22.378723695274097
E033_WEND_2022,Wendel,2022,densidad,0.3516896120150187,0.1833541927409261,0.1051314142678347,0.010993691,0.0015910157,0.3238866396761133,0.1589486858573216,0.145748987854251,0.1282051282051282,0.2834008097165992,0.0125847067,0.1536374639435816,-0.4600736410413297,0.2872607019948671,0.4022284251552534,-0.9959253042478686,E033,29437,Financials,France,3426871552.0,0.0456461260258728,0.2353510722226206,2.1744603026608336,14378000000.0,Centro,21.95491359795757
E033_WEND_2023,Wendel,2023,densidad,0.3772635814889336,0.193158953722334,0.1016096579476861,0.00988597,0.0015489311,0.2788461538461538,0.0995975855130784,0.0889423076923077,0.0961538461538461,0.2620192307692308,0.0114349010999999,-0.028281093255164,-0.5381872462909655,0.5235153298159996,0.0296768457150438,-1.1196605150771728,E033,19450,Financials,France,3426871552.0,0.0094600968596995,0.0532057988342549,2.2845987146913767,15052700000.0,Centro,21.95491359795757
E033_WEND_2024,Wendel,2024,densidad,0.4022191400832177,0.2011095700416088,0.0887656033287101,0.007703315,0.001720344,0.2200557103064067,0.015256588072122,0.0557103064066852,0.1197771587743732,0.1949860724233983,0.009423659,-0.3464933727999626,-0.8230722074029532,0.7540570223668878,-0.4566072649717556,-1.467015337598048,E033,16497,Financials,France,3426871552.0,0.019012685905771,0.0911911632380775,2.0934251760836515,15458100000.0,Centro,21.95491359795757
E034_III_2022,3i,2022,alta,0.3985239852398524,0.1303813038130381,0.07380073800738,0.013503377,0.0016078954,0.1085972850678733,0.1758917589175891,0.0361990950226244,0.2307692307692307,0.1628959276018099,0.0151112724,0.5533825919998709,-1.1549973822472457,0.7199208499142231,-1.3785336518517497,0.056998011690152,E034,14161,Financials,United Kingdom,23761625088.0,,,,,UK_Irlanda,23.891337725061554
E034_III_2023,3i,2023,alta,0.425287356321839,0.2049808429118774,0.1130268199233716,0.010207051,0.0019134411,0.2649253731343283,0.2471264367816092,0.1380597014925373,0.1455223880597015,0.3171641791044776,0.0121204921,0.0801909176208008,-0.2849511894583333,0.9671632766584556,-0.0854686449621836,-1.0864549035338045,E034,8505,Financials,United Kingdom,23761625088.0,0.2566361748695213,0.2714913322251246,0.046604132035146,17819000000.0,UK_Irlanda,23.891337725061554
E034_III_2024,3i,2024,alta,0.3877221324717286,0.2084006462035541,0.1066235864297253,0.0104404865,0.0021228525,0.2409240924092409,0.197092084006462,0.1221122112211221,0.1716171617161716,0.297029702970297,0.012563339,0.1502567349276022,-0.4269768175752771,0.6201323634958454,-0.2839948126522182,-0.6128576334913021,E034,9785,Financials,United Kingdom,23761625088.0,0.1772561341897324,0.1901834407535944,0.0620228061477441,21641000000.0,UK_Irlanda,23.891337725061554
E035_EXO_2022,Exor,2022,alta,0.3637931034482758,0.2155172413793103,0.1258620689655172,0.006200002,0.0011844209,0.1983471074380165,0.1913793103448275,0.1942148760330578,0.0909090909090909,0.3347107438016529,0.0073844229,-0.6691347733111417,-0.0002615386659692,0.399073843353978,-0.6361695884465044,-0.4323005668845845,E035,10098,Financials,Netherlands,21709125632.0,0.050502395488596,0.2049255829737722,1.6319387210937122,83699000000.0,Centro,23.800998545129197
E035_EXO_2023,Exor,2023,alta,0.3764705882352941,0.2392156862745098,0.1352941176470588,0.0038513222,0.00065524963,0.2295081967213114,0.2176470588235294,0.1584699453551912,0.0218579234972677,0.4590163934426229,0.00450657183,-1.1244591468289482,0.2089441134088406,0.516189586888436,-0.3784211912956263,-1.0532834290129172,E035,10110,Financials,Netherlands,21709125632.0,0.0442503086126673,0.1802475502836513,1.6325425477050026,94779000000.0,Centro,23.800998545129197
E035_EXO_2024,Exor,2024,alta,0.2449856733524355,0.1862464183381088,0.1318051575931232,0.010292952,0.002601554,0.0974025974025974,0.1246418338108882,0.1363636363636363,0.198051948051948,0.1915584415584415,0.012894506,0.2026529163619568,0.1315579391225488,-0.6984798707187574,-1.471130312260422,2.503821038463685,E035,14564,Financials,Netherlands,21709125632.0,0.3455252001884126,0.3839369831466555,0.1070344394431068,42460000000.0,Centro,23.800998545129197
E036_GLB_2022,Glanbia,2022,alta,0.3853317811408615,0.2479627473806752,0.1501746216530849,0.008137025,0.003991061,0.2110091743119266,0.159487776484284,0.018348623853211,0.0275229357798165,0.2385321100917431,0.012128086,0.081392400142291,0.538998129125999,0.5980500831282325,-0.5314355269476612,0.5537759730877188,E036,15012,Consumer Staples,Ireland,5013061632.0,0.0659185854464199,0.1367736733356851,0.5444741218565741,4117200000.0,UK_Irlanda,22.33531266958667
E036_GLB_2023,Glanbia,2023,alta,0.3951011714589989,0.2300319488817891,0.1405750798722044,0.008299226,0.0034711477,0.2137931034482758,0.1405750798722044,0.1034482758620689,0.0827586206896551,0.1724137931034483,0.0117703737,0.0247963064128425,0.3260774301670685,0.6883005886668873,-0.5084083064884487,0.1709814544014725,E036,15971,Consumer Staples,Ireland,5013061632.0,0.0906530494064383,0.1614930132232955,0.3619056550689299,3799100000.0,UK_Irlanda,22.33531266958667
E036_GLB_2024,Glanbia,2024,alta,0.3737864077669903,0.2402912621359223,0.1444174757281553,0.009101163,0.004000755,0.1619718309859155,0.1201456310679611,0.0633802816901408,0.0845070422535211,0.2112676056338028,0.013101918,0.2354689782994759,0.4113029159246724,0.4913928865486354,-0.937047042254748,1.092426049930261,E036,13400,Consumer Staples,Ireland,5013061632.0,0.0425087108013937,0.079457738324971,0.4626109610189116,3874500000.0,UK_Irlanda,22.33531266958667
E037_PERP_2022,Pernod Ricard,2022,media,0.369826435246996,0.1882510013351135,0.1194926568758344,0.011794708,0.0035728924,0.3030852994555354,0.1368491321762349,0.219600725952813,0.1488203266787658,0.3702359346642468,0.0153676003999999,0.5939379866941041,-0.1415369979586029,0.4548103046054048,0.2301705085753509,-0.2325798244452546,E037,20211,Consumer Staples,France,16196374528.0,0.0554259691214039,0.1251881585549423,0.7007024586051179,36012000000.0,Centro,23.508053259571106
E037_PERP_2023,Pernod Ricard,2023,alta,0.4289544235924933,0.225201072386059,0.131367292225201,0.010609676,0.0021953022,0.2382397572078907,0.1849865951742627,0.1896813353566009,0.1851289833080424,0.3399089529590288,0.0128049782,0.188488114759688,0.1218459547053785,1.0010399735907465,-0.3061982436450688,-0.3845076604806112,E037,27589,Consumer Staples,France,16196374528.0,0.0600382206178999,0.1439205955334987,0.7552331869949735,37676000000.0,Centro,23.508053259571106
E037_PERP_2024,Pernod Ricard,2024,alta,0.4342331993107409,0.2176909821941413,0.1194715680643308,0.009942634,0.0022932997,0.2476943346508563,0.2113727742676622,0.1949934123847167,0.1818181818181818,0.3438735177865613,0.0122359337,0.0984557176119599,-0.1420047540857238,1.0498057779739065,-0.2279948740674325,-0.8653599403802377,E037,32934,Consumer Staples,France,16196374528.0,0.0376674747990302,0.0937202362054733,0.8646898215759731,39185000000.0,Centro,23.508053259571106
E038_CPR_2022,Davide Campari-Milano,2022,densidad,0.4722222222222222,0.2023809523809523,0.119047619047619,0.0039385054,0.0014075985,0.4878048780487805,0.119047619047619,0.1951219512195122,0.0426829268292682,0.3475609756097561,0.0053461039,-0.991631073199392,-0.1514080696836637,1.4007517849438047,1.7580752256392176,-4.301866153466078,E038,4015,Consumer Staples,Italy,6751561728.0,0.0553588349708243,0.1244301621702413,0.6685972647784172,6015300000.0,Sur,22.63303968218072
E038_CPR_2023,Davide Campari-Milano,2023,densidad,0.4278215223097112,0.2362204724409448,0.1312335958005249,0.0040636286,0.0014401994,0.5043478260869565,0.1968503937007873,0.2434782608695652,0.0565217391304347,0.4260869565217391,0.005503828,-0.9666764715628452,0.1188805281423052,0.990574129749228,1.89490992683421,-3.733280000003978,E038,6455,Consumer Staples,Italy,6751561728.0,0.049508658397747,0.1129837276083686,0.7705114180226993,6675600000.0,Sur,22.63303968218072
E038_CPR_2024,Davide Campari-Milano,2024,alta,0.2553663952627683,0.2023192696767826,0.152726375524303,0.010156314,0.002268251,0.2035087719298245,0.1732050333086602,0.1763157894736842,0.2061403508771929,0.2675438596491228,0.012424565,0.1283003573828254,0.5955967908363976,-0.6025818290032596,-0.5934749721800785,1.9199539494025613,E038,78716,Consumer Staples,Italy,6751561728.0,0.0237643369915009,0.0523092890503373,0.7430202387130255,8483300000.0,Sur,22.63303968218072
E039_NOVO B_2022,Novo Nordisk,2022,densidad,0.3793103448275862,0.1896551724137931,0.1034482758620689,0.005147678,0.0013206835,0.2948717948717949,0.2586206896551724,0.2564102564102564,0.0384615384615384,0.3846153846153846,0.0064683615,-0.814071072276343,-0.4974061527362168,0.5424235134401544,0.1622326511338454,-2.01613338958656,E039,4703,Health Care,Denmark,1273703825408.0,0.2301487625229527,0.6650815705627291,0.3088422010876075,241257000000.0,Nordicos,27.872950169919886
E039_NOVO B_2023,Novo Nordisk,2023,densidad,0.3064516129032258,0.2298387096774193,0.1330645161290322,0.0030324117,7.7543424e-05,0.2435897435897435,0.25,0.2051282051282051,0.0641025641025641,0.3076923076923077,0.0031099551239999,-1.3454273662524616,0.1594908869471746,-0.130651998434008,-0.2619459262063192,-0.7933385546649597,E039,3576,Health Care,Denmark,1273703825408.0,0.2660945161310837,0.7853060688244292,0.2534323063785062,314486000000.0,Nordicos,27.872950169919886
E039_NOVO B_2024,Novo Nordisk,2024,densidad,0.2845622119815668,0.1693548387096774,0.108294930875576,0.0139305005,0.004257168,0.3346613545816733,0.086405529953917,0.0796812749003984,0.1533864541832669,0.2231075697211155,0.0181876685,1.0401201238781703,-0.3899058994278683,-0.3328682509109237,0.491351288333036,0.4917311870281899,E039,12429,Health Care,Denmark,1273703825408.0,0.2168846509030775,0.7038177940705016,0.7163556026371911,465630000000.0,Nordicos,27.872950169919886
E040_CTEC_2022,ConvaTec,2022,densidad,0.2980935875216637,0.2305025996533795,0.1733102253032929,0.01510418,0.0015262963,0.2514285714285714,0.2409012131715771,0.1342857142857142,0.3057142857142857,0.24,0.0166304763,0.7937461643974195,1.0521527163428912,-0.2078641878774425,-0.1971072008128937,2.250870269430647,E040,8606,Health Care,United Kingdom,3944089088.0,0.017511135857461,0.0390756041498415,0.8077281481021308,3592000000.0,UK_Irlanda,22.095483861666985
E040_CTEC_2023,ConvaTec,2023,densidad,0.2812135355892649,0.1971995332555426,0.1353558926487748,0.011153745,0.0014901352,0.2367149758454106,0.2917152858809801,0.1159420289855072,0.217391304347826,0.28743961352657,0.0126438801999999,0.1629997054776286,0.2103143013661191,-0.3638036243015766,-0.3188104456323551,1.0559280767776795,E040,13494,Health Care,United Kingdom,3944089088.0,0.0350863020707111,0.0769776097359248,0.7753293554675962,3713700000.0,UK_Irlanda,22.095483861666985
E040_CTEC_2024,ConvaTec,2024,densidad,0.2169576059850374,0.2094763092269326,0.1571072319201995,0.01613401,0.0018751977,0.173076923076923,0.2759767248545303,0.1217948717948717,0.2884615384615384,0.235042735042735,0.0180092077,1.0118846280234508,0.6927654919207352,-0.9574056753805796,-0.8451914700490444,3.50724726537381,E040,20914,Health Care,United Kingdom,3944089088.0,0.0543385490753911,0.113084665482534,0.7116637063351096,3515000000.0,UK_Irlanda,22.095483861666985
E041_ALC_2022,Alcon,2022,densidad,0.9565217391304348,0.0,0.0,0.0011750881,0.0011750881,0.0,0.0,0.0,0.0,0.0,0.0023501762,-1.4656371527103598,-2.791919756137359,5.874754236452522,-2.2767941685720965,-7.855516976728144,E041,389,Health Care,Switzerland,25965148160.0,0.0114863706497514,0.0170249529908014,0.2575595873354678,29165000000.0,Centro,23.9800210203693
E041_ALC_2023,Alcon,2023,media,0.2619047619047619,0.2142857142857142,0.2142857142857142,0.0048184195,0.0,0.375,0.6428571428571429,0.5,0.0,0.75,0.0048184195,-1.0751196078736758,1.9610012794792928,-0.5421798104922928,0.8250116782278514,0.6030498038700585,E041,495,Health Care,Switzerland,25965148160.0,0.0328898493955561,0.0472265321955003,0.2489817688130333,29614000000.0,Centro,23.9800210203693
E041_ALC_2024,Alcon,2024,densidad_baja,0.1578947368421052,0.0263157894736842,0.0263157894736842,0.007864973,0.0037693083,0.0,0.0263157894736842,0.0,0.0,0.0,0.0116342813,0.0032642030262227,-2.2082276991318057,-1.503033767321664,-2.2767941685720965,1.5748644397881777,E041,519,Health Care,Switzerland,25965148160.0,0.0335453257323623,0.0472762736265267,0.0230808526447777,30347000000.0,Centro,23.9800210203693
E042_QIA_2022,Qiagen,2022,alta,0.2163265306122449,0.1809523809523809,0.1387755102040816,0.005269821,0.0020604876,0.3561643835616438,0.2027210884353741,0.2328767123287671,0.045662100456621,0.4383561643835616,0.0073303086,-0.6776965644346324,0.2861624383572346,-0.9632356063765576,0.6692132110369862,-0.0975117307378263,E042,11081,Health Care,Netherlands,7301353472.0,0.0673073849327301,0.1220820565099458,0.543375071503552,6287735000.0,Centro,22.711325575038266
E042_QIA_2023,Qiagen,2023,alta,0.1861598440545809,0.2056530214424951,0.1695906432748538,0.008724721,0.0022111752,0.2982954545454545,0.2046783625730994,0.1732954545454545,0.1136363636363636,0.3664772727272727,0.0109358962,-0.1072320493499195,0.9696512778984316,-1.2419181672729864,0.1905513913824068,1.9137860044390915,E042,15773,Health Care,Netherlands,7301353472.0,0.0558123296250811,0.089633443669303,0.4023521415717991,6115190000.0,Centro,22.711325575038266
E042_QIA_2024,Qiagen,2024,alta,0.178513731825525,0.1995153473344103,0.1575121163166397,0.008650552,0.001561142,0.272289156626506,0.1260096930533117,0.1228915662650602,0.1301204819277108,0.3132530120481928,0.010211694,-0.2218130005508505,0.7017459485566261,-1.3125536390481731,-0.0245592404539017,1.8170458275078505,E042,21323,Health Care,Netherlands,7301353472.0,0.0146918371730143,0.023432311871678,0.4239969904738518,5689622000.0,Centro,22.711325575038266
E043_LONN_2022,Lonza Group,2022,densidad,0.1549295774647887,0.2816901408450704,0.2464788732394366,0.002408672,0.00041526803,0.18,0.4859154929577465,0.1,0.0,0.54,0.00282394003,-1.3906797578198218,2.675055143985081,-1.5304261760688784,-0.7879273621081216,3.602728924342259,E043,1714,Health Care,Switzerland,34384314368.0,0.0700046093569947,0.1146550910635085,0.2441256959516844,17356000000.0,Centro,24.260866319661915
E043_LONN_2023,Lonza Group,2023,densidad_baja,0.2792792792792792,0.1981981981981982,0.1261261261261261,0.0013470092,0.00047415838,0.2571428571428571,0.6846846846846847,0.4571428571428571,0.0,0.6571428571428571,0.00182116758,-1.5493352012292567,0.0055953278892586,-0.3816724578861494,-0.1498415879092753,-1.0122258275445732,E043,1554,Health Care,Switzerland,34384314368.0,0.0388176638176638,0.069191705459162,0.3313584426576386,16848000000.0,Centro,24.260866319661915
E043_LONN_2024,Lonza Group,2024,densidad_baja,0.2407407407407407,0.25,0.1574074074074074,0.00241107,0.0008899059,0.35,0.7037037037037037,0.325,0.025,0.75,0.0033009759,-1.3152046712465364,0.6994234737291941,-0.7376949395927809,0.6182246217745213,-0.4963108796990827,E043,1305,Health Care,Switzerland,34384314368.0,0.0322302741600364,0.0681818181818181,0.548885077186964,19733000000.0,Centro,24.260866319661915
E044_LDO_2022,Leonardo,2022,densidad,0.5714285714285714,0.1164021164021164,0.0634920634920634,0.013800055,0.0018475084,0.1139240506329113,0.0,0.0886075949367088,0.2025316455696202,0.1392405063291139,0.0156475634,0.6382328353442003,-1.3836468566953883,2.317228952602341,-1.334473404987303,-1.7281695689662262,E044,4628,Industrials,Italy,30580447232.0,0.0324329997900776,0.1290547125156619,0.6422107754420159,28582000000.0,Sur,24.14362666232403
E044_LDO_2023,Leonardo,2023,densidad,0.624113475177305,0.1560283687943262,0.0638297872340425,0.009239319,0.00035772056,0.0769230769230769,-0.0070921985815602,0.1538461538461538,0.2179487179487179,0.1282051282051282,0.00959703956,-0.319061656237171,-1.3761560434004845,2.803936827171641,-1.640526302561851,-2.8586282242474454,E044,3374,Industrials,Italy,30580447232.0,0.0214381129247711,0.0843589743589743,0.6319230769230769,30693000000.0,Sur,24.14362666232403
E044_LDO_2024,Leonardo,2024,alta,0.4406779661016949,0.288135593220339,0.2203389830508474,0.003151519,0.00056497176,0.3333333333333333,0.4576271186440678,0.2222222222222222,0.0,0.3333333333333333,0.00371649076,-1.2494632417163285,2.095264585570159,1.1093431126510225,0.4803665841389681,-0.7439083529361603,E044,1370,Industrials,Italy,30580447232.0,0.0318949900513764,0.1194660734149054,0.5228031145717463,33673000000.0,Sur,24.14362666232403
E045_BOL_2022,Bolloré,2022,densidad_baja,0.0952380952380952,0.4285714285714285,0.3333333333333333,0.0026549818,0.0004810005,0.0,0.4285714285714285,0.0909090909090909,0.0,0.3636363636363636,0.0031359823,-1.3413094298761927,4.601512965932988,-2.0818614521586345,-2.2767941685720965,7.618859156787527,E045,399,Industrials,France,15159518208.0,0.0594055945888803,0.1461060448485994,0.2932606771124309,57230300000.0,Centro,23.441894436180693
E045_BOL_2023,Bolloré,2023,densidad,0.3517006802721088,0.1659863945578231,0.1054421768707483,0.010203752,0.0026436609,0.3240611961057024,0.2244897959183673,0.2698191933240612,0.1363004172461752,0.3616133518776078,0.0128474129,0.1952019970013135,-0.4531808338498,0.287362951548348,0.4036722655656425,-0.9490140539624772,E045,25192,Industrials,France,15159518208.0,0.0042454888716012,0.0116358183858931,0.3213696029954107,63243600000.0,Centro,23.441894436180693
E045_BOL_2024,Bolloré,2024,densidad,0.3061904761904762,0.1761904761904762,0.1219047619047619,0.009228656,0.0024338234,0.2595419847328244,0.0985714285714285,0.1666666666666666,0.2022900763358778,0.1984732824427481,0.0116624794,0.0077256160405147,-0.0880357892087748,-0.1330644028495222,-0.129997246613863,0.1827514762951251,E045,35744,Industrials,France,15159518208.0,0.0658585683359896,0.0716096150143234,0.0155534684863465,27669900000.0,Centro,23.441894436180693
E046_SGSN_2022,SGS S.A.,2022,densidad,0.2315175097276264,0.1848249027237354,0.1342412451361867,0.013813907,0.0021681648,0.1648351648351648,0.0642023346303501,0.0989010989010989,0.2032967032967033,0.2032967032967033,0.0159820718,0.6911576823782212,0.1855910871866913,-0.822899976399219,-0.9133630271215702,2.6130117730857014,E046,10401,Industrials,Switzerland,17302247424.0,0.0825610783487784,0.8621700879765396,6.519061583577713,7122000000.0,Centro,23.57410223891445
E046_SGSN_2023,SGS S.A.,2023,densidad,0.3234750462107209,0.1571164510166358,0.1072088724584103,0.0114617,0.0025395323,0.2473684210526315,0.0961182994454713,0.1,0.2105263157894736,0.2052631578947368,0.0140012323,0.377755604772855,-0.4139949989465265,0.0266120080160808,-0.2306906626128334,0.1678392604230811,E046,10298,Industrials,Switzerland,17302247424.0,0.0817926342257062,1.2047930283224402,9.603485838779957,6761000000.0,Centro,23.57410223891445
E046_SGSN_2024,SGS S.A.,2024,densidad,0.2494845360824742,0.2061855670103092,0.1546391752577319,0.011765553,0.0028794263,0.2486187845303867,0.1670103092783505,0.1381215469613259,0.1767955801104972,0.3204419889502762,0.0146449793,0.4796071920681515,0.6380232592561013,-0.6569189725958524,-0.2203483032903635,1.9948977272104689,E046,8978,Industrials,Switzerland,17302247424.0,0.0860868276781745,0.7289836888331243,4.868255959849435,6749000000.0,Centro,23.57410223891445
E047_SAF_2022,Safran,2022,densidad,0.4684147794994041,0.2133492252681764,0.0977353992848629,0.009319013,0.0021666323,0.4387464387464387,0.2085816448152562,0.2022792022792023,0.0541310541310541,0.3618233618233618,0.0114856453,-0.0202525085533633,-0.62411945860541,1.3655782869716897,1.3522892153381936,-3.3622394694686566,E047,14302,Industrials,France,122639482880.0,-0.0525113180148629,-0.2361924887138603,0.6674671021035443,46828000000.0,Centro,25.53251485493226
E047_SAF_2023,Safran,2023,densidad,0.4727891156462585,0.2074829931972789,0.0941043083900226,0.0072010537,0.0015901995,0.4523809523809524,0.2018140589569161,0.2619047619047619,0.0687830687830687,0.3941798941798942,0.0087912532,-0.4465505917769081,-0.7046581373215807,1.4059887973304253,1.4650668529643485,-4.022264379393262,E047,14678,Industrials,France,122639482880.0,0.0682412617896488,0.2974863954392329,0.5685410728167919,50468000000.0,Centro,25.53251485493226
E047_SAF_2024,Safran,2024,densidad,0.3867265469061876,0.1746506986027944,0.0948103792415169,0.00942958,0.0021618921,0.3017429193899782,0.092814371257485,0.1427015250544662,0.1514161220043573,0.247276688453159,0.0115914721,-0.003508931405226,-0.688997275308967,0.6109350545880168,0.2190670356794229,-1.5225082969816328,E047,35613,Industrials,France,122639482880.0,-0.0121246273540318,-0.0655463836477987,0.4970518867924528,55012000000.0,Centro,25.53251485493226
E048_CS_2022,AXA,2022,alta,0.4130052724077329,0.18804920913884,0.0887521968365553,0.010208979,0.0015182748,0.245045045045045,0.1933216168717047,0.1603603603603603,0.2018018018018018,0.2990990990990991,0.0117272538,0.017974014023108,-0.8233695673963088,0.8537002819147269,-0.2499084260385572,-1.4091874092493704,E048,22107,Financials,France,82121351168.0,0.0079281655875944,0.1098498003125542,1.381706893557909,638357000000.0,Centro,25.13146388254191
E048_CS_2023,AXA,2023,alta,0.3565217391304348,0.1826086956521739,0.1051383399209486,0.023558166,0.0055332594,0.2037914691943128,0.0450592885375494,0.1196682464454976,0.259478672985782,0.2369668246445497,0.0290914254,2.765277596840439,-0.4599200279902692,0.3319003264536923,-0.5911366467724408,2.5645938891689184,E048,52428,Financials,France,82121351168.0,0.0111563739069034,0.1450009076423485,1.2075677202041186,644385000000.0,Centro,25.13146388254191
E048_CS_2024,AXA,2024,alta,0.3774625689519306,0.231284475965327,0.1406619385342789,0.012013519,0.0020768836,0.1959183673469387,0.1016548463356974,0.0889795918367346,0.2114285714285714,0.2138775510204081,0.0140904026,0.3918638438708202,0.3280039811901991,0.5253535938781897,-0.6562588690194713,0.8507731002023009,E048,49041,Financials,France,82121351168.0,0.0120624936903643,0.1579000060068478,1.2504254850529604,653762000000.0,Centro,25.13146388254191
E049_TLX_2022,Talanx,2022,densidad,0.2077294685990338,0.1980676328502415,0.1642512077294686,0.017844753,0.0012557097,0.1472868217054263,0.1545893719806763,0.1317829457364341,0.1627906976744186,0.2558139534883721,0.0191004627,1.1845394969299137,0.8512210054625226,-1.0426560377006069,-1.0585138359788355,4.136930376071879,E049,3366,Financials,Germany,27811262464.0,0.0044548489074262,0.0817129629629629,1.103587962962963,158479000000.0,Centro,24.048706900206504
E049_TLX_2023,Talanx,2023,densidad,0.1948717948717948,0.1666666666666666,0.1269230769230769,0.010385819,0.0014598464,0.1642857142857142,0.1243589743589743,0.0678571428571428,0.1821428571428571,0.2035714285714285,0.0118456654,0.0367087178961757,0.0232719341894269,-1.1614363828547996,-0.9179077975930724,2.139324832533475,E049,12130,Financials,Germany,27811262464.0,0.0093813974187805,0.1513353115727003,0.8715420694936346,168525000000.0,Centro,24.048706900206504
E049_TLX_2024,Talanx,2024,alta,0.2960199004975124,0.1455223880597015,0.0926616915422885,0.016643686,0.0027758763,0.1864077669902912,0.0833333333333333,0.0961165048543689,0.2485436893203883,0.1378640776699029,0.0194195623,1.235026413009203,-0.7366558091439231,-0.2270210949273276,-0.7349256311336763,1.4603173299262835,E049,52143,Financials,Germany,27811262464.0,0.0109578259495951,0.1695394906097247,0.7536231884057971,180419000000.0,Centro,24.048706900206504
E050_AV_2022,Aviva,2022,densidad,0.2377622377622377,0.2395104895104895,0.1748251748251748,0.024326682,0.0024199286,0.2234042553191489,0.18006993006993,0.1436170212765957,0.2180851063829787,0.4095744680851064,0.0267466105999999,2.39428851371694,1.085754748444991,-0.7652106177266781,-0.4289098343082981,4.674163714196907,E050,7841,Financials,United Kingdom,18899560448.0,-0.0033948892542549,-0.1061187399030694,0.8148222940226171,309583000000.0,UK_Irlanda,23.66240450202199
E050_AV_2023,Aviva,2023,densidad,0.3061889250814332,0.2231270358306188,0.1368078175895765,0.00841238,0.0009554677,0.396078431372549,0.2866449511400651,0.3372549019607843,0.1176470588235294,0.4431372549019607,0.0093678477,-0.3553236578250016,0.2425184294680605,-0.133078732134228,0.9993615493551684,-0.9790880455778816,E050,8154,Financials,United Kingdom,18899560448.0,0.003299446848496,0.116892911010558,0.7936867054514113,328843000000.0,UK_Irlanda,23.66240450202199
E050_AV_2024,Aviva,2024,alta,0.2864077669902912,0.203883495145631,0.1310679611650485,0.011935304,0.0004970386,0.2777777777777778,0.2499999999999999,0.25,0.125,0.3564814814814814,0.0124323426,0.129530904329604,0.1152067025407872,-0.3158188479172137,0.0208397920204575,0.5397166627671475,E050,5783,Financials,United Kingdom,18899560448.0,0.0019300164178556,0.0822396146899458,0.8291390728476821,353883000000.0,UK_Irlanda,23.66240450202199
E051_TRYG_2022,Tryg,2022,densidad,0.2692307692307692,0.2692307692307692,0.1634615384615384,0.008583361,0.0034972392,0.1833333333333333,0.3461538461538461,0.3166666666666666,0.0833333333333333,0.4,0.0120806002,0.0738793490461507,0.8337059056471384,-0.4745014965728934,-0.7603557545810112,2.142442505847194,E051,1553,Financials,Denmark,91827863552.0,0.0198170866148676,0.0528705882352941,0.2653882352941176,113387000000.0,Nordicos,25.243181613050194
E051_TRYG_2023,Tryg,2023,densidad,0.3208868144690782,0.1435239206534422,0.0910151691948658,0.009725304,0.0012981386,0.2222222222222222,0.0945157526254375,0.1111111111111111,0.15,0.2166666666666666,0.0110234426,-0.0933807385057695,-0.7731761657470893,0.0027016906341687,-0.4386870000980534,-0.430571594788974,E051,12067,Financials,Denmark,91827863552.0,0.0335930582610235,0.0940295918114451,0.2333886837344172,112940000000.0,Nordicos,25.243181613050194
E051_TRYG_2024,Tryg,2024,densidad,0.2638603696098562,0.2217659137577002,0.150924024640657,0.011402702,0.0011932165,0.2941176470588235,0.1211498973305954,0.1063348416289592,0.2420814479638009,0.2624434389140271,0.0125959185,0.1554113590086266,0.5556201108369972,-0.5241137308012828,0.1559947308788425,1.0791504697680645,E051,14646,Financials,Denmark,91827863552.0,0.0461408752970031,0.1239224969765586,0.1702647762653423,104376000000.0,Nordicos,25.243181613050194
E052_ZURN_2022,Zurich Insurance Group,2022,alta,0.3515269655620532,0.1864847303443794,0.1078622482131254,0.017085206,0.0015646438,0.1893265565438373,0.2066276803118908,0.1715374841168996,0.3634053367217281,0.2096569250317662,0.0186498498,1.1132449679911585,-0.3995029298923735,0.2857581594485884,-0.7107829151262954,1.138766793776492,E052,24073,Financials,Switzerland,85110603776.0,0.0118183010744994,0.1543433399524977,0.6118833469610248,335412000000.0,Centro,25.167217468476622
E052_ZURN_2023,Zurich Insurance Group,2023,alta,0.3718097447795823,0.2053364269141531,0.1258700696055684,0.017631738,0.0020550296,0.1963677639046538,0.238399071925754,0.1782065834279228,0.3507377979568672,0.2531214528944381,0.0196867676,1.2773027792504683,-8.408208411274342e-05,0.4731322962677952,-0.6525416933654647,1.456628094264025,E052,28163,Financials,Switzerland,85110603776.0,0.0120398913061524,0.1750201126307321,0.6216814159292036,361382000000.0,Centro,25.167217468476622
E052_ZURN_2024,Zurich Insurance Group,2024,alta,0.3583547557840617,0.2159383033419023,0.1280205655526992,0.014778489,0.0014914,0.255533199195171,0.2344473007712082,0.1639839034205231,0.2967806841046277,0.2917505030181087,0.016269889,0.7366951973816117,0.047614559228476,0.3488338989964402,-0.1631558450652243,0.5986317026788718,E052,30718,Financials,Switzerland,85110603776.0,0.0162399966480915,0.2282506281407035,0.566425879396985,358005000000.0,Centro,25.167217468476622
E053_VPLAY B_2022,Viaplay,2022,densidad,0.2728426395939086,0.2233502538071066,0.1535532994923857,0.004023332,0.0010237317,0.3045267489711934,0.2258883248730964,0.1563786008230452,0.0452674897119341,0.3868312757201646,0.0050470637,-1.0389442552959345,0.6139382110092602,-0.4411347136316663,0.2420934326701108,-0.2259647633251187,E053,12597,Communication Services,Sweden,7712223744.0,0.0147738187805882,0.0362514029180695,0.4952861952861953,21863000000.0,Nordicos,22.766072406281936
E053_VPLAY B_2023,Viaplay,2023,alta,0.2683780630105017,0.2263710618436406,0.1715285880980163,0.008146523,0.0013158309,0.2447129909365558,0.1621936989498249,0.0694864048338368,0.1148036253776435,0.3172205438066465,0.0094623539,-0.3403711897292332,1.012635471905842,-0.4823788732513764,-0.252655005705666,1.4072981611336512,E053,13059,Communication Services,Sweden,7712223744.0,-0.494344981488056,8.942201834862386,-7.019266055045872,19717000000.0,Nordicos,22.766072406281936
E053_VPLAY B_2024,Viaplay,2024,alta,0.3429355281207133,0.242798353909465,0.1481481481481481,0.00997863,0.0011404969,0.1692307692307692,0.1042524005486968,0.0423076923076923,0.1269230769230769,0.25,0.0111191269,-0.0782418752035106,0.494050342560573,0.2063896884248526,-0.8770048633495561,1.0864236422817657,E053,11833,Communication Services,Sweden,7712223744.0,0.0062893081761006,0.0288278487897742,0.6619526788142508,16854000000.0,Nordicos,22.766072406281936
E054_ONT_2022,Ontex,2022,densidad,0.3722334004024145,0.1287726358148893,0.062374245472837,0.009347113,0.0013888038,0.3816793893129771,0.0663983903420523,0.1335877862595419,0.1374045801526717,0.2938931297709923,0.0107359168,-0.138872149135023,-1.408440393657395,0.4770460649769754,0.8802601284253061,-2.9046187361946996,E054,7462,Consumer Staples,Belgium,211692480.0,-0.1003154574132492,-0.3148514851485148,1.2080372743156669,2694500000.0,Centro,19.17064521350913
E054_ONT_2023,Ontex,2023,alta,0.3098591549295774,0.170020120724346,0.1237424547283702,0.009721715,0.0018049404,0.2061224489795918,0.1539235412474849,0.1122448979591836,0.1224489795918367,0.2755102040816326,0.0115266554,-0.0137640219582585,-0.0472752144432359,-0.0991728190269272,-0.5718559888344383,0.6099895714598711,E054,15630,Consumer Staples,Belgium,211692480.0,0.0147351484100436,0.038580931263858,0.9013303769401332,2361700000.0,Centro,19.17064521350913
E054_ONT_2024,Ontex,2024,alta,0.2557565789473684,0.1907894736842105,0.1282894736842105,0.011922061,0.0014336638,0.1814058956916099,0.1669407894736842,0.1111111111111111,0.1609977324263038,0.2494331065759637,0.0133557248,0.2756254768095113,0.0535790217647156,-0.5989772770669207,-0.7762985208381844,1.704480296479332,E054,21288,Consumer Staples,Belgium,211692480.0,0.0043632974667457,0.0111267149184401,0.7780058334233553,2360600000.0,Centro,19.17064521350913
E055_ULVR_2022,Unilever,2022,alta,0.2748618784530386,0.1540055248618784,0.098756906077348,0.010685144,0.0037121305,0.15527950310559,0.1001381215469613,0.1180124223602484,0.1490683229813664,0.2795031055900621,0.0143972745,0.4404161324427649,-0.6014621333692797,-0.4224808036224156,-0.9924025135824708,1.2538373162783716,E055,22708,Consumer Staples,United Kingdom,92093358080.0,0.0981997147299572,0.4017664686399242,1.4951369538930657,77821000000.0,UK_Irlanda,25.246068661211936
E055_ULVR_2023,Unilever,2023,media,0.5,0.1111111111111111,0.0555555555555555,0.0047726794,0.0018959437,0.4473684210526316,0.0222222222222222,0.1052631578947368,0.0,0.1578947368421052,0.0066686231,-0.7823863237116185,-1.5596809691256348,1.657365391888195,1.4236057890138063,-5.423038473739255,E055,1658,Consumer Staples,United Kingdom,92093358080.0,0.0861876544522095,0.358358192464921,1.5795492210805435,75266000000.0,UK_Irlanda,25.246068661211936
E055_ULVR_2024,Unilever,2024,alta,0.2659176029962546,0.1198501872659176,0.0917602996254681,0.018463263,0.004321909,0.2416666666666666,0.0730337078651685,0.2166666666666666,0.275,0.3833333333333333,0.022785172,1.7675223938237878,-0.7566489506236118,-0.5051088239353186,-0.277852622856575,1.7938348899920695,E055,8244,Consumer Staples,United Kingdom,92093358080.0,0.0720250783699059,0.2873436718359179,1.5335167583791895,79750000000.0,UK_Irlanda,25.246068661211936
E056_DIA_2023,Dia,2023,densidad,0.3023952095808383,0.2035928143712574,0.1377245508982036,0.0128983725,0.0023885432,0.3230769230769231,0.0628742514970059,0.2076923076923077,0.1692307692307692,0.4384615384615384,0.0152869157,0.5811723120339588,0.2628518475923055,-0.1681254167940543,0.3955308686709356,0.616618707749383,E056,5811,Consumer Staples,Spain,2273777408.0,-0.0115105230204751,0.7436496422160475,-23.703002434406276,2627335000.0,Sur,21.544708341819614
E056_DIA_2024,Dia,2024,densidad_baja,0.2083333333333333,0.1944444444444444,0.1805555555555555,0.026667116,0.011454647,0.0769230769230769,-0.1388888888888889,0.0,0.8461538461538461,0.0769230769230769,0.038121763,4.1940286719870405,1.212856301650746,-1.0370774810279026,-1.640526302561851,8.08448875722754,E056,1238,Consumer Staples,Spain,2273777408.0,-0.0263504931180231,-2.0042205222896334,32.43504352413611,2306750000.0,Sur,21.544708341819614
E057_COLR_2022,Colruyt,2022,densidad,0.431578947368421,0.16,0.0863157894736842,0.002869235,0.0011518956,0.5622641509433962,0.2105263157894737,0.4075471698113208,0.0150943396226415,0.5773584905660377,0.0040211306,-1.201264102524402,-0.8774098091591429,1.0252855600462234,2.37396378034053,-5.477923252070298,E057,6496,Consumer Staples,Belgium,3927088896.0,0.0511792788941142,0.1166890053206612,0.4064416554973397,5613600000.0,Centro,22.091164249413644
E057_COLR_2023,Colruyt,2023,densidad,0.410204081632653,0.1612244897959183,0.0816326530612244,0.004852534,0.00202287,0.5723905723905723,0.1999999999999999,0.4074074074074074,0.0437710437710437,0.5993265993265994,0.006875404,-0.7496701123935852,-0.9812831711405396,0.8278226298475537,2.4577242956792262,-5.016500209060904,E057,5746,Consumer Staples,Belgium,3927088896.0,0.0326306200793805,0.0799107676373341,0.5398159582520018,6147600000.0,Centro,22.091164249413644
E057_COLR_2024,Colruyt,2024,densidad,0.4155251141552511,0.1415525114155251,0.069634703196347,0.0045260536,0.0011982766,0.4821428571428571,0.1666666666666666,0.3234126984126984,0.0317460317460317,0.4682539682539682,0.0057243302,-0.9317893201320736,-1.247401276526773,0.8769788063860765,1.7112419201706932,-4.767411323215616,E057,10861,Consumer Staples,Belgium,3927088896.0,0.1599251278305332,0.33113813965213,0.3208343836652382,6571200000.0,Centro,22.091164249413644
E058_SGRO_2022,Segro,2022,densidad,0.3648648648648648,0.1846846846846846,0.1261261261261261,0.019529514,0.0013984573,0.390728476821192,0.2207207207207207,0.1655629139072847,0.23841059602649,0.2649006622516556,0.0209279713,1.4736820509236488,0.0055953278892586,0.4089748716181883,0.9551094952018,0.115193011992919,E058,4100,Real Estate,United Kingdom,9707298816.0,-0.1110790869264468,-0.1694363844192385,0.436208564143146,17348000000.0,UK_Irlanda,22.99614389476095
E058_SGRO_2023,Segro,2023,densidad,0.3783783783783784,0.1729729729729729,0.1027027027027027,0.021202277,0.0010852596,0.3714285714285714,0.1783783783783784,0.1714285714285714,0.2428571428571428,0.2428571428571428,0.0222875365999999,1.688788115630134,-0.5139431877156844,0.5338139236451892,0.7954706701630896,-0.154439665893829,E058,3383,Real Estate,United Kingdom,9707298816.0,-0.0146192072113717,-0.0232024944974321,0.4973404255319149,17306000000.0,UK_Irlanda,22.99614389476095
E058_SGRO_2024,Segro,2024,densidad,0.2935779816513761,0.1743119266055046,0.1131498470948012,0.019828543,0.0032309769,0.28,0.0825688073394495,0.1,0.2866666666666667,0.2266666666666666,0.0230595199,1.8109288393468448,-0.2822224101134797,-0.2495797606343379,0.039220863705198,1.7390653261625046,E058,5794,Real Estate,United Kingdom,9707298816.0,0.0337999317173096,0.0492986969873018,0.3881649929454726,17574000000.0,UK_Irlanda,22.99614389476095
E059_MRL_2022,Merlin Properties,2022,densidad,0.5622489959839357,0.1365461847389558,0.0562248995983935,0.002300696,0.00030892802,0.5639810426540285,0.1566265060240963,0.1516587677725118,0.0284360189573459,0.3127962085308057,0.00260962402,-1.4245881500939523,-1.5448347186797102,2.2324272098599613,2.3881650196641604,-7.590015098297785,E059,3752,Real Estate,Spain,9379194880.0,0.0218302593962917,0.0384112127154842,0.6204032748819428,12051483000.0,Sur,22.961759762591925
E059_MRL_2023,Merlin Properties,2023,densidad,0.5256410256410257,0.1282051282051282,0.0726495726495726,0.0018767408,0.0003287311,0.5652173913043478,0.1153846153846153,0.1304347826086956,0.038647342995169,0.2850241545893719,0.0022054719,-1.4885318033160395,-1.180530573122027,1.894239490606094,2.3983914555901436,-6.9616933226343045,E059,3588,Real Estate,Spain,9379194880.0,-0.0069203610220986,-0.0127690036363147,0.6918314284150053,12065411000.0,Sur,22.961759762591925
E059_MRL_2024,Merlin Properties,2024,densidad,0.5324675324675324,0.1298701298701298,0.0692640692640692,0.0015833316,0.00033300035,0.5435897435897435,0.1038961038961038,0.1025641025641025,0.041025641025641,0.2307692307692307,0.00191633195,-1.5342785995853547,-1.2556220476552091,1.9573033740309884,2.2194987512336395,-6.966702772505191,E059,3627,Real Estate,Spain,9379194880.0,0.0210829102334872,0.0378295902668718,0.6562417177488808,13459195000.0,Sur,22.961759762591925
E060_GFC_2022,Gecina,2022,densidad,0.4033264033264033,0.1663201663201663,0.0914760914760914,0.007293651,0.001744325,0.2091836734693877,0.1933471933471933,0.2142857142857142,0.0714285714285714,0.3520408163265306,0.009037976,-0.4075149010444621,-0.7629527721180537,0.7642860196950366,-0.5465351247789287,-1.3882185680786236,E060,9472,Real Estate,France,5395877888.0,0.0082011875600854,0.0132930832352713,0.5704493512544567,20677859000.0,Centro,22.408901144939488
E060_GFC_2023,Gecina,2023,alta,0.4264538198403649,0.1630558722919042,0.0786773090079817,0.008318721,0.0023298324,0.2469879518072289,0.0524515393386545,0.072289156626506,0.1626506024096385,0.1144578313253012,0.0106485534,-0.1526945063056411,-1.0468335834252018,0.9779391714493422,-0.2338377072259462,-1.943629553954239,E060,19169,Real Estate,France,5395877888.0,-0.1012640555280119,-0.1688771994179581,0.6079672349597831,17648750000.0,Centro,22.408901144939488
E060_GFC_2024,Gecina,2024,densidad,0.4540682414698163,0.1968503937007874,0.0839895013123359,0.006542499,0.0013976375,0.4617067833698031,0.2112860892388451,0.2713347921225383,0.1094091903719912,0.3457330415754923,0.0079401365,-0.5812115484392844,-0.929007574198374,1.2330436796179436,1.5422052985309758,-4.285468100786578,E060,13371,Real Estate,France,5395877888.0,0.0172878420142283,0.0294844123239385,0.6436651579403448,17917968000.0,Centro,22.408901144939488
E061_CAST_2022,Castellum,2022,densidad,0.3223374175306315,0.1564561734213006,0.1017907634307257,0.0094857495,0.0012761385,0.3423913043478261,0.05937794533459,0.1213768115942029,0.1195652173913043,0.2246376811594203,0.0107618879999999,-0.1347630691020853,-0.5341702726776113,0.0161024920534804,0.55528943068003,-1.2403252645132072,E061,13983,Real Estate,Sweden,58012315648.0,0.0097367732889707,0.0221566666244634,0.993125102870238,179731000000.0,Nordicos,24.78392116371077
E061_CAST_2023,Castellum,2023,densidad,0.3008,0.1992,0.1448,0.009375657,0.0011218218,0.3388888888888889,0.0776,0.1375,0.15,0.2902777777777778,0.0104974788,-0.1765970453621367,0.4197874183300001,-0.1828621062314163,0.5263192633508195,-0.1002667841515397,E061,16579,Real Estate,Sweden,58012315648.0,-0.0727519204699503,-0.1502001891755315,0.8177565855112274,159336000000.0,Nordicos,24.78392116371077
E061_CAST_2024,Castellum,2024,densidad,0.2521246458923513,0.1678470254957507,0.1196883852691218,0.012035571,0.0016549095,0.2997311827956989,0.0786118980169971,0.1290322580645161,0.1424731182795699,0.2513440860215054,0.0136904805,0.328589450856999,-0.1371956838358957,-0.6325294009583469,0.2024269921318041,0.621496175847646,E061,19414,Real Estate,Sweden,58012315648.0,0.0149310460600916,0.0297698739485184,0.7590496880288984,157859000000.0,Nordicos,24.78392116371077
E062_DHER_2022,Delivery Hero,2022,densidad,0.56,0.08,0.08,0.00537506,0.0,0.1428571428571428,0.0,0.0,0.0,0.1428571428571428,0.00537506,-0.9870497318542962,-1.0174959028404758,2.2116507828880785,-1.0951538459816408,-3.121042571601209,E062,485,Consumer Discretionary,Germany,11584992256.0,-0.2339310430630939,-0.8087749012017098,1.528241524854155,12860200000.0,Centro,23.172976326379946
E062_DHER_2023,Delivery Hero,2023,densidad,0.2157996146435452,0.1502890173410404,0.1156069364161849,0.004684589,0.0011505983,0.2884615384615384,0.1368015414258188,0.1538461538461538,0.048076923076923,0.3365384615384615,0.0058351873,-0.914249865038763,-0.227723436344175,-0.9681033034388036,0.1092103289663242,-0.2830803269104586,E062,7025,Consumer Discretionary,Germany,11584992256.0,-0.2190640553786304,-1.3894768672512852,3.4125793770789237,10487800000.0,Centro,23.172976326379946
E062_DHER_2024,Delivery Hero,2024,densidad,0.2196679438058748,0.1468710089399744,0.1123882503192848,0.0077200425,0.0012315444,0.3069767441860465,0.231162196679438,0.3302325581395349,0.1116279069767441,0.4372093023255814,0.0089515868999999,-0.4211831075914629,-0.2991148536768588,-0.9323673310678354,0.2623585246222791,-0.0502891548227655,E062,11053,Consumer Discretionary,Germany,11584992256.0,-0.0710444108080255,-0.3403927014620221,2.1862438760945877,12420400000.0,Centro,23.172976326379946
E063_TPK_2022,Travis Perkins,2022,densidad,0.2824675324675325,0.2175324675324675,0.1266233766233766,0.0028192804,0.00033203218,0.277027027027027,0.422077922077922,0.2567567567567567,0.0202702702702702,0.4594594594594595,0.00315131258,-1.338883922104224,0.0166244921815713,-0.3522190884685234,0.0146299705053419,-0.9846703119594714,E063,4443,Consumer Discretionary,United Kingdom,1154529152.0,0.0464655255777971,0.0914280277804205,0.5014746456093616,4136400000.0,UK_Irlanda,20.866958437197933
E063_TPK_2023,Travis Perkins,2023,densidad,0.2633587786259542,0.2442748091603053,0.1412213740458015,0.002745461,0.0002245173,0.3064516129032258,0.3549618320610687,0.2580645161290322,0.0403225806451612,0.5241935483870968,0.0029699783,-1.3675740507557748,0.3404124276405366,-0.528747473378519,0.2580149105332373,-0.7564290602699564,E063,3463,Consumer Discretionary,United Kingdom,1154529152.0,0.0094646627748105,0.0186737244522864,0.5163456354457677,4025500000.0,UK_Irlanda,20.866958437197933
E063_TPK_2024,Travis Perkins,2024,densidad,0.2548262548262548,0.2664092664092664,0.1969111969111969,0.025497688,0.0020346087,0.1743589743589743,0.0308880308880309,0.1025641025641025,0.4615384615384615,0.1538461538461538,0.0275322967,2.518597250535677,1.5756293036184834,-0.6075716948873886,-0.8345870056155401,5.536385254657088,E063,4360,Consumer Discretionary,United Kingdom,1154529152.0,-0.0192002381424885,-0.0392077402360569,0.5519477230130186,4031200000.0,UK_Irlanda,20.866958437197933
E064_HMB_2022,H&M,2022,alta,0.292817679558011,0.1795580110497237,0.1298342541436464,0.008207039,0.0009688501,0.2982456140350877,0.1767955801104972,0.175438596491228,0.1111111111111111,0.3684210526315789,0.0091758891,-0.3856947323387206,0.0878427129563398,-0.2566034996859867,0.1901391364851718,-0.2313876561815659,E064,5257,Consumer Discretionary,Sweden,27546497024.0,0.0195882404640534,0.0702563193254132,1.4310341430738618,182048000000.0,Nordicos,24.039141214697054
E064_HMB_2023,H&M,2023,densidad,0.2389078498293515,0.1587030716723549,0.1160409556313993,0.01522109,0.0038626008,0.2352941176470588,0.1450511945392491,0.2039215686274509,0.192156862745098,0.3215686274509804,0.0190836908,1.181885900661569,-0.2180967607408557,-0.754627350517439,-0.3305630490113452,2.0489795394494976,E064,8392,Consumer Discretionary,Sweden,27546497024.0,0.048242154099066,0.1843847516235135,1.6439655899468668,181273000000.0,Nordicos,24.039141214697054
E064_HMB_2024,H&M,2024,alta,0.1979661016949152,0.2027118644067796,0.16,0.009427471,0.0022208118,0.2823834196891192,0.1905084745762711,0.1891191709844559,0.1645077720207254,0.3536269430051813,0.0116482828,0.0054794754849914,0.7569279504564079,-1.1328508983993515,0.0589352773774324,1.8363230469633185,E064,21452,Consumer Discretionary,Sweden,27546497024.0,0.0644844462694352,0.2518529755970699,1.667764726279745,180214000000.0,Nordicos,24.039141214697054
E065_MKS_2022,Marks & Spencer,2022,densidad,0.350210970464135,0.3122362869198312,0.189873417721519,0.01566579,0.0021573643,0.2838709677419355,0.2953586497890295,0.1096774193548387,0.2387096774193548,0.2903225806451613,0.0178231542999999,0.9824478553290736,1.419529262763472,0.2736008784918627,0.0712395047044231,2.05713673489626,E065,3688,Consumer Discretionary,United Kingdom,7091512832.0,0.0324671198932587,0.1052270309228815,1.3069979750832277,9443400000.0,UK_Irlanda,22.682164530187535
E065_MKS_2023,Marks & Spencer,2023,densidad,0.3873626373626374,0.2664835164835165,0.1181318681318681,0.030486131,0.0011754228,0.2073170731707317,0.206043956043956,0.1097560975609756,0.2723577235772357,0.3089430894308943,0.0316615538,3.1719150756834025,-0.1717196980409997,0.6168113153774258,-0.561974676032288,2.9453587382972652,E065,5538,Consumer Discretionary,United Kingdom,7091512832.0,0.039943722658225,0.1357794051711253,1.355552234344642,9097800000.0,UK_Irlanda,22.682164530187535
E065_MKS_2024,Marks & Spencer,2024,densidad,0.3004587155963302,0.2706422018348624,0.1330275229357798,0.02794217,0.0010655379,0.2625482625482625,0.1834862385321101,0.1081081081081081,0.2471042471042471,0.3281853281853282,0.0290077079,2.7520320822836433,0.1586703668907155,-0.1860149222169206,-0.1051308730004472,3.201848244391727,E065,6356,Consumer Discretionary,United Kingdom,7091512832.0,0.0496648314943217,0.1523029104266742,1.1066685504379767,8682200000.0,UK_Irlanda,22.682164530187535
E066_JD_2022,JD Sports,2022,densidad,0.3569739952718676,0.2174940898345153,0.1016548463356974,0.010541541,0.0008212924,0.3372093023255814,0.3522458628841607,0.1627906976744186,0.1017441860465116,0.3343023255813953,0.0113628334,-0.0396834137905935,-0.5371849543712249,0.3360783093234623,0.5124265928914223,-1.4253732703767032,E066,5641,Consumer Discretionary,United Kingdom,3823118848.0,,,,,UK_Irlanda,22.064332378804995
E066_JD_2023,JD Sports,2023,densidad,0.3349358974358974,0.2211538461538461,0.110576923076923,0.012194163,0.00042786472,0.3333333333333333,0.344551282051282,0.1838383838383838,0.1171717171717171,0.3717171717171717,0.01262202772,0.1595422761236454,-0.3392906319890227,0.1324883813917219,0.4803665841389681,-0.7926033213960673,E066,8911,Consumer Discretionary,United Kingdom,3823118848.0,0.0232165314526668,0.0889424212365972,1.1795380473288932,8110600000.0,UK_Irlanda,22.064332378804995
E066_JD_2024,JD Sports,2024,densidad,0.3623853211009174,0.1903669724770642,0.1169724770642201,0.017720822,0.0016301583,0.2523364485981308,0.2041284403669724,0.1308411214953271,0.2118380062305296,0.2803738317757009,0.0193509803,1.224175588756995,-0.1974353376126728,0.3860686235398395,-0.1895977109123187,0.8302693385168014,E066,6736,Consumer Discretionary,United Kingdom,3823118848.0,0.0669731610337972,0.2193732193732193,1.063899063899064,8048000000.0,UK_Irlanda,22.064332378804995
E067_MELE_2022,Melexis,2022,alta,0.2133131618759455,0.1437216338880484,0.1210287443267776,0.0068256655,0.0024463725,0.1696969696969697,0.1709531013615733,0.1696969696969697,0.0727272727272727,0.2303030303030303,0.009272038,-0.3704823615133858,-0.1074661202873085,-0.9910733775136664,-0.8731486944646453,1.386273590177617,E067,8302,Technology,Belgium,3213180160.0,0.3397819057744717,0.4089601525128812,0.0088135374564612,580232969.0,Centro,21.890526987714807
E067_MELE_2023,Melexis,2023,alta,0.2272069464544139,0.1548480463096961,0.1316931982633864,0.006704896,0.0020445283,0.2475247524752475,0.1837916063675832,0.1584158415841584,0.0643564356435643,0.2227722772277227,0.0087494243,-0.453168626283968,0.1290746478064977,-0.8627213472212585,-0.2293975700242764,0.7680249387680645,E067,8623,Technology,Belgium,3213180160.0,0.2418519288410459,0.3801052430233612,0.3414750759171523,866081139.0,Centro,21.890526987714807
E067_MELE_2024,Melexis,2024,alta,0.211756373937677,0.1869688385269121,0.1466005665722379,0.010244411,0.0023643218,0.1509740259740259,0.1635977337110481,0.1444805194805195,0.0892857142857142,0.237012987012987,0.0126087328,0.157438796488068,0.4597245217703506,-1.005455124364784,-1.0280151912890012,2.6506336339122036,E067,21798,Technology,Belgium,3213180160.0,0.191719662495303,0.3021075591745193,0.3915050437608619,894255288.0,Centro,21.890526987714807
E068_SGE_2022,Sage Group,2022,alta,0.2949640287769784,0.2458033573141486,0.184652278177458,0.020449108,0.0020589072,0.109375,0.2733812949640288,0.1,0.271875,0.271875,0.0225080152,1.7236715331445382,1.3037228309088045,-0.2367753327516928,-1.3721007965887784,4.636270493393814,E068,15562,Technology,United Kingdom,7913577984.0,0.0667179881960482,0.1861130994989262,0.8747315676449535,3897000000.0,UK_Irlanda,22.791845853241405
E068_SGE_2023,Sage Group,2023,alta,0.2814498933901919,0.1961620469083155,0.1545842217484008,0.01795374,0.0024045093,0.1052631578947368,0.2174840085287846,0.1203007518796992,0.1954887218045112,0.2819548872180451,0.0203582493,1.3835424618971353,0.6368043740338578,-0.3616201296998649,-1.406111825610708,3.788078791241566,E068,14174,Technology,United Kingdom,7913577984.0,0.0536077235772357,0.1499644633972992,0.8933901918976546,3936000000.0,UK_Irlanda,22.791845853241405
E068_SGE_2024,Sage Group,2024,media,0.3398058252427184,0.3300970873786408,0.1941747572815534,0.005991343,0.0,0.2264150943396226,0.5436893203883495,0.1509433962264151,0.0943396226415094,0.5094339622641509,0.005991343,-0.8895434106238949,1.5149342567191542,0.1774772120341387,-0.4040057327683548,0.8519193668294754,E068,1569,Technology,United Kingdom,7913577984.0,0.0887606485298158,0.2955169258920402,1.139981701738335,3639000000.0,UK_Irlanda,22.791845853241405
E069_STMPA_2022,STMicroelectronics,2022,densidad,0.245360824742268,0.2020618556701031,0.1525773195876288,0.0089061735,0.0012475732,0.2199170124481327,0.1731958762886598,0.0912863070539419,0.1493775933609958,0.2614107883817427,0.0101537466999999,-0.2309812366505557,0.592290685717522,-0.6950141884721331,-0.4577545018457101,1.5140781393848095,E069,7138,Technology,Netherlands,61824516096.0,0.198178360524472,0.3119829827463956,0.2292602221696998,19982000000.0,Centro,24.84756582332771
E069_STMPA_2023,STMicroelectronics,2023,alta,0.3466666666666667,0.1311111111111111,0.0888888888888888,0.005328974,0.00220001,0.26,0.0311111111111111,0.0,0.02,0.22,0.007528984,-0.6462627793505419,-0.8203376969185998,0.2408582815551609,-0.1262087814574659,-1.5812499763668366,E069,9086,Technology,Netherlands,61824516096.0,0.1722079090500143,0.2517185725387052,0.1896706318369299,24453000000.0,Centro,24.84756582332771
E069_STMPA_2024,STMicroelectronics,2024,alta,0.2875888463641334,0.2422088572990705,0.1443411700382723,0.007329758,0.0019985023,0.2415005861664712,0.0759978130125751,0.0691676436107854,0.1617819460726846,0.2543962485345838,0.0093282603,-0.3615870493854965,0.4096104329712882,-0.3049079305416805,-0.2792263547673633,0.6321576688948356,E069,30761,Technology,Netherlands,61824516096.0,0.0629268884128844,0.0892314745830706,0.1815003725141842,24743000000.0,Centro,24.84756582332771
E070_VOD_2022,Vodafone Group,2022,alta,0.3429319371727748,0.1670157068062827,0.1052356020942408,0.009649576,0.002017569,0.3074204946996466,0.268586387434555,0.3215547703180212,0.1696113074204947,0.392226148409894,0.011667145,0.0084637923204585,-0.4577627239863542,0.2063565149251506,0.26602899912256,-0.9216844457136064,E070,28907,Communication Services,United Kingdom,25478662144.0,,,,,UK_Irlanda,23.96110716014943
E070_VOD_2023,Vodafone Group,2023,densidad,0.4345991561181435,0.240506329113924,0.1265822784810126,0.0035833477,0.0013487914,0.5661764705882353,0.3544303797468354,0.3897058823529412,0.0147058823529411,0.5955882352941176,0.0049321391,-1.0571272572039463,0.0157129231298616,1.0531865198419093,2.4063244628709617,-4.500925316786956,E070,3332,Communication Services,United Kingdom,25478662144.0,0.0761183377164498,0.1867221880471301,1.0471774002744525,155521000000.0,UK_Irlanda,23.96110716014943
E070_VOD_2024,Vodafone Group,2024,densidad,0.3772321428571428,0.1785714285714285,0.0803571428571428,0.0028544366,0.00063593074,0.4851063829787234,0.34375,0.3914893617021276,0.0425531914893617,0.5106382978723404,0.00349036734,-1.2852397645609257,-1.0095743677811146,0.5232248969107559,1.7357546715435803,-4.553793700796376,E070,6106,Communication Services,United Kingdom,25478662144.0,0.0078974714236231,0.019010772771237,0.9503218490477936,144350000000.0,UK_Irlanda,23.96110716014943
E071_SCMN_2022,Swisscom,2022,densidad,0.1181102362204724,0.3543307086614173,0.2677165354330709,0.0014917095,0.0003937008,0.5,0.4724409448818897,0.4333333333333333,0.0,0.6666666666666666,0.0018854103,-1.539170923952365,3.1461128237931573,-1.8705665587016111,1.8589469604945008,1.6185614980479028,E071,1476,Communication Services,Switzerland,34681401344.0,0.0650690495532087,0.143445558739255,0.1711138968481375,24620000000.0,Centro,24.269469395885515
E071_SCMN_2023,Swisscom,2023,alta,0.2712177121771217,0.1346863468634686,0.0904059040590405,0.006930694,0.0018604468,0.3934426229508196,0.1346863468634686,0.2568306010928962,0.0765027322404371,0.453551912568306,0.0087911408,-0.4465683753446949,-0.7866898481219697,-0.4561459391076688,0.9775595067589958,-1.7546717911179917,E071,6457,Communication Services,Switzerland,34681401344.0,0.068961347789287,0.147271475296953,0.1745567223274229,24811000000.0,Centro,24.269469395885515
E071_SCMN_2024,Swisscom,2024,alta,0.2651622002820874,0.1396332863187588,0.0902679830747531,0.010562683,0.0030093216,0.302491103202847,0.1241184767277856,0.2562277580071174,0.1814946619217081,0.3736654804270463,0.0135720046,0.3098445736439964,-0.789748976676842,-0.5120873020817279,0.2252556248133895,-0.1930727257645071,E071,8945,Communication Services,Switzerland,34681401344.0,0.0407451446690447,0.1268718117492183,0.3262300477209149,37845000000.0,Centro,24.269469395885515
E072_FNTN_2022,Freenet,2022,alta,0.2777777777777778,0.1111111111111111,0.0833333333333333,0.0046431143,0.0015442633,0.3516949152542373,0.1504629629629629,0.2584745762711864,0.0466101694915254,0.3050847457627119,0.0061873776,-0.8585274444527149,-0.9435615756197724,-0.395543463666927,0.6322440832289845,-2.038789639634545,E072,12396,Communication Services,Germany,3022663168.0,0.0218535563700498,0.0537736488777378,0.6292805316335526,3628700000.0,Centro,21.82940412344607
E072_FNTN_2023,Freenet,2023,alta,0.2829028290282903,0.1156211562115621,0.081180811808118,0.00578015,0.0015832972,0.2972972972972973,0.1131611316113161,0.2072072072072072,0.0315315315315315,0.2342342342342342,0.0073634472,-0.6724534813433808,-0.991305144858234,-0.3481977797288477,0.1822951514134478,-1.497855997886215,E072,12131,Communication Services,Germany,3022663168.0,0.0461169310001755,0.1093988615854505,0.5401221713175066,3417400000.0,Centro,21.82940412344607
E072_FNTN_2024,Freenet,2024,alta,0.2700501253132832,0.12531328320802,0.0845864661654135,0.011945864,0.0019615062,0.2085661080074488,-0.0112781954887218,0.0428305400372439,0.1266294227188082,0.0800744878957169,0.0139073702,0.3629050441149107,-0.9157667157623652,-0.4669322114634868,-0.5516433065405923,0.4657138463566247,E072,23581,Communication Services,Germany,3022663168.0,0.0746553679059497,0.1673130934866925,0.4661628995586465,3351400000.0,Centro,21.82940412344607
E073_ORAN_2022,Orange S.A.,2022,densidad,0.5635838150289018,0.0722543352601156,0.0231213872832369,0.004375856,0.0018910952,0.3618090452261306,0.0520231213872832,0.1206030150753768,0.0552763819095477,0.1055276381909547,0.0062669512,-0.8459375644737775,-2.2790804921787227,2.2447583881308457,0.7159029298479533,-6.085679374631299,E073,6323,Communication Services,France,47986761728.0,0.0195713634290925,0.0675182481751824,0.2645985401459854,109650000000.0,Centro,24.59419101248189
E073_ORAN_2023,Orange S.A.,2023,alta,0.434973434973435,0.1379071379071379,0.0718410718410718,0.0061841775,0.0028529733,0.3313782991202346,0.0960960960960961,0.2238514173998045,0.0840664711632453,0.3206256109481916,0.0090371508,-0.4076454615439069,-1.1984633621221976,1.0566441415360468,0.4641955533312785,-3.12694851853343,E073,77757,Communication Services,France,47986761728.0,0.0221713371860575,0.0766692851531814,0.269222309505106,110052000000.0,Centro,24.59419101248189
E073_ORAN_2024,Orange S.A.,2024,densidad,0.3850293542074364,0.173679060665362,0.1032289628180039,0.0070732045,0.0023191352,0.3088071348940914,0.1183953033268101,0.2006688963210702,0.1081382385730211,0.2775919732441471,0.0093923397,-0.3514486120756058,-0.5022705814453191,0.5952562359441922,0.2774985688893245,-1.7264739983544417,E073,39024,Communication Services,France,47986761728.0,0.0226235631630629,0.0739621691373178,0.2318320586661631,103874000000.0,Centro,24.59419101248189
E074_TIT_2022,Telecom Italia,2022,densidad,0.6451612903225806,0.064516129032258,0.064516129032258,0.0077047218,0.001771336,0.0,0.0967741935483871,0.0,0.0,0.0909090909090909,0.0094760578,-0.3382030025887323,-1.3609327776721307,2.998378434629847,-2.2767941685720965,-2.420720046318614,E074,553,Communication Services,Italy,15478767616.0,-0.0471568832927596,-0.194210211805325,2.070845229400438,62027000000.0,Sur,23.46273509056933
E074_TIT_2023,Telecom Italia,2023,densidad_baja,0.6388888888888888,0.0555555555555555,0.0277777777777777,0.009711239,0.0019896766,0.0,0.0555555555555555,0.0666666666666666,0.0666666666666666,0.0,0.0117009156,0.0138068684263115,-2.175800362631497,2.940433426610146,-2.2767941685720965,-2.8256327522432345,E074,608,Communication Services,Italy,15478767616.0,-0.023182483630689,-0.1055987102447603,2.3121061116810786,62159000000.0,Sur,23.46273509056933
E074_TIT_2024,Telecom Italia,2024,alta,0.4504283965728274,0.1627906976744186,0.087719298245614,0.008680464,0.0020240122,0.2679738562091503,0.0595675234598123,0.1464052287581699,0.1503267973856209,0.2392156862745098,0.0107044762,-0.1438465801079308,-0.8462795661188468,1.1994184654195037,-0.0602531712945739,-2.129291440351707,E074,52331,Communication Services,Italy,15478767616.0,-0.0161962668932373,-0.0510161411725349,1.2308271305511416,37663000000.0,Sur,23.46273509056933
E075_CPG_2022,Compass Group,2022,densidad,0.2911051212938005,0.2479784366576819,0.1671159029649595,0.01316845,0.0013180106,0.3106382978723404,0.3692722371967655,0.2893617021276595,0.1617021276595744,0.4638297872340425,0.0144864606,0.454526871366095,0.9147607999410362,-0.2724242668041197,0.2926450009756612,1.3490669371355897,E075,5912,Consumer Discretionary,United Kingdom,52216610816.0,0.0593884304294151,0.1898397849437606,0.8315258897204827,20928000000.0,UK_Irlanda,24.67866649608129
E075_CPG_2023,Compass Group,2023,densidad,0.3078324225865209,0.2112932604735883,0.1602914389799635,0.00949066,0.0006599285,0.313915857605178,0.3861566484517304,0.2362459546925566,0.2103559870550161,0.343042071197411,0.0101505885,-0.2314809169333312,0.7633921539292561,-0.1178959545139803,0.3197552781557993,0.3300519133541059,E075,9791,Consumer Discretionary,United Kingdom,52216610816.0,0.074803332867849,0.2565863004949704,0.840970780775986,21483000000.0,UK_Irlanda,24.67866649608129
E075_CPG_2024,Compass Group,2024,densidad,0.2686274509803921,0.2274509803921568,0.1784313725490196,0.009879631,0.00049409695,0.195906432748538,0.3431372549019608,0.2339181286549707,0.1578947368421052,0.4269005847953216,0.01037372795,-0.1961765082592722,1.16574128920618,-0.4800750047780204,-0.6563575858384006,2.105997371563329,E075,8756,Consumer Discretionary,United Kingdom,52216610816.0,0.0576615056059797,0.2055937911846536,0.8655732903792649,24349000000.0,UK_Irlanda,24.67866649608129
E076_FLTR_2022,Flutter Entertainment,2022,densidad,0.4876033057851239,0.2148760330578512,0.1487603305785124,0.008837062,0.0,0.2962962962962963,0.140495867768595,0.0493827160493827,0.0987654320987654,0.1604938271604938,0.008837062,-0.4393028702464113,0.507628731398168,1.5428436168882191,0.1740153893932942,-1.648533145129757,E076,1877,Consumer Discretionary,Ireland,12348699648.0,-0.0146092327183466,-0.0334390575441776,0.6564567285908472,25258000000.0,UK_Irlanda,23.236816602816923
E076_FLTR_2023,Flutter Entertainment,2023,alta,0.195583596214511,0.2476340694006309,0.2113564668769716,0.017858617,0.001576111,0.1666666666666666,0.3517350157728706,0.0972222222222222,0.1851851851851851,0.3657407407407407,0.019434728,1.2374258814610082,1.8960296985507792,-1.1548606980954383,-0.8982137922165647,5.186530070323791,E076,9857,Consumer Discretionary,Ireland,12348699648.0,-0.0496854069413436,-0.1218637992831541,0.75,24635000000.0,UK_Irlanda,23.236816602816923
E076_FLTR_2024,Flutter Entertainment,2024,densidad_baja,0.6129032258064516,0.3870967741935484,0.1290322580645161,0.01045369,0.0027730619,0.0,0.0967741935483871,0.0,0.0,0.1666666666666666,0.0132267519,0.2552197978967125,0.0700542007930979,2.700375536242814,-2.2767941685720965,-0.0983073689809068,E076,686,Consumer Discretionary,Ireland,12348699648.0,0.004447527338012,0.0117292585817281,0.7837081674378564,24508000000.0,UK_Irlanda,23.236816602816923
E077_AENA_2022,Aena,2022,aceptado_sin_financieros,0.3973612727978269,0.186651144741948,0.0890570430733411,0.0070126983,0.0017087245,0.2089285714285714,0.0696546371750097,0.1511904761904761,0.1,0.3303571428571428,0.0087214228,-0.4575989338763128,-0.8166079869695537,0.709179607905081,-0.5486451967835543,-1.4347413319673934,E077,84409,Consumer Discretionary,Spain,36150001664.0,0.0568797865986657,0.1341991258216077,1.13446797095758,15849198000.0,Sur,24.310942831581613
E077_AENA_2023,Aena,2023,aceptado_sin_financieros,0.4065420560747663,0.2158878504672897,0.1205607476635514,0.0060588387,0.0010922538,0.3468057366362451,0.1887850467289719,0.2307692307692307,0.0808344198174706,0.3676662320730117,0.0071510925,-0.7060515614348088,-0.1178464258184576,0.7939925087108072,0.5918033290334178,-2.2096938249974913,E077,17190,Consumer Discretionary,Spain,36150001664.0,0.0913916609019654,0.2060328393919076,1.0846775319377848,17844232000.0,Sur,24.310942831581613
E077_AENA_2024,Aena,2024,aceptado_sin_financieros,0.3188953488372093,0.2119186046511628,0.1369186046511628,0.009559981,0.0016842348,0.2237762237762237,0.1648255813953488,0.1629370629370629,0.1538461538461538,0.279020979020979,0.0112442158,-0.0584507103234837,0.2449757195270016,-0.0156956478062189,-0.4258331038150187,0.6280537608247556,E077,61067,Consumer Discretionary,Spain,36150001664.0,0.1120420867999701,0.2258448702488162,0.8186993309040501,17263370000.0,Sur,24.310942831581613
E078_AF_2022,Air France-KLM,2022,densidad,0.2529182879377432,0.1478599221789883,0.11284046692607,0.009843673,0.0010646166,0.0816326530612244,0.1206225680933852,0.1530612244897959,0.1836734693877551,0.2346938775510204,0.0109082896,-0.1115998771298178,-0.28908455450265,-0.6251976644342804,-1.6015711270918365,1.826084359893649,E078,4565,Consumer Discretionary,France,2915680256.0,0.0225352112676056,-0.2423435419440745,-4.860186418109188,32305000000.0,Centro,21.793368993503147
E078_AF_2023,Air France-KLM,2023,alta,0.5419161676646707,0.1272455089820359,0.0643712574850299,0.00846526,0.0030352485,0.6129032258064516,0.0576347305389221,0.2338709677419354,0.1854838709677419,0.4354838709677419,0.0115005085,-0.0179009006821226,-1.364146071785451,2.0445907149420055,2.792823989638571,-6.21946167704815,E078,27102,Consumer Discretionary,France,2915680256.0,0.0270803131342418,-0.4553876157971721,-6.59434422233057,34490000000.0,Centro,21.793368993503147
E078_AF_2024,Air France-KLM,2024,alta,0.5397815912636506,0.1154446177847113,0.0592823712948517,0.008684884,0.0029041243,0.580952380952381,0.0390015600624025,0.2,0.219047619047619,0.3809523809523809,0.0115890083,-0.0038987459453763,-1.4770190848175158,2.024871306357696,2.5285431432957597,-6.034332280416348,E078,25525,Consumer Discretionary,France,2915680256.0,0.0087678052828101,-0.1797052154195011,-8.235260770975056,36155000000.0,Centro,21.793368993503147
E079_ENEL_2022,Enel,2022,densidad,0.5,0.1891025641025641,0.0929487179487179,0.0056624105,0.0015363861,0.2818791946308724,0.1826923076923077,0.3892617449664429,0.0536912751677852,0.261744966442953,0.0071987966,-0.6985039716122643,-0.730289477867743,1.657365391888195,0.0547645887540381,-3.14092343012224,E079,6931,Utilities,Italy,97367064576.0,0.0076498358150577,0.0586983074507066,3.067701971732682,219874000000.0,Sur,25.30175384437368
E079_ENEL_2023,Enel,2023,densidad,0.507537688442211,0.2311557788944723,0.135678391959799,0.0069111604,0.0015432709,0.2604166666666667,0.0703517587939698,0.1354166666666666,0.125,0.1041666666666666,0.0084544312999999,-0.4998414733667528,0.2174674322430337,1.7269992349786325,-0.122762330516577,-1.8866109455857747,E079,5597,Utilities,Italy,97367064576.0,0.0176105396877433,0.1082664147378365,2.3163911195087388,195224000000.0,Sur,25.30175384437368
E079_ENEL_2024,Enel,2024,alta,0.3023983315954119,0.1699687174139728,0.1126173096976016,0.0062048095,0.0016440594,0.2234706616729088,0.1152241918665276,0.1847690387016229,0.1710362047440699,0.2621722846441947,0.0078488689,-0.5956516156219387,-0.2940342483680237,-0.1680965753429105,-0.4283605553313457,-0.2932287333157061,E079,41655,Utilities,Italy,97367064576.0,0.0374908490480338,0.2079985769766683,2.085677863093297,187139000000.0,Sur,25.30175384437368
E080_ANE_2022,Acciona Energía,2022,aceptado_sin_financieros,0.140625,0.1484375,0.09375,0.0057103327,0.0015737738,0.0652173913043478,0.234375,0.3695652173913043,0.0869565217391304,0.3695652173913043,0.0072841065,-0.6850065126307033,-0.7125168030550739,-1.662573147954854,-1.7373496734764535,2.0023995057455304,E080,1712,Utilities,Spain,7816190976.0,0.0619136960600375,0.1293015332197615,0.5352640545144804,12259000000.0,Sur,22.779463185369963
E080_ANE_2023,Acciona Energía,2023,aceptado_sin_financieros,0.250423968343697,0.1995477671000565,0.1379310344827586,0.011538928,0.0017297672,0.2531645569620253,0.2182023742227247,0.3037974683544304,0.1962025316455696,0.2911392405063291,0.0132686952,0.2618559324051495,0.267431715064164,-0.6482404129586895,-0.182748027272554,1.360276087700557,E080,28195,Utilities,Spain,7816190976.0,0.0357142857142857,0.0895726495726495,0.8741880341880341,14672000000.0,Sur,22.779463185369963
E080_ANE_2024,Acciona Energía,2024,aceptado_sin_financieros,0.46524064171123,0.1978609625668449,0.1283422459893048,0.006334378,0.00094419287,0.3689320388349514,0.3689839572192513,0.4951456310679611,0.116504854368932,0.3398058252427184,0.00727857087,-0.6858823422690231,0.0547495272266252,1.3362553168882632,0.7748206451081107,-2.7422087770387717,E080,3141,Utilities,Spain,7816190976.0,0.0219773454814085,0.0610987506417936,0.9313708711278452,16244000000.0,Sur,22.779463185369963
E081_ENGIE_2022,Engie,2022,densidad_baja,0.6557377049180327,0.1147540983606557,0.0491803278688524,0.0035090183,0.0021940034,0.5,0.0327868852459016,0.125,0.0,0.125,0.0057030217,-0.935160682713774,-1.7010854200941932,3.096084302953465,1.8589469604945008,-7.591277366255933,E081,1173,Utilities,France,69596192768.0,0.0009172364006964,0.0063062010977461,1.1850986803690295,235490000000.0,Centro,24.965975701181403
E081_ENGIE_2023,Engie,2023,densidad_baja,0.4479166666666667,0.1770833333333333,0.125,0.008099745,0.004248956,0.5185185185185185,0.0104166666666666,0.1481481481481481,0.037037037037037,0.3333333333333333,0.012348701,0.1162973984275675,-0.0193824853609787,1.1762148788674636,2.0121225578673374,-3.0914225236682125,E081,1484,Utilities,France,69596192768.0,0.0113440197287299,0.0734604251921349,1.5732441694114516,194640000000.0,Centro,24.965975701181403
E081_ENGIE_2024,Engie,2024,densidad_baja,0.4601226993865031,0.2453987730061349,0.147239263803681,0.009145142,0.004598319,0.6363636363636364,0.0245398773006134,0.0909090909090909,0.2272727272727272,0.3181818181818182,0.013743461,0.3369718557780294,0.4738910168016904,1.2889753058453282,2.986876359330845,-3.4649887925964533,E081,2933,Utilities,France,69596192768.0,0.0216625163550415,0.1188216228730177,1.5050063664776017,189544000000.0,Centro,24.965975701181403
E082_SSE_2022,SSE,2022,alta,0.3472553699284009,0.2708830548926014,0.1670644391408114,0.0067148814,0.003964686,0.3125,0.1813842482100238,0.1736111111111111,0.0763888888888889,0.375,0.0106795674,-0.1477875706175893,0.9136193169766575,0.2462967751820489,0.3080440370945267,0.2114909340824926,E082,12211,Utilities,United Kingdom,29604419584.0,0.117528294927297,0.3315879414599947,0.9929782665848742,25755500000.0,UK_Irlanda,24.11118949740103
E082_SSE_2023,SSE,2023,alta,0.4182621502209131,0.2238586156111929,0.1281296023564064,0.0050389217,0.0021942507,0.2983870967741935,0.198821796759941,0.1693548387096774,0.0887096774193548,0.2903225806451613,0.0072331724,-0.6930651427019229,0.0500330280457934,0.9022637914833472,0.1913094084515175,-1.736605314590994,E082,9623,Utilities,United Kingdom,29604419584.0,-0.0045258692060595,-0.0117882711494043,0.8534804151771596,27177100000.0,UK_Irlanda,24.11118949740103
E082_SSE_2024,SSE,2024,densidad,0.4129353233830846,0.2587064676616915,0.1480099502487562,0.0035735138,0.0013962736,0.3877952755905511,0.390547263681592,0.374015748031496,0.0708661417322834,0.4015748031496063,0.0049697874,-1.0511706638311316,0.490985071946116,0.8530540865401063,0.9308475732630196,-2.3440872516881415,E082,13462,Utilities,United Kingdom,29604419584.0,0.0605054085220479,0.1520687754485162,0.8125388951121069,28270200000.0,UK_Irlanda,24.11118949740103
E083_ENG_2022,Enagás,2022,alta,0.3944037308461026,0.1212524983344437,0.0719520319786808,0.0084239105,0.0018587179,0.32,0.1645569620253164,0.2127272727272727,0.1363636363636363,0.32,0.0102826284,-0.2105899871094838,-1.1960022331854652,0.6818575696199132,0.3700801540305257,-2.458529943945388,E083,25379,Utilities,Spain,4479968256.0,0.0399820100425841,0.1173457294971927,1.3825064071516522,9398577000.0,Sur,22.222881797633914
E083_ENG_2023,Enagás,2023,alta,0.3811438784629133,0.1224307417336908,0.0822162645218945,0.011829287,0.0017745203,0.2852311161217587,0.1528150134048257,0.1961668545659526,0.1499436302142051,0.2649379932356257,0.0136038073,0.3148762949184665,-0.9683384949296594,0.5593618619062999,0.0824899478965596,-1.2953140098140523,E083,38825,Utilities,Spain,4479968256.0,0.0402629750789618,0.1148002839440879,1.2756573580463897,8507270000.0,Sur,22.222881797633914
E083_ENG_2024,Enagás,2024,alta,0.3348982785602504,0.2010954616588419,0.1364110589462702,0.00938827,0.0015169422,0.2652232746955345,0.1444966092853416,0.2070365358592693,0.1644113667117726,0.2692828146143437,0.0109052122,-0.112086773495537,0.2337182044595043,0.1321408548384388,-0.0830045574839961,0.0724951336095245,E083,62303,Utilities,Spain,4479968256.0,-0.0399295084602521,-0.1259844209983996,1.394806382120768,7495935000.0,Sur,22.222881797633914
E084_WKL_2022,Wolters Kluwer,2022,densidad,0.2547368421052631,0.1642105263157894,0.1326315789473684,0.008260902,0.00022547749,0.2657342657342657,0.1347368421052631,0.1048951048951049,0.1398601398601398,0.2937062937062937,0.00848637949,-0.4947867331307409,0.1498882111706321,-0.6083976976376425,-0.0787779041730663,0.3422770798506001,E084,6901,Communication Services,Netherlands,13588933632.0,0.1079915878023133,0.4445887445887446,1.5649350649350648,9510000000.0,Centro,23.332521594922593
E084_WKL_2023,Wolters Kluwer,2023,densidad,0.350253807106599,0.1611675126903553,0.1116751269035533,0.009291308,0.0021529167,0.3769470404984423,0.0621827411167512,0.0623052959501557,0.0747663551401869,0.1744548286604361,0.0114442247,-0.0268059431429202,-0.3149321436670904,0.273996607243817,0.8411165891665836,-1.4568512832204117,E084,13022,Communication Services,Netherlands,13588933632.0,0.1107323510006597,0.5757575757575758,2.1377930245854775,9094000000.0,Centro,23.332521594922593
E084_WKL_2024,Wolters Kluwer,2024,densidad,0.2702060221870047,0.1806656101426307,0.1291600633914421,0.0074530146,0.0013830579,0.3190045248868778,0.1521394611727416,0.0384615384615384,0.0814479638009049,0.2352941176470588,0.0088360725,-0.4394594257653164,0.0728889610515472,-0.4654920221367135,0.3618460992939222,-0.2629245418709779,E084,20068,Communication Services,Netherlands,13588933632.0,0.1136028637607917,0.6983818770226538,2.633009708737864,9498000000.0,Centro,23.332521594922593
E085_STER_2022,Stora Enso,2022,densidad,0.2762700069589422,0.1294363256784968,0.0890744606819763,0.004493102,0.0013898339,0.3362573099415205,0.0967292971468336,0.2163742690058479,0.0789473684210526,0.2923976608187134,0.0058829359,-0.9066952345688296,-0.8162216592166817,-0.4094723859645351,0.5045522047767846,-1.8179967125977612,E085,22928,Basic Materials,Finland,7832573440.0,0.0740846955357996,0.1236833705713373,0.3130386211299074,20922000000.0,Nordicos,22.781556957063295
E085_STER_2023,Stora Enso,2023,densidad,0.2434146341463414,0.1224390243902439,0.0829268292682926,0.005023135,0.0013691909,0.3375527426160337,0.1365853658536585,0.2911392405063291,0.0896624472573839,0.3059071729957806,0.0063923259,-0.8261011812336668,-0.9525779569881508,-0.712993272062524,0.5152673531606267,-1.58095321931992,E085,29988,Basic Materials,Finland,7832573440.0,-0.0172015033246603,-0.0324988620846609,0.5254437869822485,20754000000.0,Nordicos,22.781556957063295
E085_STER_2024,Stora Enso,2024,alta,0.3057199211045365,0.1627218934911242,0.1104536489151873,0.011038011,0.0028238331,0.2664728682170542,0.0498027613412228,0.1598837209302325,0.2141472868217054,0.1957364341085271,0.0138618441,0.3557020504724322,-0.3420248896525103,-0.1374114330128066,-0.0726685668408681,0.2237571606735967,E085,31657,Basic Materials,Finland,7832573440.0,-0.0068679931320068,-0.0134148747287433,0.5652002367330834,19802000000.0,Nordicos,22.781556957063295
E086_TUI_2022,TUI Group,2022,densidad,0.2391304347826087,0.2430830039525691,0.2094861660079051,0.003867698,0.0010300617,0.3526011560693641,0.3577075098814229,0.3352601156069364,0.0173410404624277,0.5549132947976878,0.0048977597,-1.0625666556947508,1.8545458676143616,-0.7525710907199917,0.639740038052902,0.9048102645867008,E086,6429,Consumer Discretionary,Germany,3402832384.0,-0.0181770508996755,1.9583333333333333,-37.13841807909605,15255500000.0,Centro,21.94787397588918
E086_TUI_2023,TUI Group,2023,densidad,0.2403846153846154,0.2564102564102564,0.1891025641025641,0.02226287,0.0027390379,0.35,0.2243589743589743,0.1791666666666666,0.2916666666666667,0.2708333333333333,0.0250019079,2.118247243849446,1.4024314996525495,-0.7409848576305293,0.6182246217745213,3.643438979358004,E086,4030,Consumer Discretionary,Germany,3402832384.0,0.0189321710705529,0.2723305726244545,3.753762579036424,16152400000.0,Centro,21.94787397588918
E086_TUI_2024,TUI Group,2024,alta,0.30625,0.2020833333333333,0.153125,0.010461819,0.001532811,0.330188679245283,0.2447916666666666,0.2099056603773585,0.1580188679245283,0.3254716981132075,0.01199463,0.0602774195146827,0.6044384005637071,-0.1325145165489268,0.4543556336416939,0.3428747029856228,E086,13722,Consumer Discretionary,Germany,3402832384.0,0.0291157337497918,0.5302174822250104,4.74926808866583,17416700000.0,Centro,21.94787397588918
E087_ORK_2022,Orkla ASA,2022,densidad,0.1697674418604651,0.2023255813953488,0.1558139534883721,0.0068469285,0.0006938778,0.335593220338983,0.1837209302325581,0.2711864406779661,0.1288135593220339,0.4576271186440678,0.0075408063,-0.6443922929319937,0.6640801906908733,-1.3933526515995331,0.499059199411585,0.9139813499468276,E087,5635,Consumer Staples,Norway,102289285120.0,0.0622156661005813,0.1204001343376673,0.4502950630907259,80671000000.0,Nordicos,25.35107076463345
E087_ORK_2023,Orkla ASA,2023,densidad,0.1746880570409982,0.2005347593582887,0.1711229946524064,0.009327866,0.001488654,0.2987910189982729,0.1639928698752228,0.2746113989637305,0.157167530224525,0.4905008635578584,0.01081652,-0.1261193691436904,1.0036392883479528,-1.3478955664445038,0.1946504439616557,2.030765041687111,E087,16391,Consumer Staples,Norway,102289285120.0,0.0600055432372505,0.114785605407913,0.4526034418008703,86592000000.0,Nordicos,25.35107076463345
E087_ORK_2024,Orkla ASA,2024,alta,0.2350492051476154,0.1877365632096896,0.1309613928841786,0.012220999,0.0021769241,0.2255834053586862,0.0522331566994701,0.1270527225583405,0.1884183232497839,0.2800345721694036,0.0143979231,0.4405187518561673,0.1128429862960326,-0.7902738567865344,-0.410885033418455,1.7545206283571892,E087,45395,Consumer Staples,Norway,102289285120.0,0.0673254340528644,0.1260719340604446,0.3780076596453251,89966000000.0,Nordicos,25.35107076463345
E088_BARN_2022,Barry Callebaut,2022,alta,0.3032407407407407,0.1782407407407407,0.136574074074074,0.0038604755,0.0010295125,0.3478260869565217,0.386574074074074,0.4347826086956521,0.0632411067193675,0.5652173913043478,0.004889988,-1.0637962691624376,0.2373339285997971,-0.1603143239679025,0.6002431386046662,-1.266391155199404,E088,6294,Consumer Staples,Switzerland,6546344960.0,0.0464773384561207,0.1242953564077727,0.7164220249559011,7760879000.0,Centro,22.602172709467656
E088_BARN_2023,Barry Callebaut,2023,alta,0.303875968992248,0.2015503875968992,0.1612403100775193,0.0039106742,0.0017786107,0.3557422969187675,0.4186046511627906,0.4061624649859944,0.0588235294117647,0.5938375350140056,0.0056892849,-0.9373340751868386,0.7844383977943439,-0.1544460283052209,0.6657219288590399,-0.6641715779463138,E088,8929,Consumer Staples,Switzerland,6546344960.0,0.0526939735421952,0.1534346919755957,0.6205038374643006,8432748000.0,Centro,22.602172709467656
E088_BARN_2024,Barry Callebaut,2024,densidad,0.13125,0.15,0.125,0.028924212,0.007255192,0.0,0.03125,0.0232558139534883,0.5116279069767442,0.0697674418604651,0.036179404,3.8867148557715,-0.0193824853609787,-1.7491802402985857,-2.2767941685720965,7.893306779281204,E088,2776,Consumer Staples,Switzerland,6546344960.0,0.0125193948867884,0.0668393074365134,1.689210339287362,15159279000.0,Centro,22.602172709467656
E089_ADEN_2022,Adecco,2022,densidad,0.2161016949152542,0.2923728813559322,0.2288135593220339,0.00568174,0.00064559636,0.1666666666666666,0.3305084745762712,0.1428571428571428,0.1071428571428571,0.3095238095238095,0.00632733636,-0.8363836179775912,2.2832332140973715,-0.9653126587468444,-0.8982137922165647,3.3103760470831896,E089,4021,Industrials,Switzerland,2757552128.0,0.0257996378998189,0.0881216181396547,0.9533625354290132,13256000000.0,Centro,21.737609212993036
E089_ADEN_2023,Adecco,2023,densidad,0.2747252747252747,0.2032967032967033,0.1428571428571428,0.011544878,0.0026531585,0.25,0.2197802197802197,0.0978260869565217,0.108695652173913,0.2717391304347826,0.0141980365,0.4088933345896636,0.3766942676070754,-0.4237427611333433,-0.2089236040387979,1.4182539673688803,E089,3091,Industrials,Switzerland,2757552128.0,0.0261464199517296,0.0904033379694019,1.0211404728789986,12430000000.0,Centro,21.737609212993036
E089_ADEN_2024,Adecco,2024,densidad,0.121259842519685,0.2188976377952756,0.2015748031496063,0.009876678,0.002651065,0.1639344262295081,0.2960629921259843,0.1311475409836065,0.1311475409836065,0.1967213114754098,0.012527743,0.1446248498836901,1.6790694805162054,-1.8414702127173657,-0.9208134705174752,4.585978013634737,E089,10531,Industrials,Switzerland,2757552128.0,0.025043392015869,0.084731543624161,0.9723154362416108,12099000000.0,Centro,21.737609212993036
E090_WIHL_2022,Wihlborgs Fastigheter,2022,densidad,0.2822185970636215,0.164763458401305,0.1092985318107667,0.010654367,0.002414573,0.3152866242038216,0.0815660685154975,0.0891719745222929,0.1496815286624203,0.232484076433121,0.01306894,0.2302513048255422,-0.3676457314454507,-0.3545187760966985,0.3310935497565215,-0.1139692002797314,E090,8581,Real Estate,Sweden,26254258176.0,0.0402753084898519,0.0978614200171086,1.152694610778443,56809000000.0,Nordicos,23.991094029056985
E090_WIHL_2023,Wihlborgs Fastigheter,2023,densidad,0.2885496183206107,0.1648854961832061,0.116030534351145,0.0071794437,0.0019252355,0.3392330383480826,0.0977099236641221,0.0884955752212389,0.1209439528023598,0.2271386430678466,0.0091046792,-0.3969613345071801,-0.2183279078441695,-0.2960322328823846,0.5291658894966863,-0.8484228989656513,E090,8539,Real Estate,Sweden,26254258176.0,-0.0004706128425015,-0.0012058416327988,1.2542539413157072,57372000000.0,Nordicos,23.991094029056985
E090_WIHL_2024,Wihlborgs Fastigheter,2024,densidad,0.27909887359199,0.1451814768460575,0.1076345431789737,0.0078008636,0.0016978702,0.3392857142857143,0.0801001251564455,0.1138392857142857,0.1674107142857142,0.25,0.0094987338,-0.33461527853952,-0.404553495443805,-0.3833390618347784,0.5296015975802374,-0.885431309728784,E090,10297,Real Estate,Sweden,26254258176.0,0.0280818422742012,0.073674209708067,1.305406806011401,60751000000.0,Nordicos,23.991094029056985
E091_P911_2022,Porsche,2022,densidad,0.1457990115321252,0.1342668863261944,0.1128500823723229,0.0030907295,0.0012634177,0.2864864864864865,0.1919275123558484,0.3054054054054054,0.0378378378378378,0.4297297297297297,0.0043541472,-1.1485752833055427,-0.2888712810377604,-1.6147751645361552,0.0928737215957917,0.0844548785970603,E091,14327,Consumer Discretionary,Germany,41696468992.0,0.1041098190672096,0.2913020496857931,0.5567040582604099,47642000000.0,Centro,24.453682285715075
E091_P911_2023,Porsche,2023,media,0.180327868852459,0.1475409836065573,0.1366120218579235,0.004148141,0.00076908956,0.1710526315789473,0.1639344262295082,0.2368421052631578,0.0263157894736842,0.3552631578947368,0.00491723056,-1.0594860386246838,0.2381756217603246,-1.2957944781931487,-0.8619353612598403,1.3364194225886297,E091,2448,Consumer Discretionary,Germany,41696468992.0,0.1022260986778202,0.2380117228965708,0.4779618775095767,50447000000.0,Centro,24.453682285715075
E091_P911_2024,Porsche,2024,densidad,0.1617005813953488,0.1362645348837209,0.1144622093023255,0.008009039,0.0030836216,0.2158620689655172,0.0872093023255813,0.1593103448275862,0.1337931034482758,0.2062068965517241,0.0110926606,-0.0824292883717791,-0.2531138250485226,-1.467875033383674,-0.4912948949198969,1.623626814883269,E091,39564,Consumer Discretionary,Germany,41696468992.0,0.067106320174865,0.1558824805797856,0.4918630386668403,53527000000.0,Centro,24.453682285715075
E092_EVK_2022,Evonik Industries,2022,densidad,0.3064516129032258,0.1494623655913978,0.0892473118279569,0.006138967,0.0014133042,0.3037037037037037,0.1236559139784946,0.1506172839506173,0.0962962962962963,0.2864197530864197,0.0075522712,-0.6425783531960698,-0.8123877692604596,-0.130651998434008,0.2352856283424291,-1.5595997523649507,E092,10259,Basic Materials,Germany,8019859456.0,0.0247592847317744,0.0492072170585019,0.3850009112447603,21810000000.0,Centro,22.805186734481758
E092_EVK_2023,Evonik Industries,2023,densidad,0.2978303747534517,0.1568047337278106,0.1045364891518737,0.0076325354,0.0011270808,0.2797494780793319,0.1400394477317554,0.1816283924843423,0.1085594989561586,0.2755741127348643,0.0087596162,-0.451556096528404,-0.4732692574999127,-0.2102957710798522,0.0371486760831184,-0.751678259031583,E092,11086,Basic Materials,Germany,8019859456.0,-0.0233199598796389,-0.0521885521885521,0.4785634118967452,19940000000.0,Centro,22.805186734481758
E092_EVK_2024,Evonik Industries,2024,densidad,0.4066445182724252,0.1581395348837209,0.0797342192691029,0.010485771,0.0020344069,0.322680412371134,0.1514950166112957,0.2154639175257732,0.1154639175257732,0.2886597938144329,0.0125201779,0.1434279240059032,-1.0233909986986052,0.7949390636990085,0.3922511374028411,-2.067153275794551,E092,21094,Basic Materials,Germany,8019859456.0,0.0112405063291139,0.0246119733924611,0.4191796008869179,19750000000.0,Centro,22.805186734481758
E093_BNR_2022,Brenntag,2022,alta,0.3575547866205306,0.1326412918108419,0.0934256055363321,0.0054933764,0.0015077066,0.2756756756756757,0.1430219146482122,0.1756756756756756,0.0459459459459459,0.3189189189189189,0.007001083,-0.7297855837826782,-0.7197119689826943,0.3414437119865123,0.0034522917781355,-1.7943935565300204,E093,12542,Basic Materials,Germany,8250180096.0,0.077974149300976,0.1865965281430825,0.6160757496054708,11373000000.0,Centro,22.833500866872914
E093_BNR_2023,Brenntag,2023,alta,0.3667711598746082,0.1358411703239289,0.0919540229885057,0.006855447,0.0015425194,0.2779043280182232,0.1410658307210031,0.1799544419134396,0.061503416856492,0.2847380410022779,0.0083979664,-0.508775168889171,-0.7523521086696772,0.4265853961988,0.021886550089064,-1.709599223846712,E093,13735,Basic Materials,Germany,8250180096.0,0.0691539786027975,0.1660742908913513,0.557088763444607,10337800000.0,Centro,22.833500866872914
E093_BNR_2024,Brenntag,2024,alta,0.3139013452914798,0.156203288490284,0.1106128550074738,0.008820617,0.0021390016,0.2654205607476635,0.0986547085201793,0.1532710280373831,0.1233644859813084,0.2186915887850467,0.0109596185999999,-0.1034787672461523,-0.3384936510557192,-0.0618307012728767,-0.081372709404034,-0.2987690076249607,E093,19774,Basic Materials,Germany,8250180096.0,0.0459547480287967,0.1134406668500222,0.714219222713521,11668000000.0,Centro,22.833500866872914
E094_OR_2022,L'Oréal,2022,densidad,0.3218487394957983,0.1773109243697479,0.1193277310924369,0.010179491,0.0025758944,0.2941176470588235,0.1714285714285714,0.2287581699346405,0.1127450980392156,0.4117647058823529,0.0127553854,0.1806417008759446,-0.1451951010096547,0.0115880404599712,0.1559947308788425,-0.132136171472524,E094,17179,Consumer Staples,France,196406165504.0,0.121820844416171,0.2099674374965505,0.2079180234376437,46844200000.0,Centro,26.003450624960596
E094_OR_2023,L'Oréal,2023,densidad,0.3399638336347197,0.2025316455696202,0.1383363471971067,0.00734688,0.002073543,0.3046875,0.2188065099457504,0.1890625,0.103125,0.4109375,0.009420423,-0.3470053623494089,0.2764216719189605,0.1789369077564999,0.2434230819528611,-0.4929436801398095,E094,15407,Consumer Staples,France,196406165504.0,0.119255386644708,0.2126964363716409,0.2989581864395703,51855100000.0,Centro,26.003450624960596
E094_OR_2024,L'Oréal,2024,densidad,0.352,0.2094545454545454,0.1207272727272727,0.009324401,0.003142472,0.1988716502115655,0.1352727272727272,0.1974612129760225,0.1255289139633286,0.3258110014104372,0.012466873,0.134994193556492,-0.1141528502529714,0.2901280940884835,-0.631830842201462,0.362544091416499,E094,28635,Consumer Staples,France,196406165504.0,0.1137233955715183,0.1934217237643096,0.2563885879160844,56353400000.0,Centro,26.003450624960596
E095_UBSG_2022,UBS Group,2022,densidad,0.2918454935622318,0.278969957081545,0.1931330472103004,0.0072867763,0.001065609,0.2083333333333333,0.3047210300429184,0.34375,0.0833333333333333,0.3541666666666667,0.0083523853,-0.5159868644553882,1.491828816736018,-0.2655846412659053,-0.5535686981276814,1.7949952916742165,E095,3603,Financials,Switzerland,122589913088.0,0.0069080484333064,0.1341339053379281,3.398199592095084,1104364000000.0,Centro,25.53211058208822
E095_UBSG_2023,UBS Group,2023,alta,0.417312661498708,0.1266149870801033,0.0852713178294573,0.027845716,0.0022233964,0.032520325203252,0.1266149870801033,0.016260162601626,0.7398373983739838,0.024390243902439,0.0300691124,2.9199641007433343,-0.9005765016542471,0.8934923293560565,-2.0078028756246757,3.133698145357706,E095,16118,Financials,Switzerland,122589913088.0,0.0159389699252849,0.3196066523404653,4.4109712230215825,1716924000000.0,Centro,25.53211058208822
E095_UBSG_2024,UBS Group,2024,alta,0.4111600587371512,0.1218795888399412,0.079295154185022,0.025809217,0.0027970967,0.0597014925373134,0.0234948604992657,0.0,0.7313432835820896,0.0298507462686567,0.0286063137,2.6885247783255264,-1.0331295931778932,0.8366540322334489,-1.7829743322656375,2.6017154851798217,E095,14013,Financials,Switzerland,122589913088.0,0.0032497821125245,0.0597797341294561,3.907227400416084,1565028000000.0,Centro,25.53211058208822
E096_NEM_2023,Nemetschek,2023,densidad,0.4814814814814814,0.1728395061728395,0.0617283950617283,0.0056585805,0.002122401,0.2,0.0,0.1333333333333333,0.0222222222222222,0.0222222222222222,0.0077809814999999,-0.6063925424881622,-1.4227655483465542,1.486289653925268,-0.6224977169454575,-2.8929500278145266,E096,1492,Technology,Germany,7282294784.0,0.1265415919870175,0.215994374309346,0.1022509459866724,1274332000.0,Centro,22.7087118670668
E096_NEM_2024,Nemetschek,2024,densidad,0.2590618336886993,0.1098081023454157,0.0852878464818763,0.015331681,0.0017364522,0.0755667506297229,0.0895522388059701,0.0780856423173803,0.2191435768261964,0.052896725440806,0.0170681332,0.8629908365368452,-0.9002098912153087,-0.5684430367893736,-1.651745131433568,2.182969113544478,E096,15261,Technology,Germany,7282294784.0,0.0821144871296768,0.1935236187246473,0.6286709992575538,2136310000.0,Centro,22.7087118670668
E097_UMG_2022,Universal Music Group,2022,alta,0.3072916666666667,0.1770833333333333,0.1302083333333333,0.00841225,0.0027477045,0.22992700729927,0.1640625,0.1240875912408759,0.1277372262773722,0.2773722627737226,0.0111599545,-0.0717822631735401,0.0961399009213706,-0.1228915062885122,-0.3749570070305233,0.5222061510668661,E097,13622,Communication Services,Netherlands,37046145024.0,0.0671879027407852,0.3326244151424926,1.136962994470438,11639000000.0,Centro,24.335430135339923
E097_UMG_2023,Universal Music Group,2023,alta,0.3192599620493359,0.1560721062618595,0.1148007590132827,0.010417356,0.0044416026,0.2345679012345679,0.1537001897533206,0.1679012345679012,0.0938271604938271,0.2962962962962963,0.0148589586,0.5134623111651515,-0.2456046915154081,-0.0123273181920974,-0.3365699351828288,0.6167548730246697,E097,40235,Communication Services,Netherlands,37046145024.0,0.0961729432434497,0.425050641458474,0.8487508440243079,13091000000.0,Centro,24.335430135339923
E097_UMG_2024,Universal Music Group,2024,alta,0.3297546012269938,0.1717791411042944,0.111963190184049,0.01190121,0.0034544226,0.2006688963210702,0.0858895705521472,0.0535117056856187,0.1003344481605351,0.1739130434782608,0.0153556326,0.5920444797318465,-0.308542814214957,0.0846231014744165,-0.6169649528931949,0.8158435169356678,E097,12499,Communication Services,Netherlands,37046145024.0,0.1204387990762124,0.4608926204153778,0.7052585064074238,17320000000.0,Centro,24.335430135339923
