id_empresa,nombre,ticker,ticker_yf,ISIN,pais,sector_ICB,supersector,año,capitalización,moneda,ingresos,ebitda,net_income,total_assets,equity,deuda,ROA,ROE,margen_beneficio,deuda_equity,sector_yf,industria_yf,pais_yf,nota,error_yf,fuente_ebitda
E001,Stellantis,STLAM,STLA,NL00150001Q9,Netherlands,Automobiles and Parts,Consumer Discretionary,2022,22730948608.0,USD,179592000000.0,27490000000.0,16799000000.0,186156000000.0,71999000000.0,27153000000.0,0.0902415178667354,0.2333226850372921,0.0935398013274533,0.3771302379199711,Consumer Cyclical,Auto Manufacturers,Netherlands,,,direct
E001,Stellantis,STLAM,STLA,NL00150001Q9,Netherlands,Automobiles and Parts,Consumer Discretionary,2023,22730948608.0,USD,189544000000.0,31297000000.0,18596000000.0,202128000000.0,81693000000.0,29463000000.0,0.0920011082086598,0.2276327225098845,0.0981091461613134,0.3606551356909405,Consumer Cyclical,Auto Manufacturers,Netherlands,,,direct
E001,Stellantis,STLAM,STLA,NL00150001Q9,Netherlands,Automobiles and Parts,Consumer Discretionary,2024,22730948608.0,USD,156878000000.0,12781000000.0,5473000000.0,207607000000.0,81692000000.0,37227000000.0,0.0263623095560361,0.066995544239338,0.034886982240977,0.455699456495128,Consumer Cyclical,Auto Manufacturers,Netherlands,,,direct
E002,Mercedes-Benz Group,MBG,MBG.DE,DE0007100000,Germany,Automobiles and Parts,Consumer Discretionary,2022,48680239104.0,EUR,150017000000.0,27252000000.0,14501000000.0,260015000000.0,85415000000.0,84414000000.0,0.0557698594311866,0.1697711174852192,0.0966623782637967,0.9882807469414038,Consumer Cyclical,Auto Manufacturers,Germany,,,direct
E002,Mercedes-Benz Group,MBG,MBG.DE,DE0007100000,Germany,Automobiles and Parts,Consumer Discretionary,2023,48680239104.0,EUR,152390000000.0,27438000000.0,14261000000.0,263022000000.0,91773000000.0,87964000000.0,0.0542197991042574,0.1553942880803722,0.0935822560535468,0.9584954180423436,Consumer Cyclical,Auto Manufacturers,Germany,,,direct
E002,Mercedes-Benz Group,MBG,MBG.DE,DE0007100000,Germany,Automobiles and Parts,Consumer Discretionary,2024,48680239104.0,EUR,145594000000.0,21505000000.0,10207000000.0,265010000000.0,92625000000.0,93042000000.0,0.0385155277159352,0.1101970310391363,0.0701059109578691,1.004502024291498,Consumer Cyclical,Auto Manufacturers,Germany,,,direct
E003,Continental,CON,CON.DE,DE0005439004,Germany,Automobiles and Parts,Consumer Discretionary,2022,13736411136.0,EUR,39408900000.0,4006500000.0,66600000.0,37926700000.0,13259200000.0,7674100000.0,0.0017560188468809,0.0050229274767708,0.0016899735846471,0.5787754917340413,Consumer Cyclical,Auto Parts,Germany,,,direct
E003,Continental,CON,CON.DE,DE0005439004,Germany,Automobiles and Parts,Consumer Discretionary,2023,13736411136.0,EUR,41421000000.0,4207000000.0,1156000000.0,37753000000.0,13676000000.0,7162000000.0,0.0306200831721982,0.0845276396607195,0.0279085488037468,0.5236911377595789,Consumer Cyclical,Auto Parts,Germany,,,direct
E003,Continental,CON,CON.DE,DE0005439004,Germany,Automobiles and Parts,Consumer Discretionary,2024,13736411136.0,EUR,20077000000.0,3231000000.0,1168000000.0,36966000000.0,14351000000.0,6879000000.0,0.0315966022831791,0.0813880565814229,0.0581760223140907,0.4793394188558288,Consumer Cyclical,Auto Parts,Germany,,,direct
E004,Valeo,FR,FR.PA,NET000KLEON1,France,Automobiles and Parts,Consumer Discretionary,2022,3053803264.0,EUR,20037000000.0,2494000000.0,230000000.0,22029000000.0,3822000000.0,7342000000.0,0.0104407826047482,0.0601779173207744,0.0114787642860707,1.9209837781266352,Consumer Cyclical,Auto Parts,France,,,direct
E004,Valeo,FR,FR.PA,NET000KLEON1,France,Automobiles and Parts,Consumer Discretionary,2023,3053803264.0,EUR,22044000000.0,2659000000.0,221000000.0,21756000000.0,3575000000.0,7071000000.0,0.0101581173009744,0.0618181818181818,0.0100254037379785,1.9779020979020976,Consumer Cyclical,Auto Parts,France,,,direct
E004,Valeo,FR,FR.PA,NET000KLEON1,France,Automobiles and Parts,Consumer Discretionary,2024,3053803264.0,EUR,21492000000.0,2716000000.0,162000000.0,21658000000.0,3719000000.0,7037000000.0,0.0074799150429402,0.0435600968002151,0.007537688442211,1.8921753159451469,Consumer Cyclical,Auto Parts,France,,,direct
E005,CaixaBank,CABK,CABK.MC,ES0140609019,Spain,Banks,Financials,2022,80875036672.0,EUR,12439000000.0,5050000000.0,3129000000.0,598850000000.0,33675000000.0,50090000000.0,0.0052250146113383,0.0929175946547884,0.2515475520540236,1.4874536005939123,Financial Services,Banks - Regional,Spain,,,pretax+da
E005,CaixaBank,CABK,CABK.MC,ES0140609019,Spain,Banks,Financials,2023,80875036672.0,EUR,15874000000.0,7698000000.0,4816000000.0,607167000000.0,36307000000.0,54576000000.0,0.0079319198836563,0.1326465970749442,0.303389189870228,1.5031812047263613,Financial Services,Banks - Regional,Spain,,,pretax+da
E005,CaixaBank,CABK,CABK.MC,ES0140609019,Spain,Banks,Financials,2024,80875036672.0,EUR,16951000000.0,9097000000.0,5787000000.0,631003000000.0,36831000000.0,54419000000.0,0.009171113291062,0.1571230756699519,0.3413957878591233,1.4775325133718875,Financial Services,Banks - Regional,Spain,,,pretax+da
E006,HSBC,HSBA,HSBA.L,GB0005405286,United Kingdom,Banks,Financials,2022,238565818368.0,GBp,53719000000.0,20908000000.0,15559000000.0,2949286000000.0,177833000000.0,204239000000.0,0.0052755141413887,0.0874921977360782,0.289636813790279,1.148487626031164,Financial Services,Banks - Diversified,United Kingdom,,,pretax+da
E006,HSBC,HSBA,HSBA.L,GB0005405286,United Kingdom,Banks,Financials,2023,238565818368.0,GBp,64528000000.0,33814000000.0,23533000000.0,3038677000000.0,185329000000.0,235159000000.0,0.0077444888021991,0.1269795876522292,0.3646943962310934,1.2688731930782555,Financial Services,Banks - Diversified,United Kingdom,,,pretax+da
E006,HSBC,HSBA,HSBA.L,GB0005405286,United Kingdom,Banks,Financials,2024,238565818368.0,GBp,67396000000.0,36389000000.0,23979000000.0,3017048000000.0,184973000000.0,242347000000.0,0.0079478351023914,0.1296351359387586,0.3557926286426494,1.3101749985132964,Financial Services,Banks - Diversified,United Kingdom,,,pretax+da
E007,Skandinaviska Enskilda Banken,SEB,SEB-A.ST,SE0000148884,Sweden,Banks,Financials,2022,364602458112.0,SEK,64466000000.0,35625000000.0,26877000000.0,3532779000000.0,204141000000.0,830984000000.0,0.0076078916909322,0.1316590003967845,0.416917444854652,4.070637451565339,Financial Services,Banks - Regional,Sweden,,,pretax+da
E007,Skandinaviska Enskilda Banken,SEB,SEB-A.ST,SE0000148884,Sweden,Banks,Financials,2023,364602458112.0,SEK,79960000000.0,49926000000.0,38116000000.0,3608218000000.0,221775000000.0,904977000000.0,0.0105636632819857,0.171867884116785,0.476688344172086,4.080608725059181,Financial Services,Banks - Regional,Sweden,,,pretax+da
E007,Skandinaviska Enskilda Banken,SEB,SEB-A.ST,SE0000148884,Sweden,Banks,Financials,2024,364602458112.0,SEK,81611000000.0,48213000000.0,35865000000.0,3758358000000.0,231148000000.0,953911000000.0,0.0095427311607888,0.1551603301780677,0.4394628175123451,4.126840811947324,Financial Services,Banks - Regional,Sweden,,,pretax+da
E008,Raiffeisen Bank International,RBI,RBI.VI,AT0000606306,Austria,Banks,Financials,2022,15628869632.0,EUR,9608000000.0,4752000000.0,3627000000.0,207057000000.0,17638000000.0,15399000000.0,0.0175169156319274,0.2056355595872548,0.3774979184013322,0.8730581698605284,Financial Services,Banks - Regional,Austria,,,pretax+da
E008,Raiffeisen Bank International,RBI,RBI.VI,AT0000606306,Austria,Banks,Financials,2023,15628869632.0,EUR,8821000000.0,3912000000.0,2386000000.0,198241000000.0,18620000000.0,18818000000.0,0.0120358553477837,0.128141783029001,0.2704908740505611,1.0106337271750805,Financial Services,Banks - Regional,Austria,,,pretax+da
E008,Raiffeisen Bank International,RBI,RBI.VI,AT0000606306,Austria,Banks,Financials,2024,15628869632.0,EUR,8886000000.0,3456000000.0,1157000000.0,199851000000.0,19081000000.0,22068000000.0,0.0057893130382134,0.0606362349981657,0.1302048165653837,1.1565431581154026,Financial Services,Banks - Regional,Austria,,,pretax+da
E009,UPM-Kymmene,UPM,UPM.HE,FI0009005987,Finland,Basic Resources,Basic Materials,2022,13230560256.0,EUR,11720000000.0,2529000000.0,1526000000.0,22207000000.0,12502000000.0,4874000000.0,0.0687170711937677,0.122060470324748,0.1302047781569965,0.3898576227803551,Basic Materials,Paper & Paper Products,Finland,,,direct
E009,UPM-Kymmene,UPM,UPM.HE,FI0009005987,Finland,Basic Resources,Basic Materials,2023,13230560256.0,EUR,10460000000.0,1211000000.0,388000000.0,18473000000.0,11161000000.0,3256000000.0,0.0210036269149569,0.0347639100439028,0.0370936902485659,0.2917301317086282,Basic Materials,Paper & Paper Products,Finland,,,direct
E009,UPM-Kymmene,UPM,UPM.HE,FI0009005987,Finland,Basic Resources,Basic Materials,2024,13230560256.0,EUR,10339000000.0,1750000000.0,436000000.0,19096000000.0,11139000000.0,3814000000.0,0.0228320067029744,0.0391417541969656,0.0421704226714382,0.3424005745578597,Basic Materials,Paper & Paper Products,Finland,,,direct
E010,Boliden AB,BOL,BOL.ST,SE0000869646,Sweden,Basic Resources,Basic Materials,2022,159526174720.0,SEK,86437000000.0,21748000000.0,12410000000.0,96376000000.0,58311000000.0,11192000000.0,0.1287664978832904,0.2128243384610108,0.1435727755475085,0.1919363413421138,Basic Materials,Other Industrial Metals & Mining,Sweden,,,direct
E010,Boliden AB,BOL,BOL.ST,SE0000869646,Sweden,Basic Resources,Basic Materials,2023,159526174720.0,SEK,78554000000.0,14680000000.0,6073000000.0,101957000000.0,56404000000.0,14582000000.0,0.0595643261374893,0.1076696688178143,0.0773098760088601,0.2585277639883696,Basic Materials,Other Industrial Metals & Mining,Sweden,,,direct
E010,Boliden AB,BOL,BOL.ST,SE0000869646,Sweden,Basic Resources,Basic Materials,2024,159526174720.0,SEK,89207000000.0,20581000000.0,10022000000.0,116192000000.0,64992000000.0,16507000000.0,0.0862537868355824,0.1542035942885278,0.112345443743204,0.2539851058591826,Basic Materials,Other Industrial Metals & Mining,Sweden,,,direct
E011,Acerinox,ACX,ACX.MC,ES0132105018,Spain,Basic Resources,Basic Materials,2022,3976787456.0,EUR,8688494000.0,1087009000.0,556054000.0,6318147000.0,2474097000.0,1988524000.0,0.0880090317620023,0.224750282628369,0.0639988932489335,0.8037372827338621,Basic Materials,Steel,Spain,,,direct
E011,Acerinox,ACX,ACX.MC,ES0132105018,Spain,Basic Resources,Basic Materials,2023,3976787456.0,EUR,6607978000.0,627519000.0,228128000.0,6098769000.0,2408430000.0,2134887000.0,0.0374055813558441,0.0947206271305373,0.0345231173590468,0.8864226903003202,Basic Materials,Steel,Spain,,,direct
E011,Acerinox,ACX,ACX.MC,ES0132105018,Spain,Basic Resources,Basic Materials,2024,3976787456.0,EUR,5413128000.0,609626000.0,224946000.0,6467183000.0,2527317000.0,2383051000.0,0.0347826866813572,0.0890058508687275,0.0415556402878335,0.9429173309086276,Basic Materials,Steel,Spain,,,direct
E012,Voestalpine,VOE,VOE.VI,AT0000937503,Austria,Basic Resources,Basic Materials,2022,8123330560.0,EUR,14923200000.0,2088000000.0,1299600000.0,16949700000.0,6833100000.0,3187100000.0,0.0766739234322731,0.1901918602098608,0.0870858797040849,0.4664208046128404,Basic Materials,Steel,Austria,,,direct
E012,Voestalpine,VOE,VOE.VI,AT0000937503,Austria,Basic Resources,Basic Materials,2023,8123330560.0,EUR,18225100000.0,2609200000.0,1064600000.0,17021700000.0,7445900000.0,2993300000.0,0.0625436942256061,0.1429780147463704,0.0584139456024932,0.4020064733611786,Basic Materials,Steel,Austria,,,direct
E012,Voestalpine,VOE,VOE.VI,AT0000937503,Austria,Basic Resources,Basic Materials,2024,8123330560.0,EUR,16684300000.0,1736900000.0,100800000.0,16557400000.0,7188400000.0,3060600000.0,0.0060879123533888,0.0140225919537031,0.0060416079787584,0.4257692949752379,Basic Materials,Steel,Austria,,,direct
E013,Covestro,1COV,1COV.DE,DE0006062144,Germany,Chemicals,Basic Materials,2022,11320645632.0,EUR,17968000000.0,1646000000.0,-272000000.0,14585000000.0,7086000000.0,3656000000.0,-0.0186492972231744,-0.0383855489697996,-0.0151380231522707,0.5159469376234829,,,Germany,,,direct
E013,Covestro,1COV,1COV.DE,DE0006062144,Germany,Chemicals,Basic Materials,2023,11320645632.0,EUR,14377000000.0,1136000000.0,-198000000.0,13637000000.0,6590000000.0,3390000000.0,-0.0145193224316198,-0.0300455235204855,-0.0137719969395562,0.5144157814871017,,,Germany,,,direct
E013,Covestro,1COV,1COV.DE,DE0006062144,Germany,Chemicals,Basic Materials,2024,11320645632.0,EUR,14179000000.0,1116000000.0,-266000000.0,13631000000.0,6658000000.0,3098000000.0,-0.0195143423079744,-0.0399519375187744,-0.0187601382325975,0.4653048963652748,,,Germany,,,direct
E014,Symrise,SY1,SY1.DE,DE000SYM9999,Germany,Chemicals,Basic Materials,2022,11095104512.0,EUR,4618476000.0,780495000.0,280007000.0,7782963000.0,3551372000.0,2547415000.0,0.0359769152185356,0.0788447394415454,0.0606275749836093,0.7173044671186235,Basic Materials,Specialty Chemicals,Germany,,,direct
E014,Symrise,SY1,SY1.DE,DE000SYM9999,Germany,Chemicals,Basic Materials,2023,11095104512.0,EUR,4730187000.0,851959000.0,340473000.0,7845613000.0,3631272000.0,2558672000.0,0.0433966090348835,0.09376135965579,0.0719787610933774,0.7046214108995416,Basic Materials,Specialty Chemicals,Germany,,,direct
E014,Symrise,SY1,SY1.DE,DE000SYM9999,Germany,Chemicals,Basic Materials,2024,11095104512.0,EUR,4998513000.0,1040169000.0,478224000.0,8324708000.0,3981180000.0,2545784000.0,0.0574463392589866,0.1201211701053456,0.0956732532255092,0.6394546340532204,Basic Materials,Specialty Chemicals,Germany,,,direct
E015,Yara International,YAR,YAR.OL,JP3939600007,Norway,Chemicals,Basic Materials,2022,132253548544.0,NOK,23902000000.0,4834000000.0,2777000000.0,17982000000.0,8587000000.0,4218000000.0,0.1544322099877655,0.3233958309071852,0.1161827462137059,0.4912076394549901,Basic Materials,Agricultural Inputs,Norway,,,direct
E015,Yara International,YAR,YAR.OL,JP3939600007,Norway,Chemicals,Basic Materials,2023,132253548544.0,NOK,15511000000.0,1531000000.0,48000000.0,16027000000.0,7552000000.0,4230000000.0,0.0029949460285767,0.0063559322033898,0.0030945780413899,0.5601165254237288,Basic Materials,Agricultural Inputs,Norway,,,direct
E015,Yara International,YAR,YAR.OL,JP3939600007,Norway,Chemicals,Basic Materials,2024,132253548544.0,NOK,13868000000.0,1465000000.0,14000000.0,14994000000.0,6988000000.0,4048000000.0,0.0009337068160597,0.0020034344590726,0.0010095183155465,0.5792787635947338,Basic Materials,Agricultural Inputs,Norway,,,direct
E016,Balfour Beatty,BBY,BBY.L,GB0000961622,United Kingdom,Construction and Materials,Industrials,2022,3859951104.0,GBp,7629000000.0,430000000.0,288000000.0,5123000000.0,1378000000.0,738000000.0,0.0562170603162209,0.2089985486211901,0.0377506881635863,0.5355587808417998,Industrials,Engineering & Construction,United Kingdom,,,direct
E016,Balfour Beatty,BBY,BBY.L,GB0000961622,United Kingdom,Construction and Materials,Industrials,2023,3859951104.0,GBp,7993000000.0,390000000.0,197000000.0,5265000000.0,1198000000.0,979000000.0,0.0374169040835707,0.164440734557596,0.0246465657450269,0.8171953255425709,Industrials,Engineering & Construction,United Kingdom,,,direct
E016,Balfour Beatty,BBY,BBY.L,GB0000961622,United Kingdom,Construction and Materials,Industrials,2024,3859951104.0,GBp,8234000000.0,374000000.0,178000000.0,5632000000.0,1121000000.0,1112000000.0,0.0316051136363636,0.1587867975022301,0.0216176827787223,0.991971454058876,Industrials,Engineering & Construction,United Kingdom,,,direct
E017,Skanska,SKA B,SKA-B.ST,SE0000113250,Sweden,Construction and Materials,Industrials,2022,103892770816.0,SEK,163174000000.0,13149000000.0,8256000000.0,151593000000.0,55111000000.0,14567000000.0,0.0544616176208664,0.1498067536426484,0.0505962959785259,0.2643210974215674,Industrials,Engineering & Construction,Sweden,,,direct
E017,Skanska,SKA B,SKA-B.ST,SE0000113250,Sweden,Construction and Materials,Industrials,2023,103892770816.0,SEK,167168000000.0,11496000000.0,4998000000.0,155189000000.0,56202000000.0,17766000000.0,0.0322058908814413,0.0889292196007259,0.0298980666156202,0.3161097469840931,Industrials,Engineering & Construction,Sweden,,,direct
E017,Skanska,SKA B,SKA-B.ST,SE0000113250,Sweden,Construction and Materials,Industrials,2024,103892770816.0,SEK,176481000000.0,11075000000.0,5552000000.0,171207000000.0,62466000000.0,19106000000.0,0.0324285806071013,0.0888803509108955,0.0314594772241771,0.305862389139692,Industrials,Engineering & Construction,Sweden,,,direct
E018,Vinci,DG,DG.PA,FR0000125486,France,Construction and Materials,Industrials,2022,68313341952.0,EUR,62514000000.0,10578000000.0,4259000000.0,111991000000.0,25939000000.0,31023000000.0,0.0380298416837067,0.1641929141447241,0.0681287391624276,1.1959983037125563,Industrials,Engineering & Construction,France,,,direct
E018,Vinci,DG,DG.PA,FR0000125486,France,Construction and Materials,Industrials,2023,68313341952.0,EUR,69885000000.0,11994000000.0,4702000000.0,118558000000.0,28113000000.0,31423000000.0,0.0396599132913848,0.1672535837512894,0.0672819632252987,1.1177391242485684,Industrials,Engineering & Construction,France,,,direct
E018,Vinci,DG,DG.PA,FR0000125486,France,Construction and Materials,Industrials,2024,68313341952.0,EUR,72768000000.0,12785000000.0,4863000000.0,129491000000.0,29947000000.0,36261000000.0,0.0375547335336046,0.162386883494173,0.0668288258575197,1.2108391491635222,Industrials,Engineering & Construction,France,,,direct
E019,Bouygues,EN,EN.PA,FR001400UJU6,France,Construction and Materials,Industrials,2022,19269713920.0,EUR,44398000000.0,4531000000.0,973000000.0,60595000000.0,12212000000.0,15970000000.0,0.0160574304810627,0.0796757287913527,0.0219154015946664,1.3077301015394691,Industrials,Engineering & Construction,France,,,direct
E019,Bouygues,EN,EN.PA,FR001400UJU6,France,Construction and Materials,Industrials,2023,19269713920.0,EUR,56017000000.0,5137000000.0,1040000000.0,60746000000.0,12408000000.0,14834000000.0,0.0171204688374543,0.0838168923275306,0.0185657925272685,1.195519019987105,Industrials,Engineering & Construction,France,,,direct
E019,Bouygues,EN,EN.PA,FR001400UJU6,France,Construction and Materials,Industrials,2024,19269713920.0,EUR,56752000000.0,5392000000.0,1058000000.0,63084000000.0,12700000000.0,14742000000.0,0.0167712890748842,0.0833070866141732,0.0186425148012404,1.1607874015748032,Industrials,Engineering & Construction,France,,,direct
E020,Eiffage,EFGI,FGR.PA,FR0000130452,France,Construction and Materials,Industrials,2022,11936400384.0,EUR,20884000000.0,3416000000.0,896000000.0,36196000000.0,6176000000.0,15936000000.0,0.0247541164769587,0.1450777202072538,0.042903658303007,2.5803108808290154,Industrials,Engineering & Construction,France,,,direct
E020,Eiffage,EFGI,FGR.PA,FR0000130452,France,Construction and Materials,Industrials,2023,11936400384.0,EUR,22389000000.0,3900000000.0,1013000000.0,37825000000.0,6455000000.0,15983000000.0,0.0267812293456708,0.1569326103795507,0.0452454330251462,2.4760650658404337,Industrials,Engineering & Construction,France,,,direct
E020,Eiffage,EFGI,FGR.PA,FR0000130452,France,Construction and Materials,Industrials,2024,11936400384.0,EUR,24037000000.0,4051000000.0,1039000000.0,40303000000.0,6677000000.0,16699000000.0,0.0257797186313673,0.1556088063501572,0.0432250280817073,2.5009734910888124,Industrials,Engineering & Construction,France,,,direct
E021,Brunello Cucinelli,BRNW,BC.MI,IT0004764699,Italy,Consumer Products and Services,Consumer Discretionary,2022,5542000128.0,EUR,919708000.0,270052000.0,80599000.0,1322988000.0,382543000.0,687640000.0,0.0609219433585187,0.2106926541591403,0.0876354234169975,1.7975495565204431,Consumer Cyclical,Luxury Goods,Italy,,,direct
E021,Brunello Cucinelli,BRNW,BC.MI,IT0004764699,Italy,Consumer Products and Services,Consumer Discretionary,2023,5542000128.0,EUR,1139420000.0,330558000.0,114617000.0,1379880000.0,441791000.0,666998000.0,0.0830630199727512,0.2594371546726846,0.100592406663039,1.5097591395026155,Consumer Cyclical,Luxury Goods,Italy,,,direct
E021,Brunello Cucinelli,BRNW,BC.MI,IT0004764699,Italy,Consumer Products and Services,Consumer Discretionary,2024,5542000128.0,EUR,1278540000.0,361702000.0,119478000.0,1744893000.0,489938000.0,961987000.0,0.0684729665372031,0.2438635092603553,0.0934487775118494,1.9634872167498745,Consumer Cyclical,Luxury Goods,Italy,,,direct
E022,Hugo Boss,BOSS,BOSS.DE,DE000A1PHFF7,Germany,Consumer Products and Services,Consumer Discretionary,2022,2453524736.0,EUR,3651378000.0,656400000.0,209495000.0,3126602000.0,1116581000.0,914098000.0,0.0670040510432731,0.187621856363309,0.0573742296743859,0.8186580283920288,Consumer Cyclical,Apparel Manufacturing,Germany,,,direct
E022,Hugo Boss,BOSS,BOSS.DE,DE000A1PHFF7,Germany,Consumer Products and Services,Consumer Discretionary,2023,2453524736.0,EUR,4197457000.0,744425000.0,258371000.0,3471667000.0,1292663000.0,1124121000.0,0.0744227484951753,0.1998749867521542,0.0615541743488974,0.8696164429553565,Consumer Cyclical,Apparel Manufacturing,Germany,,,direct
E022,Hugo Boss,BOSS,BOSS.DE,DE000A1PHFF7,Germany,Consumer Products and Services,Consumer Discretionary,2024,2453524736.0,EUR,4307349000.0,771940000.0,213468000.0,3782421000.0,1426972000.0,1248211000.0,0.0564368694018989,0.1495950866590234,0.049559021105557,0.874727044398909,Consumer Cyclical,Apparel Manufacturing,Germany,,,direct
E023,Richemont,CFR,CFR.SW,CH0210483332,Switzerland,Consumer Products and Services,Consumer Discretionary,2022,92247826432.0,CHF,,,,,,,,,,,Consumer Cyclical,Luxury Goods,Switzerland,yfinance sin datos financieros para 2022 (FY ends March 31; balance_sheet cubre solo últimos 4 ejercicios),,gap_fy
E023,Richemont,CFR,CFR.SW,CH0210483332,Switzerland,Consumer Products and Services,Consumer Discretionary,2023,92247826432.0,CHF,19953000000.0,6519000000.0,313000000.0,40887000000.0,18959000000.0,15713000000.0,0.0076552449433805,0.0165093095627406,0.0156868641307071,0.8287884382087662,Consumer Cyclical,Luxury Goods,Switzerland,,,direct
E023,Richemont,CFR,CFR.SW,CH0210483332,Switzerland,Consumer Products and Services,Consumer Discretionary,2024,92247826432.0,CHF,20616000000.0,6520000000.0,2362000000.0,42681000000.0,20521000000.0,16365000000.0,0.0553407839553899,0.1151016032357097,0.1145712068296468,0.7974757565420788,Consumer Cyclical,Luxury Goods,Switzerland,,,direct
E024,Kering,KER,KER.PA,JP3270790003,France,Consumer Products and Services,Consumer Discretionary,2022,29563430912.0,EUR,20351000000.0,6982000000.0,3614000000.0,33941000000.0,13998000000.0,11192000000.0,0.1064788898382487,0.2581797399628518,0.1775834111345879,0.799542791827404,Consumer Cyclical,Luxury Goods,France,,,direct
E024,Kering,KER,KER.PA,JP3270790003,France,Consumer Products and Services,Consumer Discretionary,2023,29563430912.0,EUR,19566000000.0,6417000000.0,2983000000.0,41367000000.0,15212000000.0,17109000000.0,0.0721106195759905,0.1960951880094662,0.1524583461106,1.124704180909808,Consumer Cyclical,Luxury Goods,France,,,direct
E024,Kering,KER,KER.PA,JP3270790003,France,Consumer Products and Services,Consumer Discretionary,2024,29563430912.0,EUR,16874000000.0,4300000000.0,1133000000.0,43346000000.0,14904000000.0,20142000000.0,0.0261385133576339,0.0760198604401503,0.0671447196870925,1.3514492753623188,Consumer Cyclical,Luxury Goods,France,,,direct
E025,Adidas,ADS,ADS.DE,DE000A1EWWW0,Germany,Consumer Products and Services,Consumer Discretionary,2022,27896987648.0,EUR,22511000000.0,1900000000.0,612000000.0,20296000000.0,4991000000.0,6459000000.0,0.0301537248718959,0.122620717291124,0.0271867087201812,1.294129432979363,Consumer Cyclical,Footwear & Accessories,Germany,,,direct
E025,Adidas,ADS,ADS.DE,DE000A1EWWW0,Germany,Consumer Products and Services,Consumer Discretionary,2023,27896987648.0,EUR,21427000000.0,1321000000.0,-75000000.0,18020000000.0,4580000000.0,5563000000.0,-0.0041620421753607,-0.0163755458515283,-0.0035002566854902,1.2146288209606988,Consumer Cyclical,Footwear & Accessories,Germany,,,direct
E025,Adidas,ADS,ADS.DE,DE000A1EWWW0,Germany,Consumer Products and Services,Consumer Discretionary,2024,27896987648.0,EUR,23683000000.0,2513000000.0,764000000.0,20655000000.0,5476000000.0,5587000000.0,0.0369886226095376,0.139517896274653,0.0322594265929147,1.0202702702702702,Consumer Cyclical,Footwear & Accessories,Germany,,,direct
E026,Repsol,REP,REP.MC,ES0173516115,Spain,Energy,Energy,2022,24544477184.0,EUR,75153000000.0,9934000000.0,4251000000.0,59964000000.0,25294000000.0,13359000000.0,0.0708925355213127,0.1680635723887087,0.0565646081992734,0.5281489681347356,Energy,Oil & Gas Integrated,Spain,,,direct
E026,Repsol,REP,REP.MC,ES0173516115,Spain,Energy,Energy,2023,24544477184.0,EUR,58948000000.0,7251000000.0,3168000000.0,61633000000.0,26197000000.0,10562000000.0,0.0514010351597358,0.1209298774668855,0.0537422813327,0.403175936175898,Energy,Oil & Gas Integrated,Spain,,,direct
E026,Repsol,REP,REP.MC,ES0173516115,Spain,Energy,Energy,2024,24544477184.0,EUR,57122000000.0,5605000000.0,1756000000.0,63186000000.0,26489000000.0,12185000000.0,0.0277909663533061,0.0662916682396466,0.0307412205454991,0.4600022650911699,Energy,Oil & Gas Integrated,Spain,,,direct
E027,Aker BP,AKERBP,AKRBP.OL,NO0010345853,Norway,Energy,Energy,2022,219023654912.0,NOK,12896200000.0,10638400000.0,1602900000.0,37561800000.0,12427500000.0,5413600000.0,0.0426736737856013,0.1289800844900422,0.1242924272266249,0.4356145644739489,Energy,Oil & Gas E&P,Norway,,,direct
E027,Aker BP,AKERBP,AKRBP.OL,NO0010345853,Norway,Energy,Energy,2023,219023654912.0,NOK,13580000000.0,11283300000.0,1335700000.0,39046500000.0,12362200000.0,6502400000.0,0.0342079315687705,0.1080471113555839,0.0983578792341678,0.5259905194868227,Energy,Oil & Gas E&P,Norway,,,direct
E027,Aker BP,AKERBP,AKRBP.OL,NO0010345853,Norway,Energy,Energy,2024,219023654912.0,NOK,12242700000.0,10499100000.0,1827700000.0,42192900000.0,12691100000.0,8173300000.0,0.0433177145917915,0.1440143092403338,0.149288964035711,0.6440182490091482,Energy,Oil & Gas E&P,Norway,,,direct
E028,Neste,NSN,NESTE.HE,KR7001430008,Finland,Energy,Energy,2022,21342894080.0,EUR,25707000000.0,2970000000.0,1888000000.0,14917000000.0,8322000000.0,2616000000.0,0.126567004089294,0.2268685412160538,0.0734430310810285,0.3143475126171593,Energy,Oil & Gas Refining & Marketing,Finland,,,direct
E028,Neste,NSN,NESTE.HE,KR7001430008,Finland,Energy,Energy,2023,21342894080.0,EUR,22927000000.0,2580000000.0,1433000000.0,15983000000.0,8463000000.0,4068000000.0,0.0896577613714571,0.1693252983575564,0.0625027260435294,0.4806806097128678,Energy,Oil & Gas Refining & Marketing,Finland,,,direct
E028,Neste,NSN,NESTE.HE,KR7001430008,Finland,Energy,Energy,2024,21342894080.0,EUR,20635000000.0,1014000000.0,-95000000.0,15581000000.0,7417000000.0,5147000000.0,-0.0060971696296771,-0.0128084131050289,-0.0046038284468136,0.69394633949036,Energy,Oil & Gas Refining & Marketing,Finland,,,direct
E029,TGS,TGS,TGS.OL,NO0003078800,Norway,Energy,Energy,2022,29278945280.0,NOK,716633000.0,540970000.0,87796000.0,1838897000.0,1235907000.0,149238000.0,0.0477438377462141,0.0710377075297736,0.1225118017171969,0.1207518041406028,Energy,Oil & Gas Equipment & Services,United States,,,direct
E029,TGS,TGS,TGS.OL,NO0003078800,Norway,Energy,Energy,2023,29278945280.0,NOK,794297000.0,393072000.0,21646000.0,1956414000.0,1275108000.0,132868000.0,0.0110641203753397,0.0169758169504073,0.0272517710629651,0.1042013696094762,Energy,Oil & Gas Equipment & Services,United States,,,direct
E029,TGS,TGS,TGS.OL,NO0003078800,Norway,Energy,Energy,2024,29278945280.0,NOK,1318200000.0,681700000.0,94200000.0,4037800000.0,2075200000.0,898700000.0,0.0233295358858784,0.0453932151117964,0.0714610832954028,0.4330666923670008,Energy,Oil & Gas Equipment & Services,United States,,,direct
E030,Vestas,VESTAS,VWS.CO,SGXZ32918005,Denmark,Energy,Energy,2022,188053946368.0,DKK,14486000000.0,-545000000.0,-1572000000.0,20090000000.0,3044000000.0,2427000000.0,-0.0782478845196615,-0.5164257555847569,-0.1085185696534585,0.7973061760840998,Industrials,Specialty Industrial Machinery,Denmark,,,direct
E030,Vestas,VESTAS,VWS.CO,SGXZ32918005,Denmark,Energy,Energy,2023,188053946368.0,DKK,15382000000.0,1126000000.0,77000000.0,22514000000.0,3027000000.0,3387000000.0,0.0034200941636315,0.0254377271225635,0.005005850994669,1.1189296333002974,Industrials,Specialty Industrial Machinery,Denmark,,,direct
E030,Vestas,VESTAS,VWS.CO,SGXZ32918005,Denmark,Energy,Energy,2024,188053946368.0,DKK,17295000000.0,1761000000.0,499000000.0,24644000000.0,3529000000.0,3271000000.0,0.0202483363090407,0.1413998299801643,0.0288522694420352,0.9268914706715784,Industrials,Specialty Industrial Machinery,Denmark,,,direct
E031,London Stock Exchange Group,LSEG,LSEG.L,PLCTHQM00018,United Kingdom,Financial Services,Financials,2022,45152157696.0,GBp,7743000000.0,3319000000.0,1303000000.0,835156000000.0,25996000000.0,8823000000.0,0.0015601875577736,0.0501230958609016,0.1682810280253132,0.339398368979843,Financial Services,Financial Data & Stock Exchanges,United Kingdom,,,direct
E031,London Stock Exchange Group,LSEG,LSEG.L,PLCTHQM00018,United Kingdom,Financial Services,Financials,2023,45152157696.0,GBp,8379000000.0,3622000000.0,761000000.0,805010000000.0,23807000000.0,9699000000.0,0.0009453298716786,0.0319653883311631,0.0908222938298126,0.4074011845255597,Financial Services,Financial Data & Stock Exchanges,United Kingdom,,,direct
E031,London Stock Exchange Group,LSEG,LSEG.L,PLCTHQM00018,United Kingdom,Financial Services,Financials,2024,45152157696.0,GBp,8858000000.0,4079000000.0,685000000.0,732819000000.0,23013000000.0,9965000000.0,0.0009347465062996,0.0297657845565549,0.0773312260103861,0.4330161213227306,Financial Services,Financial Data & Stock Exchanges,United Kingdom,,,direct
E032,Allfunds Group,ALLFG,ALLFG.AS,GB00BNTJ3546,Spain,Financial Services,Financials,2022,5235476480.0,EUR,2742012000.0,260906000.0,49183000.0,5127110000.0,2354504000.0,1766775000.0,0.0095927335282449,0.0208889005922266,0.0179368288687285,0.7503809719584252,Financial Services,Asset Management,United Kingdom,,,direct
E032,Allfunds Group,ALLFG,ALLFG.AS,GB00BNTJ3546,Spain,Financial Services,Financials,2023,5235476480.0,EUR,568606000.0,314678000.0,85706000.0,5009546000.0,2350909000.0,2316163000.0,0.0171085363823388,0.0364565365992473,0.1507300309880655,0.9852201850433172,Financial Services,Asset Management,United Kingdom,,,direct
E032,Allfunds Group,ALLFG,ALLFG.AS,GB00BNTJ3546,Spain,Financial Services,Financials,2024,5235476480.0,EUR,658485000.0,135236000.0,-168514000.0,5072128000.0,2045208000.0,2622656000.0,-0.0332235306364508,-0.0823945535124055,-0.2559116760442531,1.2823419427266078,Financial Services,Asset Management,United Kingdom,,,direct
E033,Wendel,WEND,MF.PA,FR0000121204,France,Financial Services,Financials,2022,3426871552.0,EUR,6747100000.0,1261100000.0,656300000.0,14378000000.0,2788600000.0,6063700000.0,0.0456461260258728,0.2353510722226206,0.0972714203139126,2.1744603026608336,Financial Services,Asset Management,France,,,direct
E033,Wendel,WEND,MF.PA,FR0000121204,France,Financial Services,Financials,2023,3426871552.0,EUR,7127600000.0,1314400000.0,142400000.0,15052700000.0,2676400000.0,6114500000.0,0.0094600968596995,0.0532057988342549,0.0199786744486222,2.2845987146913767,Financial Services,Asset Management,France,,,direct
E033,Wendel,WEND,MF.PA,FR0000121204,France,Financial Services,Financials,2024,3426871552.0,EUR,7156600000.0,1587400000.0,293900000.0,15458100000.0,3222900000.0,6746900000.0,0.019012685905771,0.0911911632380775,0.0410669871167873,2.0934251760836515,Financial Services,Asset Management,France,,,direct
E034,3i,III,III.L,GB00B1YW4409,United Kingdom,Financial Services,Financials,2022,23761625088.0,GBp,,,,,,,,,,,Financial Services,Asset Management,United Kingdom,yfinance sin datos financieros para 2022 (FY ends March 31; balance_sheet cubre solo últimos 4 ejercicios),,gap_fy
E034,3i,III,III.L,GB00B1YW4409,United Kingdom,Financial Services,Financials,2023,23761625088.0,GBp,4712000000.0,4581000000.0,4573000000.0,17819000000.0,16844000000.0,785000000.0,0.2566361748695213,0.2714913322251246,0.9705008488964346,0.046604132035146,Financial Services,Asset Management,United Kingdom,,,pretax+da
E034,3i,III,III.L,GB00B1YW4409,United Kingdom,Financial Services,Financials,2024,23761625088.0,GBp,3984000000.0,3846000000.0,3836000000.0,21641000000.0,20170000000.0,1251000000.0,0.1772561341897324,0.1901834407535944,0.96285140562249,0.0620228061477441,Financial Services,Asset Management,United Kingdom,,,pretax+da
E035,Exor,EXO,EXO.AS,CH1159308571,Netherlands,Financial Services,Financials,2022,21709125632.0,EUR,41845000000.0,5961000000.0,4227000000.0,83699000000.0,20627000000.0,33662000000.0,0.050502395488596,0.2049255829737722,0.101015653005138,1.6319387210937122,Industrials,Farm & Heavy Construction Machinery,Netherlands,,,direct
E035,Exor,EXO,EXO.AS,CH1159308571,Netherlands,Financial Services,Financials,2023,21709125632.0,EUR,48667000000.0,10945000000.0,4194000000.0,94779000000.0,23268000000.0,37986000000.0,0.0442503086126673,0.1802475502836513,0.0861774919349867,1.6325425477050026,Industrials,Farm & Heavy Construction Machinery,Netherlands,,,direct
E035,Exor,EXO,EXO.AS,CH1159308571,Netherlands,Financial Services,Financials,2024,21709125632.0,EUR,15313000000.0,14875000000.0,14671000000.0,42460000000.0,38212000000.0,4090000000.0,0.3455252001884126,0.3839369831466555,0.9580748383726244,0.1070344394431068,Industrials,Farm & Heavy Construction Machinery,Netherlands,,,direct
E036,Glanbia,GLB,GLB.L,IE0000669501,Ireland,"Food, Beverage and Tobacco",Consumer Staples,2022,5013061632.0,EUR,5943700000.0,407900000.0,271400000.0,4117200000.0,1984300000.0,1080400000.0,0.0659185854464199,0.1367736733356851,0.0456617931591432,0.5444741218565741,Consumer Defensive,Packaged Foods,Ireland,,,direct
E036,Glanbia,GLB,GLB.L,IE0000669501,Ireland,"Food, Beverage and Tobacco",Consumer Staples,2023,5013061632.0,EUR,5425400000.0,560600000.0,344400000.0,3799100000.0,2132600000.0,771800000.0,0.0906530494064383,0.1614930132232955,0.063479190474435,0.3619056550689299,Consumer Defensive,Packaged Foods,Ireland,,,direct
E036,Glanbia,GLB,GLB.L,IE0000669501,Ireland,"Food, Beverage and Tobacco",Consumer Staples,2024,5013061632.0,EUR,3839700000.0,454000000.0,164700000.0,3874500000.0,2072800000.0,958900000.0,0.0425087108013937,0.079457738324971,0.0428939760918821,0.4626109610189116,Consumer Defensive,Packaged Foods,Ireland,,,direct
E037,Pernod Ricard,PERP,RI.PA,FR0000120693,France,"Food, Beverage and Tobacco",Consumer Staples,2022,16196374528.0,EUR,10701000000.0,3332000000.0,1996000000.0,36012000000.0,15944000000.0,11172000000.0,0.0554259691214039,0.1251881585549423,0.1865246238669283,0.7007024586051179,Consumer Defensive,Beverages - Wineries & Distilleries,France,,,direct
E037,Pernod Ricard,PERP,RI.PA,FR0000120693,France,"Food, Beverage and Tobacco",Consumer Staples,2023,16196374528.0,EUR,12137000000.0,3634000000.0,2262000000.0,37676000000.0,15717000000.0,11870000000.0,0.0600382206178999,0.1439205955334987,0.1863722501441872,0.7552331869949735,Consumer Defensive,Beverages - Wineries & Distilleries,France,,,direct
E037,Pernod Ricard,PERP,RI.PA,FR0000120693,France,"Food, Beverage and Tobacco",Consumer Staples,2024,16196374528.0,EUR,11598000000.0,3188000000.0,1476000000.0,39185000000.0,15749000000.0,13618000000.0,0.0376674747990302,0.0937202362054733,0.1272633212622866,0.8646898215759731,Consumer Defensive,Beverages - Wineries & Distilleries,France,,,direct
E038,Davide Campari-Milano,CPR,CPR.MI,NL0015435975,Italy,"Food, Beverage and Tobacco",Consumer Staples,2022,6751561728.0,EUR,2697600000.0,597000000.0,333000000.0,6015300000.0,2676200000.0,1789300000.0,0.0553588349708243,0.1244301621702413,0.1234430604982206,0.6685972647784172,Consumer Defensive,Beverages - Wineries & Distilleries,Italy,,,direct
E038,Davide Campari-Milano,CPR,CPR.MI,NL0015435975,Italy,"Food, Beverage and Tobacco",Consumer Staples,2023,6751561728.0,EUR,2918600000.0,647500000.0,330500000.0,6675600000.0,2925200000.0,2253900000.0,0.049508658397747,0.1129837276083686,0.1132392242856163,0.7705114180226993,Consumer Defensive,Beverages - Wineries & Distilleries,Italy,,,direct
E038,Davide Campari-Milano,CPR,CPR.MI,NL0015435975,Italy,"Food, Beverage and Tobacco",Consumer Staples,2024,6751561728.0,EUR,3069800000.0,493400000.0,201600000.0,8483300000.0,3854000000.0,2863600000.0,0.0237643369915009,0.0523092890503373,0.065672030751189,0.7430202387130255,Consumer Defensive,Beverages - Wineries & Distilleries,Italy,,,direct
E039,Novo Nordisk,NOVO B,NOVO-B.CO,DK0060534915,Denmark,Health Care,Health Care,2022,1273703825408.0,DKK,176954000000.0,76802000000.0,55525000000.0,241257000000.0,83486000000.0,25784000000.0,0.2301487625229527,0.6650815705627291,0.3137821128654904,0.3088422010876075,Healthcare,Drug Manufacturers - General,Denmark,,,direct
E039,Novo Nordisk,NOVO B,NOVO-B.CO,DK0060534915,Denmark,Health Care,Health Care,2023,1273703825408.0,DKK,232261000000.0,114629000000.0,83683000000.0,314486000000.0,106561000000.0,27006000000.0,0.2660945161310837,0.7853060688244292,0.3602972517986231,0.2534323063785062,Healthcare,Drug Manufacturers - General,Denmark,,,direct
E039,Novo Nordisk,NOVO B,NOVO-B.CO,DK0060534915,Denmark,Health Care,Health Care,2024,1273703825408.0,DKK,290403000000.0,147938000000.0,100988000000.0,465630000000.0,143486000000.0,102787000000.0,0.2168846509030775,0.7038177940705016,0.3477512284652707,0.7163556026371911,Healthcare,Drug Manufacturers - General,Denmark,,,direct
E040,ConvaTec,CTEC,CTEC.L,GB00BD3VFW73,United Kingdom,Health Care,Health Care,2022,3944089088.0,GBp,2072500000.0,340200000.0,62900000.0,3592000000.0,1609700000.0,1300200000.0,0.017511135857461,0.0390756041498415,0.0303498190591073,0.8077281481021308,Healthcare,Medical Instruments & Supplies,United Kingdom,,,direct
E040,ConvaTec,CTEC,CTEC.L,GB00BD3VFW73,United Kingdom,Health Care,Health Care,2023,3944089088.0,GBp,2142400000.0,455500000.0,130300000.0,3713700000.0,1692700000.0,1312400000.0,0.0350863020707111,0.0769776097359248,0.060819641523525,0.7753293554675962,Healthcare,Medical Instruments & Supplies,United Kingdom,,,direct
E040,ConvaTec,CTEC,CTEC.L,GB00BD3VFW73,United Kingdom,Health Care,Health Care,2024,3944089088.0,GBp,2289000000.0,541000000.0,191000000.0,3515000000.0,1689000000.0,1202000000.0,0.0543385490753911,0.113084665482534,0.0834425513324595,0.7116637063351096,Healthcare,Medical Instruments & Supplies,United Kingdom,,,direct
E041,Alcon,ALC,ALC.SW,CH0432492467,Switzerland,Health Care,Health Care,2022,25965148160.0,CHF,8717000000.0,1720000000.0,335000000.0,29165000000.0,19677000000.0,5068000000.0,0.0114863706497514,0.0170249529908014,0.0384306527475048,0.2575595873354678,Healthcare,Medical Instruments & Supplies,Switzerland,,,direct
E041,Alcon,ALC,ALC.SW,CH0432492467,Switzerland,Health Care,Health Care,2023,25965148160.0,CHF,9455000000.0,2242000000.0,974000000.0,29614000000.0,20624000000.0,5135000000.0,0.0328898493955561,0.0472265321955003,0.1030142781597038,0.2489817688130333,Healthcare,Medical Instruments & Supplies,Switzerland,,,direct
E041,Alcon,ALC,ALC.SW,CH0432492467,Switzerland,Health Care,Health Care,2024,25965148160.0,CHF,9911000000.0,2676000000.0,1018000000.0,30347000000.0,21533000000.0,497000000.0,0.0335453257323623,0.0472762736265267,0.1027141559882958,0.0230808526447777,Healthcare,Medical Instruments & Supplies,Switzerland,,,direct
E042,Qiagen,QIA,QGEN,NL0015002SN0,Netherlands,Health Care,Health Care,2022,7301353472.0,USD,2141518000.0,779355000.0,423211000.0,6287735000.0,3466611000.0,1883670000.0,0.0673073849327301,0.1220820565099458,0.1976219672213822,0.543375071503552,Healthcare,Diagnostics & Research,Netherlands,,,direct
E042,Qiagen,QIA,QGEN,NL0015002SN0,Netherlands,Health Care,Health Care,2023,7301353472.0,USD,1965311000.0,688555000.0,341303000.0,6115190000.0,3807764000.0,1532062000.0,0.0558123296250811,0.089633443669303,0.1736636084568803,0.4023521415717991,Healthcare,Diagnostics & Research,Netherlands,,,direct
E042,Qiagen,QIA,QGEN,NL0015002SN0,Netherlands,Health Care,Health Care,2024,7301353472.0,USD,1978214000.0,368256000.0,83591000.0,5689622000.0,3567339000.0,1512541000.0,0.0146918371730143,0.023432311871678,0.0422557923460252,0.4239969904738518,Healthcare,Diagnostics & Research,Netherlands,,,direct
E043,Lonza Group,LONN,LONN.SW,CH0013841017,Switzerland,Health Care,Health Care,2022,34384314368.0,CHF,6223000000.0,2107000000.0,1215000000.0,17356000000.0,10597000000.0,2587000000.0,0.0700046093569947,0.1146550910635085,0.1952434517113932,0.2441256959516844,Healthcare,Diagnostics & Research,Switzerland,,,direct
E043,Lonza Group,LONN,LONN.SW,CH0013841017,Switzerland,Health Care,Health Care,2023,34384314368.0,CHF,6717000000.0,1504000000.0,654000000.0,16848000000.0,9452000000.0,3132000000.0,0.0388176638176638,0.069191705459162,0.0973648950424296,0.3313584426576386,Healthcare,Diagnostics & Research,Switzerland,,,direct
E043,Lonza Group,LONN,LONN.SW,CH0013841017,Switzerland,Health Care,Health Care,2024,34384314368.0,CHF,5480000000.0,1495000000.0,636000000.0,19733000000.0,9328000000.0,5120000000.0,0.0322302741600364,0.0681818181818181,0.1160583941605839,0.548885077186964,Healthcare,Diagnostics & Research,Switzerland,,,direct
E044,Leonardo,LDO,LDO.MI,IT0003856405,Italy,Industrial Goods and Services,Industrials,2022,30580447232.0,EUR,14713000000.0,1650000000.0,927000000.0,28582000000.0,7183000000.0,4613000000.0,0.0324329997900776,0.1290547125156619,0.0630055053354176,0.6422107754420159,Industrials,Aerospace & Defense,Italy,,,direct
E044,Leonardo,LDO,LDO.MI,IT0003856405,Italy,Industrial Goods and Services,Industrials,2023,30580447232.0,EUR,15291000000.0,1540000000.0,658000000.0,30693000000.0,7800000000.0,4929000000.0,0.0214381129247711,0.0843589743589743,0.0430318487999476,0.6319230769230769,Industrials,Aerospace & Defense,Italy,,,direct
E044,Leonardo,LDO,LDO.MI,IT0003856405,Italy,Industrial Goods and Services,Industrials,2024,30580447232.0,EUR,17763000000.0,2250000000.0,1074000000.0,33673000000.0,8990000000.0,4700000000.0,0.0318949900513764,0.1194660734149054,0.0604627596689748,0.5228031145717463,Industrials,Aerospace & Defense,Italy,,,direct
E045,Bolloré,BOL,BOL.PA,FR0000039299,France,Industrial Goods and Services,Industrials,2022,15159518208.0,EUR,13635200000.0,258400000.0,3399800000.0,57230300000.0,23269400000.0,6824000000.0,0.0594055945888803,0.1461060448485994,0.2493399436751936,0.2932606771124309,Communication Services,Entertainment,France,,,direct
E045,Bolloré,BOL,BOL.PA,FR0000039299,France,Industrial Goods and Services,Industrials,2023,15159518208.0,EUR,3173800000.0,207000000.0,268500000.0,63243600000.0,23075300000.0,7415700000.0,0.0042454888716012,0.0116358183858931,0.0845989035225912,0.3213696029954107,Communication Services,Entertainment,France,,,direct
E045,Bolloré,BOL,BOL.PA,FR0000039299,France,Industrial Goods and Services,Industrials,2024,15159518208.0,EUR,3130300000.0,366500000.0,1822300000.0,27669900000.0,25447700000.0,395800000.0,0.0658585683359896,0.0716096150143234,0.5821486758457656,0.0155534684863465,Communication Services,Entertainment,France,,,direct
E046,SGS S.A.,SGSN,SGSN.SW,CH0002497458,Switzerland,Industrial Goods and Services,Industrials,2022,17302247424.0,CHF,6642000000.0,1413000000.0,588000000.0,7122000000.0,682000000.0,4446000000.0,0.0825610783487784,0.8621700879765396,0.088527551942186,6.519061583577713,Industrials,Consulting Services,Switzerland,,,direct
E046,SGS S.A.,SGSN,SGSN.SW,CH0002497458,Switzerland,Industrial Goods and Services,Industrials,2023,17302247424.0,CHF,6622000000.0,1417000000.0,553000000.0,6761000000.0,459000000.0,4408000000.0,0.0817926342257062,1.2047930283224402,0.0835095137420718,9.603485838779957,Industrials,Consulting Services,Switzerland,,,direct
E046,SGS S.A.,SGSN,SGSN.SW,CH0002497458,Switzerland,Industrial Goods and Services,Industrials,2024,17302247424.0,CHF,6794000000.0,1391000000.0,581000000.0,6749000000.0,797000000.0,3880000000.0,0.0860868276781745,0.7289836888331243,0.0855166323226376,4.868255959849435,Industrials,Consulting Services,Switzerland,,,direct
E047,Safran,SAF,SAF.PA,FR0000073272,France,Industrial Goods and Services,Industrials,2022,122639482880.0,EUR,19523000000.0,-1405000000.0,-2459000000.0,46828000000.0,10411000000.0,6949000000.0,-0.0525113180148629,-0.2361924887138603,-0.1259540029708548,0.6674671021035443,Industrials,Aerospace & Defense,France,,,direct
E047,Safran,SAF,SAF.PA,FR0000073272,France,Industrial Goods and Services,Industrials,2023,122639482880.0,EUR,23651000000.0,6392000000.0,3444000000.0,50468000000.0,11577000000.0,6582000000.0,0.0682412617896488,0.2974863954392329,0.1456175214578664,0.5685410728167919,Industrials,Aerospace & Defense,France,,,direct
E047,Safran,SAF,SAF.PA,FR0000073272,France,Industrial Goods and Services,Industrials,2024,122639482880.0,EUR,27716000000.0,676000000.0,-667000000.0,55012000000.0,10176000000.0,5058000000.0,-0.0121246273540318,-0.0655463836477987,-0.0240655217203059,0.4970518867924528,Industrials,Aerospace & Defense,France,,,direct
E048,AXA,CS,CS.PA,FR001400UEZ6,France,Insurance,Financials,2022,82121351168.0,EUR,81461000000.0,7289000000.0,5061000000.0,638357000000.0,46072000000.0,63658000000.0,0.0079281655875944,0.1098498003125542,0.0621278894194768,1.381706893557909,Financial Services,Insurance - Diversified,France,,,ebit+da
E048,AXA,CS,CS.PA,FR001400UEZ6,France,Insurance,Financials,2023,82121351168.0,EUR,97671000000.0,,7189000000.0,644385000000.0,49579000000.0,59870000000.0,0.0111563739069034,0.1450009076423485,0.0736042428151652,1.2075677202041186,Financial Services,Insurance - Diversified,France,,,sin_datos
E048,AXA,CS,CS.PA,FR001400UEZ6,France,Insurance,Financials,2024,82121351168.0,EUR,103262000000.0,9416000000.0,7886000000.0,653762000000.0,49943000000.0,62450000000.0,0.0120624936903643,0.1579000060068478,0.0763688481726094,1.2504254850529604,Financial Services,Insurance - Diversified,France,,,pretax+da
E049,Talanx,TLX,TLX.DE,DE000TLX1005,Germany,Insurance,Financials,2022,27811262464.0,EUR,18728000000.0,2906000000.0,706000000.0,158479000000.0,8640000000.0,9535000000.0,0.0044548489074262,0.0817129629629629,0.0376975651431012,1.103587962962963,Financial Services,Insurance - Diversified,Germany,,,ebit+da
E049,Talanx,TLX,TLX.DE,DE000TLX1005,Germany,Insurance,Financials,2023,27811262464.0,EUR,19233000000.0,3222000000.0,1581000000.0,168525000000.0,10447000000.0,9105000000.0,0.0093813974187805,0.1513353115727003,0.0822024645141163,0.8715420694936346,Financial Services,Insurance - Diversified,Germany,,,ebit+da
E049,Talanx,TLX,TLX.DE,DE000TLX1005,Germany,Insurance,Financials,2024,27811262464.0,EUR,47674000000.0,5202000000.0,1977000000.0,180419000000.0,11661000000.0,8788000000.0,0.0109578259495951,0.1695394906097247,0.0414691446071233,0.7536231884057971,Financial Services,Insurance - Diversified,Germany,,,ebit+da
E050,Aviva,AV,AV.L,GB0002162385,United Kingdom,Insurance,Financials,2022,18899560448.0,GBp,-19538000000.0,-887000000.0,-1051000000.0,309583000000.0,9904000000.0,8070000000.0,-0.0033948892542549,-0.1061187399030694,0.0537926092742348,0.8148222940226171,Financial Services,Insurance - Diversified,United Kingdom,,,ebit+da
E050,Aviva,AV,AV.L,GB0002162385,United Kingdom,Insurance,Financials,2023,18899560448.0,GBp,40456000000.0,2027000000.0,1085000000.0,328843000000.0,9282000000.0,7367000000.0,0.003299446848496,0.116892911010558,0.0268192604310856,0.7936867054514113,Financial Services,Insurance - Diversified,United Kingdom,,,ebit+da
E050,Aviva,AV,AV.L,GB0002162385,United Kingdom,Insurance,Financials,2024,18899560448.0,GBp,39904000000.0,1584000000.0,683000000.0,353883000000.0,8305000000.0,6886000000.0,0.0019300164178556,0.0822396146899458,0.0171160785886126,0.8291390728476821,Financial Services,Insurance - Diversified,United Kingdom,,,ebit+da
E051,Tryg,TRYG,TRYG.CO,DK0060636678,Denmark,Insurance,Financials,2022,91827863552.0,DKK,33909000000.0,4613000000.0,2247000000.0,113387000000.0,42500000000.0,11279000000.0,0.0198170866148676,0.0528705882352941,0.0662655932053437,0.2653882352941176,Financial Services,Insurance - Diversified,Denmark,,,ebit+da
E051,Tryg,TRYG,TRYG.CO,DK0060636678,Denmark,Insurance,Financials,2023,91827863552.0,DKK,40213000000.0,7282000000.0,3794000000.0,112940000000.0,40349000000.0,9417000000.0,0.0335930582610235,0.0940295918114451,0.0943475990351379,0.2333886837344172,Financial Services,Insurance - Diversified,Denmark,,,ebit+da
E051,Tryg,TRYG,TRYG.CO,DK0060636678,Denmark,Insurance,Financials,2024,91827863552.0,DKK,40255000000.0,8362000000.0,4816000000.0,104376000000.0,38863000000.0,6617000000.0,0.0461408752970031,0.1239224969765586,0.1196373121351385,0.1702647762653423,Financial Services,Insurance - Diversified,Denmark,,,ebit+da
E052,Zurich Insurance Group,ZURN,ZURN.SW,CH0011075394,Switzerland,Insurance,Financials,2022,85110603776.0,CHF,44763000000.0,6574000000.0,3964000000.0,335412000000.0,25683000000.0,15715000000.0,0.0118183010744994,0.1543433399524977,0.0885552800303822,0.6118833469610248,Financial Services,Insurance - Diversified,Switzerland,,,ebit+da
E052,Zurich Insurance Group,ZURN,ZURN.SW,CH0011075394,Switzerland,Insurance,Financials,2023,85110603776.0,CHF,78098000000.0,7766000000.0,4351000000.0,361382000000.0,24860000000.0,15455000000.0,0.0120398913061524,0.1750201126307321,0.055712054085892,0.6216814159292036,Financial Services,Insurance - Diversified,Switzerland,,,ebit+da
E052,Zurich Insurance Group,ZURN,ZURN.SW,CH0011075394,Switzerland,Insurance,Financials,2024,85110603776.0,CHF,86046000000.0,9816000000.0,5814000000.0,358005000000.0,25472000000.0,14428000000.0,0.0162399966480915,0.2282506281407035,0.0675685098668154,0.566425879396985,Financial Services,Insurance - Diversified,Switzerland,,,ebit+da
E053,Viaplay,VPLAY B,VPLAY-B.ST,SE0012116390,Sweden,Media,Communication Services,2022,7712223744.0,SEK,15691000000.0,730000000.0,323000000.0,21863000000.0,8910000000.0,4413000000.0,0.0147738187805882,0.0362514029180695,0.0205850487540628,0.4952861952861953,Communication Services,Entertainment,Sweden,,,direct
E053,Viaplay,VPLAY B,VPLAY-B.ST,SE0012116390,Sweden,Media,Communication Services,2023,7712223744.0,SEK,18567000000.0,-9904000000.0,-9747000000.0,19717000000.0,-1090000000.0,7651000000.0,-0.494344981488056,8.942201834862386,-0.5249636451769268,-7.019266055045872,Communication Services,Entertainment,Sweden,,,direct
E053,Viaplay,VPLAY B,VPLAY-B.ST,SE0012116390,Sweden,Media,Communication Services,2024,7712223744.0,SEK,18490000000.0,804000000.0,106000000.0,16854000000.0,3677000000.0,2434000000.0,0.0062893081761006,0.0288278487897742,0.0057328285559762,0.6619526788142508,Communication Services,Entertainment,Sweden,,,direct
E054,Ontex,ONT,ONTEX.BR,BE0974276082,Belgium,"Personal Care, Drug and Grocery Stores",Consumer Staples,2022,211692480.0,EUR,1672200000.0,-8200000.0,-270300000.0,2694500000.0,858500000.0,1037100000.0,-0.1003154574132492,-0.3148514851485148,-0.1616433440975959,1.2080372743156669,Consumer Defensive,Household & Personal Products,Belgium,,,direct
E054,Ontex,ONT,ONTEX.BR,BE0974276082,Belgium,"Personal Care, Drug and Grocery Stores",Consumer Staples,2023,211692480.0,EUR,1794700000.0,171500000.0,34800000.0,2361700000.0,902000000.0,813000000.0,0.0147351484100436,0.038580931263858,0.0193904273694767,0.9013303769401332,Consumer Defensive,Household & Personal Products,Belgium,,,direct
E054,Ontex,ONT,ONTEX.BR,BE0974276082,Belgium,"Personal Care, Drug and Grocery Stores",Consumer Staples,2024,211692480.0,EUR,1860500000.0,142200000.0,10300000.0,2360600000.0,925700000.0,720200000.0,0.0043632974667457,0.0111267149184401,0.0055361461972588,0.7780058334233553,Consumer Defensive,Household & Personal Products,Belgium,,,direct
E055,Unilever,ULVR,ULVR.L,GB00B10RZP78,United Kingdom,"Personal Care, Drug and Grocery Stores",Consumer Staples,2022,92093358080.0,GBp,60073000000.0,13072000000.0,7642000000.0,77821000000.0,19021000000.0,28439000000.0,0.0981997147299572,0.4017664686399242,0.1272118921978259,1.4951369538930657,Consumer Defensive,Household & Personal Products,United Kingdom,,,direct
E055,Unilever,ULVR,ULVR.L,GB00B10RZP78,United Kingdom,"Personal Care, Drug and Grocery Stores",Consumer Staples,2023,92093358080.0,GBp,51680000000.0,10730000000.0,6487000000.0,75266000000.0,18102000000.0,28593000000.0,0.0861876544522095,0.358358192464921,0.1255224458204334,1.5795492210805435,Consumer Defensive,Household & Personal Products,United Kingdom,,,direct
E055,Unilever,ULVR,ULVR.L,GB00B10RZP78,United Kingdom,"Personal Care, Drug and Grocery Stores",Consumer Staples,2024,92093358080.0,GBp,52479000000.0,10740000000.0,5744000000.0,79750000000.0,19990000000.0,30655000000.0,0.0720250783699059,0.2873436718359179,0.1094533051315764,1.5335167583791895,Consumer Defensive,Household & Personal Products,United Kingdom,,,direct
E056,Dia,DIA,DIA.MC,DE0005146807,Spain,"Personal Care, Drug and Grocery Stores",Consumer Staples,2022,2273777408.0,EUR,5942400000.0,328659000.0,-123848000.0,3120940000.0,7557000.0,1303846000.0,-0.039682916044525,-16.388513960566364,-0.0208414108777598,172.53486833399498,Consumer Defensive,Discount Stores,Spain,excluido del corpus NLP (Decisión 010): sin contenido ESG en 2022,,direct
E056,Dia,DIA,DIA.MC,DE0005146807,Spain,"Personal Care, Drug and Grocery Stores",Consumer Staples,2023,2273777408.0,EUR,4992607000.0,415541000.0,-30242000.0,2627335000.0,-40667000.0,963930000.0,-0.0115105230204751,0.7436496422160475,-0.0060573564071836,-23.703002434406276,Consumer Defensive,Discount Stores,Spain,,,direct
E056,Dia,DIA,DIA.MC,DE0005146807,Spain,"Personal Care, Drug and Grocery Stores",Consumer Staples,2024,2273777408.0,EUR,5880257000.0,444696000.0,-60784000.0,2306750000.0,30328000.0,983690000.0,-0.0263504931180231,-2.0042205222896334,-0.0103369631633447,32.43504352413611,Consumer Defensive,Discount Stores,Spain,,,direct
E057,Colruyt,COLR,COLR.BR,BE0003775898,Belgium,"Personal Care, Drug and Grocery Stores",Consumer Staples,2022,3927088896.0,EUR,9251100000.0,737500000.0,287300000.0,5613600000.0,2462100000.0,1000700000.0,0.0511792788941142,0.1166890053206612,0.0310557663412999,0.4064416554973397,Consumer Defensive,Grocery Stores,Belgium,,,direct
E057,Colruyt,COLR,COLR.BR,BE0003775898,Belgium,"Personal Care, Drug and Grocery Stores",Consumer Staples,2023,3927088896.0,EUR,9691000000.0,690800000.0,200600000.0,6147600000.0,2510300000.0,1355100000.0,0.0326306200793805,0.0799107676373341,0.0206996182024558,0.5398159582520018,Consumer Defensive,Grocery Stores,Belgium,,,direct
E057,Colruyt,COLR,COLR.BR,BE0003775898,Belgium,"Personal Care, Drug and Grocery Stores",Consumer Staples,2024,3927088896.0,EUR,10844800000.0,1642400000.0,1050900000.0,6571200000.0,3173600000.0,1018200000.0,0.1599251278305332,0.33113813965213,0.0969035851283564,0.3208343836652382,Consumer Defensive,Grocery Stores,Belgium,,,direct
E058,Segro,SGRO,SGRO.L,GB00B5ZN1N88,United Kingdom,Real Estate,Real Estate,2022,9707298816.0,GBp,669000000.0,-1878000000.0,-1927000000.0,17348000000.0,11373000000.0,4961000000.0,-0.1110790869264468,-0.1694363844192385,-2.8804185351270553,0.436208564143146,Real Estate,REIT - Industrial,United Kingdom,,,direct
E058,Segro,SGRO,SGRO.L,GB00B5ZN1N88,United Kingdom,Real Estate,Real Estate,2023,9707298816.0,GBp,749000000.0,-134000000.0,-253000000.0,17306000000.0,10904000000.0,5423000000.0,-0.0146192072113717,-0.0232024944974321,-0.3377837116154873,0.4973404255319149,Real Estate,REIT - Industrial,United Kingdom,,,direct
E058,Segro,SGRO,SGRO.L,GB00B5ZN1N88,United Kingdom,Real Estate,Real Estate,2024,9707298816.0,GBp,675000000.0,763000000.0,594000000.0,17574000000.0,12049000000.0,4677000000.0,0.0337999317173096,0.0492986969873018,0.88,0.3881649929454726,Real Estate,REIT - Industrial,United Kingdom,,,direct
E059,Merlin Properties,MRL,MRL.MC,ES0105025003,Spain,Real Estate,Real Estate,2022,9379194880.0,EUR,439038000.0,153423000.0,263087000.0,12051483000.0,6849224000.0,4249281000.0,0.0218302593962917,0.0384112127154842,0.5992351459326983,0.6204032748819428,Real Estate,REIT - Office,Spain,,,direct
E059,Merlin Properties,MRL,MRL.MC,ES0105025003,Spain,Real Estate,Real Estate,2023,9379194880.0,EUR,464779000.0,36599000.0,-83497000.0,12065411000.0,6539038000.0,4523912000.0,-0.0069203610220986,-0.0127690036363147,-0.1796488223435224,0.6918314284150053,Real Estate,REIT - Office,Spain,,,direct
E059,Merlin Properties,MRL,MRL.MC,ES0105025003,Spain,Real Estate,Real Estate,2024,9379194880.0,EUR,494572000.0,430518000.0,283759000.0,13459195000.0,7500980000.0,4922456000.0,0.0210829102334872,0.0378295902668718,0.5737465930137573,0.6562417177488808,Real Estate,REIT - Office,Spain,,,direct
E060,Gecina,GFC,GFC.PA,FR0010040865,France,Real Estate,Real Estate,2022,5395877888.0,EUR,765234000.0,263768000.0,169583000.0,20677859000.0,12757236000.0,7277357000.0,0.0082011875600854,0.0132930832352713,0.2216093377973273,0.5704493512544567,Real Estate,REIT - Office,France,,,direct
E060,Gecina,GFC,GFC.PA,FR0010040865,France,Real Estate,Real Estate,2023,5395877888.0,EUR,835687000.0,-1691660000.0,-1787184000.0,17648750000.0,10582743000.0,6433961000.0,-0.1012640555280119,-0.1688771994179581,-2.1385805929732067,0.6079672349597831,Real Estate,REIT - Office,France,,,direct
E060,Gecina,GFC,GFC.PA,FR0010040865,France,Real Estate,Real Estate,2024,5395877888.0,EUR,843245000.0,414634000.0,309763000.0,17917968000.0,10505992000.0,6762341000.0,0.0172878420142283,0.0294844123239385,0.3673463821309347,0.6436651579403448,Real Estate,REIT - Office,France,,,direct
E061,Castellum,CAST,CAST.ST,SE0020202745,Sweden,Real Estate,Real Estate,2022,58012315648.0,SEK,8928000000.0,3889000000.0,1750000000.0,179731000000.0,78983000000.0,78440000000.0,0.0097367732889707,0.0221566666244634,0.1960125448028674,0.993125102870238,Real Estate,Real Estate - Development,Sweden,,,direct
E061,Castellum,CAST,CAST.ST,SE0020202745,Sweden,Real Estate,Real Estate,2023,58012315648.0,SEK,9806000000.0,-12276000000.0,-11592000000.0,159336000000.0,77177000000.0,63112000000.0,-0.0727519204699503,-0.1502001891755315,-1.182133387721803,0.8177565855112274,Real Estate,Real Estate - Development,Sweden,,,direct
E061,Castellum,CAST,CAST.ST,SE0020202745,Sweden,Real Estate,Real Estate,2024,58012315648.0,SEK,9784000000.0,5571000000.0,2357000000.0,157859000000.0,79174000000.0,60097000000.0,0.0149310460600916,0.0297698739485184,0.240903515944399,0.7590496880288984,Real Estate,Real Estate - Development,Sweden,,,direct
E062,Delivery Hero,DHER,DHER.DE,DE000A2E4K43,Germany,Retail,Consumer Discretionary,2022,11584992256.0,EUR,8577400000.0,-2151700000.0,-3008400000.0,12860200000.0,3719700000.0,5684600000.0,-0.2339310430630939,-0.8087749012017098,-0.3507356541609345,1.528241524854155,Consumer Cyclical,Internet Retail,Germany,,,direct
E062,Delivery Hero,DHER,DHER.DE,DE000A2E4K43,Germany,Retail,Consumer Discretionary,2023,11584992256.0,EUR,9941800000.0,-1305000000.0,-2297500000.0,10487800000.0,1653500000.0,5642700000.0,-0.2190640553786304,-1.3894768672512852,-0.2310949727413546,3.4125793770789237,Consumer Cyclical,Internet Retail,Germany,,,direct
E062,Delivery Hero,DHER,DHER.DE,DE000A2E4K43,Germany,Retail,Consumer Discretionary,2024,11584992256.0,EUR,12294800000.0,239900000.0,-882400000.0,12420400000.0,2592300000.0,5667400000.0,-0.0710444108080255,-0.3403927014620221,-0.0717701792627777,2.1862438760945877,Consumer Cyclical,Internet Retail,Germany,,,direct
E063,Travis Perkins,TPK,TPK.L,GB00BV9FP302,United Kingdom,Retail,Consumer Discretionary,2022,1154529152.0,GBp,4994800000.0,461800000.0,192200000.0,4136400000.0,2102200000.0,1054200000.0,0.0464655255777971,0.0914280277804205,0.0384800192199887,0.5014746456093616,Industrials,Industrial Distribution,United Kingdom,,,direct
E063,Travis Perkins,TPK,TPK.L,GB00BV9FP302,United Kingdom,Retail,Consumer Discretionary,2023,1154529152.0,GBp,4837100000.0,354000000.0,38100000.0,4025500000.0,2040300000.0,1053500000.0,0.0094646627748105,0.0186737244522864,0.0078766202890161,0.5163456354457677,Industrials,Industrial Distribution,United Kingdom,,,direct
E063,Travis Perkins,TPK,TPK.L,GB00BV9FP302,United Kingdom,Retail,Consumer Discretionary,2024,1154529152.0,GBp,4607400000.0,202700000.0,-77400000.0,4031200000.0,1974100000.0,1089600000.0,-0.0192002381424885,-0.0392077402360569,-0.0167990623779137,0.5519477230130186,Industrials,Industrial Distribution,United Kingdom,,,direct
E064,H&M,HMB,HNNMY,US4258831050,Sweden,Retail,Consumer Discretionary,2022,27546497024.0,USD,223553000000.0,29910000000.0,3566000000.0,182048000000.0,50757000000.0,72635000000.0,0.0195882404640534,0.0702563193254132,0.0159514745943914,1.4310341430738618,Consumer Cyclical,Apparel Manufacturing,Sweden,,,direct
E064,H&M,HMB,HNNMY,US4258831050,Sweden,Retail,Consumer Discretionary,2023,27546497024.0,USD,236035000000.0,38108000000.0,8745000000.0,181273000000.0,47428000000.0,77970000000.0,0.048242154099066,0.1843847516235135,0.0370495901031626,1.6439655899468668,Consumer Cyclical,Apparel Manufacturing,Sweden,,,direct
E064,H&M,HMB,HNNMY,US4258831050,Sweden,Retail,Consumer Discretionary,2024,27546497024.0,USD,234478000000.0,40448000000.0,11621000000.0,180214000000.0,46142000000.0,76954000000.0,0.0644844462694352,0.2518529755970699,0.0495611528586903,1.667764726279745,Consumer Cyclical,Apparel Manufacturing,Sweden,,,direct
E065,Marks & Spencer,MKS,MKS.L,GB0031274896,United Kingdom,Retail,Consumer Discretionary,2022,7091512832.0,GBp,10885100000.0,1191700000.0,306600000.0,9443400000.0,2913700000.0,3808200000.0,0.0324671198932587,0.1052270309228815,0.0281669438039154,1.3069979750832277,Consumer Cyclical,Department Stores,United Kingdom,,,direct
E065,Marks & Spencer,MKS,MKS.L,GB0031274896,United Kingdom,Retail,Consumer Discretionary,2023,7091512832.0,GBp,11931300000.0,1246700000.0,363400000.0,9097800000.0,2676400000.0,3628000000.0,0.039943722658225,0.1357794051711253,0.030457703686941,1.355552234344642,Consumer Cyclical,Department Stores,United Kingdom,,,direct
E065,Marks & Spencer,MKS,MKS.L,GB0031274896,United Kingdom,Retail,Consumer Discretionary,2024,7091512832.0,GBp,13040100000.0,1417900000.0,431200000.0,8682200000.0,2831200000.0,3133200000.0,0.0496648314943217,0.1523029104266742,0.0330672310795162,1.1066685504379767,Consumer Cyclical,Department Stores,United Kingdom,,,direct
E066,JD Sports,JD,JD.L,GB00BM8Q5M07,United Kingdom,Retail,Consumer Discretionary,2022,3823118848.0,GBp,,,,,,,,,,,Consumer Cyclical,Apparel Retail,United Kingdom,yfinance sin datos financieros para 2022 (FY ends January 31; balance_sheet cubre solo últimos 4 ejercicios),,gap_fy
E066,JD Sports,JD,JD.L,GB00BM8Q5M07,United Kingdom,Retail,Consumer Discretionary,2023,3823118848.0,GBp,10125000000.0,1197200000.0,188300000.0,8110600000.0,2117100000.0,2497200000.0,0.0232165314526668,0.0889424212365972,0.0185975308641975,1.1795380473288932,Consumer Cyclical,Apparel Retail,United Kingdom,,,direct
E066,JD Sports,JD,JD.L,GB00BM8Q5M07,United Kingdom,Retail,Consumer Discretionary,2024,3823118848.0,GBp,10542000000.0,1575000000.0,539000000.0,8048000000.0,2457000000.0,2614000000.0,0.0669731610337972,0.2193732193732193,0.0511288180610889,1.063899063899064,Consumer Cyclical,Apparel Retail,United Kingdom,,,direct
E067,Melexis,MELE,MELE.BR,BE0165385973,Belgium,Technology,Technology,2022,3213180160.0,EUR,836157480.0,284051994.0,197152664.0,580232969.0,482082821.0,4248855.0,0.3397819057744717,0.4089601525128812,0.2357841300421064,0.0088135374564612,Technology,Semiconductors,Belgium,,,direct
E067,Melexis,MELE,MELE.BR,BE0165385973,Belgium,Technology,Technology,2023,3213180160.0,EUR,964297902.0,304317789.0,209463394.0,866081139.0,551066837.0,188175590.0,0.2418519288410459,0.3801052430233612,0.2172185520320669,0.3414750759171523,Technology,Semiconductors,Belgium,,,direct
E067,Melexis,MELE,MELE.BR,BE0165385973,Belgium,Technology,Technology,2024,3213180160.0,EUR,932808067.0,264282501.0,171446322.0,894255288.0,567500934.0,222179478.0,0.191719662495303,0.3021075591745193,0.1837959255127239,0.3915050437608619,Technology,Semiconductors,Belgium,,,direct
E068,Sage Group,SGE,SGE.L,GB00B8C3BL03,United Kingdom,Technology,Technology,2022,7913577984.0,GBp,1947000000.0,464000000.0,260000000.0,3897000000.0,1397000000.0,1222000000.0,0.0667179881960482,0.1861130994989262,0.1335387776065742,0.8747315676449535,Technology,Software - Application,United Kingdom,,,direct
E068,Sage Group,SGE,SGE.L,GB00B8C3BL03,United Kingdom,Technology,Technology,2023,7913577984.0,GBp,2184000000.0,456000000.0,211000000.0,3936000000.0,1407000000.0,1257000000.0,0.0536077235772357,0.1499644633972992,0.0966117216117216,0.8933901918976546,Technology,Software - Application,United Kingdom,,,direct
E068,Sage Group,SGE,SGE.L,GB00B8C3BL03,United Kingdom,Technology,Technology,2024,7913577984.0,GBp,2332000000.0,565000000.0,323000000.0,3639000000.0,1093000000.0,1246000000.0,0.0887606485298158,0.2955169258920402,0.1385077186963979,1.139981701738335,Technology,Software - Application,United Kingdom,,,direct
E069,STMicroelectronics,STMPA,STM,US8610121027,Netherlands,Technology,Technology,2022,61824516096.0,USD,16128000000.0,5715000000.0,3960000000.0,19982000000.0,12693000000.0,2910000000.0,0.198178360524472,0.3119829827463956,0.2455357142857142,0.2292602221696998,Technology,Semiconductors,Netherlands,,,direct
E069,STMicroelectronics,STMPA,STM,US8610121027,Netherlands,Technology,Technology,2023,61824516096.0,USD,17286000000.0,6379000000.0,4211000000.0,24453000000.0,16729000000.0,3173000000.0,0.1722079090500143,0.2517185725387052,0.243607543676964,0.1896706318369299,Technology,Semiconductors,Netherlands,,,direct
E069,STMicroelectronics,STMPA,STM,US8610121027,Netherlands,Technology,Technology,2024,61824516096.0,USD,13269000000.0,3723000000.0,1557000000.0,24743000000.0,17449000000.0,3167000000.0,0.0629268884128844,0.0892314745830706,0.1173411711508026,0.1815003725141842,Technology,Semiconductors,Netherlands,,,direct
E070,Vodafone Group,VOD,VOD.L,GB00BH4HKS39,United Kingdom,Telecommunications,Communication Services,2022,25478662144.0,GBp,,,,,,,,,,,Communication Services,Telecom Services,United Kingdom,yfinance sin datos financieros para 2022 (FY ends March 31; balance_sheet cubre solo últimos 4 ejercicios),,gap_fy
E070,Vodafone Group,VOD,VOD.L,GB00BH4HKS39,United Kingdom,Telecommunications,Communication Services,2023,25478662144.0,GBp,37672000000.0,25787000000.0,11838000000.0,155521000000.0,63399000000.0,66390000000.0,0.0761183377164498,0.1867221880471301,0.3142386918666383,1.0471774002744525,Communication Services,Telecom Services,United Kingdom,,,direct
E070,Vodafone Group,VOD,VOD.L,GB00BH4HKS39,United Kingdom,Telecommunications,Communication Services,2024,25478662144.0,GBp,36717000000.0,14782000000.0,1140000000.0,144350000000.0,59966000000.0,56987000000.0,0.0078974714236231,0.019010772771237,0.0310482882588446,0.9503218490477936,Communication Services,Telecom Services,United Kingdom,,,direct
E071,Swisscom,SCMN,SCMN.SW,CH0008742519,Switzerland,Telecommunications,Communication Services,2022,34681401344.0,CHF,11051000000.0,4453000000.0,1602000000.0,24620000000.0,11168000000.0,1911000000.0,0.0650690495532087,0.143445558739255,0.1449642566283594,0.1711138968481375,Communication Services,Telecom Services,Switzerland,,,direct
E071,Swisscom,SCMN,SCMN.SW,CH0008742519,Switzerland,Telecommunications,Communication Services,2023,34681401344.0,CHF,11072000000.0,4623000000.0,1711000000.0,24811000000.0,11618000000.0,2028000000.0,0.068961347789287,0.147271475296953,0.1545339595375722,0.1745567223274229,Communication Services,Telecom Services,Switzerland,,,direct
E071,Swisscom,SCMN,SCMN.SW,CH0008742519,Switzerland,Telecommunications,Communication Services,2024,34681401344.0,CHF,11017000000.0,4875000000.0,1542000000.0,37845000000.0,12154000000.0,3965000000.0,0.0407451446690447,0.1268718117492183,0.1399655078515022,0.3262300477209149,Communication Services,Telecom Services,Switzerland,,,direct
E072,Freenet,FNTN,FNTN.DE,DE000A0Z2ZZ5,Germany,Telecommunications,Communication Services,2022,3022663168.0,EUR,2556700000.0,485234000.0,79300000.0,3628700000.0,1474700000.0,928000000.0,0.0218535563700498,0.0537736488777378,0.0310165447647357,0.6292805316335526,Communication Services,Telecom Services,Germany,,,direct
E072,Freenet,FNTN,FNTN.DE,DE000A0Z2ZZ5,Germany,Telecommunications,Communication Services,2023,3022663168.0,EUR,2385300000.0,503869000.0,157600000.0,3417400000.0,1440600000.0,778100000.0,0.0461169310001755,0.1093988615854505,0.0660713537081289,0.5401221713175066,Communication Services,Telecom Services,Germany,,,direct
E072,Freenet,FNTN,FNTN.DE,DE000A0Z2ZZ5,Germany,Telecommunications,Communication Services,2024,3022663168.0,EUR,2477500000.0,524900000.0,250200000.0,3351400000.0,1495400000.0,697100000.0,0.0746553679059497,0.1673130934866925,0.1009889001009081,0.4661628995586465,Communication Services,Telecom Services,Germany,,,direct
E073,Orange S.A.,ORAN,ORA.PA,FR0000133308,France,Telecommunications,Communication Services,2022,47986761728.0,EUR,39128000000.0,13328000000.0,2146000000.0,109650000000.0,31784000000.0,8410000000.0,0.0195713634290925,0.0675182481751824,0.0548456348395011,0.2645985401459854,Communication Services,Telecom Services,France,,,direct
E073,Orange S.A.,ORAN,ORA.PA,FR0000133308,France,Telecommunications,Communication Services,2023,47986761728.0,EUR,39677000000.0,13701000000.0,2440000000.0,110052000000.0,31825000000.0,8568000000.0,0.0221713371860575,0.0766692851531814,0.0614965849232552,0.269222309505106,Communication Services,Telecom Services,France,,,direct
E073,Orange S.A.,ORAN,ORA.PA,FR0000133308,France,Telecommunications,Communication Services,2024,47986761728.0,EUR,40259000000.0,13294000000.0,2350000000.0,103874000000.0,31773000000.0,7366000000.0,0.0226235631630629,0.0739621691373178,0.0583720410343028,0.2318320586661631,Communication Services,Telecom Services,France,,,direct
E074,Telecom Italia,TIT,TIT.MI,IT0004600372,Italy,Telecommunications,Communication Services,2022,15478767616.0,EUR,15788000000.0,5510000000.0,-2925000000.0,62027000000.0,15061000000.0,31189000000.0,-0.0471568832927596,-0.194210211805325,-0.1852672916138839,2.070845229400438,Communication Services,Telecom Services,Italy,,,direct
E074,Telecom Italia,TIT,TIT.MI,IT0004600372,Italy,Telecommunications,Communication Services,2023,15478767616.0,EUR,14311000000.0,4812000000.0,-1441000000.0,62159000000.0,13646000000.0,31551000000.0,-0.023182483630689,-0.1055987102447603,-0.1006917755572636,2.3121061116810786,Communication Services,Telecom Services,Italy,,,direct
E074,Telecom Italia,TIT,TIT.MI,IT0004600372,Italy,Telecommunications,Communication Services,2024,15478767616.0,EUR,13653000000.0,4825000000.0,-610000000.0,37663000000.0,11957000000.0,14717000000.0,-0.0161962668932373,-0.0510161411725349,-0.04467882516663,1.2308271305511416,Communication Services,Telecom Services,Italy,,,direct
E075,Compass Group,CPG,CPG.L,GB0005331532,United Kingdom,Travel and Leisure,Consumer Discretionary,2022,52216610816.0,USD,28489112227.805695,2592964824.120603,1242881072.026801,20928000000.0,6547000000.0,5444000000.0,0.0593884304294151,0.1898397849437606,0.04362652869238,0.8315258897204827,Consumer Cyclical,Restaurants,United Kingdom,,,direct
E075,Compass Group,CPG,CPG.L,GB0005331532,United Kingdom,Travel and Leisure,Consumer Discretionary,2023,52216610816.0,USD,37907000000.0,3310000000.0,1607000000.0,21483000000.0,6263000000.0,5267000000.0,0.074803332867849,0.2565863004949704,0.0423932255256285,0.840970780775986,Consumer Cyclical,Restaurants,United Kingdom,,,direct
E075,Compass Group,CPG,CPG.L,GB0005331532,United Kingdom,Travel and Leisure,Consumer Discretionary,2024,52216610816.0,USD,42002000000.0,3411000000.0,1404000000.0,24349000000.0,6829000000.0,5911000000.0,0.0576615056059797,0.2055937911846536,0.0334269796676348,0.8655732903792649,Consumer Cyclical,Restaurants,United Kingdom,,,direct
E076,Flutter Entertainment,FLTR,FLTR.L,IE00BWT6H894,Ireland,Travel and Leisure,Consumer Discretionary,2022,12348699648.0,GBp,9463000000.0,999000000.0,-369000000.0,25258000000.0,11035000000.0,7244000000.0,-0.0146092327183466,-0.0334390575441776,-0.0389939765402092,0.6564567285908472,Consumer Cyclical,Gambling,United States,,,direct
E076,Flutter Entertainment,FLTR,FLTR.L,IE00BWT6H894,Ireland,Travel and Leisure,Consumer Discretionary,2023,12348699648.0,GBp,11790000000.0,624000000.0,-1224000000.0,24635000000.0,10044000000.0,7533000000.0,-0.0496854069413436,-0.1218637992831541,-0.1038167938931297,0.75,Consumer Cyclical,Gambling,United States,,,direct
E076,Flutter Entertainment,FLTR,FLTR.L,IE00BWT6H894,Ireland,Travel and Leisure,Consumer Discretionary,2024,12348699648.0,GBp,14048000000.0,1603000000.0,109000000.0,24508000000.0,9293000000.0,7283000000.0,0.004447527338012,0.0117292585817281,0.007759111617312,0.7837081674378564,Consumer Cyclical,Gambling,United States,,,direct
E077,Aena,AENA,AENA.MC,ES0105046009,Spain,Travel and Leisure,Consumer Discretionary,2022,36150001664.0,EUR,4190195000.0,2056888000.0,901499000.0,15849198000.0,6717622000.0,7620927000.0,0.0568797865986657,0.1341991258216077,0.2151448798922245,1.13446797095758,Industrials,Airports & Air Services,Spain,,,direct
E077,Aena,AENA,AENA.MC,ES0105046009,Spain,Travel and Leisure,Consumer Discretionary,2023,36150001664.0,EUR,5047917000.0,3225579000.0,1630814000.0,17844232000.0,7915311000.0,8585560000.0,0.0913916609019654,0.2060328393919076,0.3230667223728123,1.0846775319377848,Industrials,Airports & Air Services,Spain,,,direct
E077,Aena,AENA,AENA.MC,ES0105046009,Spain,Travel and Leisure,Consumer Discretionary,2024,36150001664.0,EUR,5784328000.0,3685904000.0,1934224000.0,17263370000.0,8564392000.0,7011662000.0,0.1120420867999701,0.2258448702488162,0.3343904425890094,0.8186993309040501,Industrials,Airports & Air Services,Spain,,,direct
E078,Air France-KLM,AF,AF.PA,FR0000031122,France,Travel and Leisure,Consumer Discretionary,2022,2915680256.0,EUR,26393000000.0,3723000000.0,728000000.0,32305000000.0,-3004000000.0,14600000000.0,0.0225352112676056,-0.2423435419440745,0.027583071268897,-4.860186418109188,Industrials,Airlines,France,,,direct
E078,Air France-KLM,AF,AF.PA,FR0000031122,France,Travel and Leisure,Consumer Discretionary,2023,2915680256.0,EUR,30019000000.0,4620000000.0,934000000.0,34490000000.0,-2051000000.0,13525000000.0,0.0270803131342418,-0.4553876157971721,0.0311136280355774,-6.59434422233057,Industrials,Airlines,France,,,direct
E078,Air France-KLM,AF,AF.PA,FR0000031122,France,Travel and Leisure,Consumer Discretionary,2024,2915680256.0,EUR,31459000000.0,4261000000.0,317000000.0,36155000000.0,-1764000000.0,14527000000.0,0.0087678052828101,-0.1797052154195011,0.0100766076480498,-8.235260770975056,Industrials,Airlines,France,,,direct
E079,Enel,ENEL,ENEL.MI,IT0003128367,Italy,Utilities,Utilities,2022,97367064576.0,EUR,102666000000.0,20114000000.0,1682000000.0,219874000000.0,28655000000.0,87905000000.0,0.0076498358150577,0.0586983074507066,0.0163832232676835,3.067701971732682,Utilities,Utilities - Diversified,Italy,,,direct
E079,Enel,ENEL,ENEL.MI,IT0003128367,Italy,Utilities,Utilities,2023,97367064576.0,EUR,82499000000.0,19390000000.0,3438000000.0,195224000000.0,31755000000.0,73557000000.0,0.0176105396877433,0.1082664147378365,0.041673232402817,2.3163911195087388,Utilities,Utilities - Diversified,Italy,,,direct
E079,Enel,ENEL,ENEL.MI,IT0003128367,Italy,Utilities,Utilities,2024,97367064576.0,EUR,70649000000.0,22017000000.0,7016000000.0,187139000000.0,33731000000.0,70352000000.0,0.0374908490480338,0.2079985769766683,0.0993078458293818,2.085677863093297,Utilities,Utilities - Diversified,Italy,,,direct
E080,Acciona Energía,ANE,ANE.MC,ES0125220311,Spain,Utilities,Utilities,2022,7816190976.0,EUR,4351000000.0,1601000000.0,759000000.0,12259000000.0,5870000000.0,3142000000.0,0.0619136960600375,0.1293015332197615,0.1744426568604918,0.5352640545144804,Utilities,Utilities - Renewable,Spain,,,direct
E080,Acciona Energía,ANE,ANE.MC,ES0125220311,Spain,Utilities,Utilities,2023,7816190976.0,EUR,3547000000.0,1407000000.0,524000000.0,14672000000.0,5850000000.0,5114000000.0,0.0357142857142857,0.0895726495726495,0.1477304764589794,0.8741880341880341,Utilities,Utilities - Renewable,Spain,,,direct
E080,Acciona Energía,ANE,ANE.MC,ES0125220311,Spain,Utilities,Utilities,2024,7816190976.0,EUR,3048000000.0,1183000000.0,357000000.0,16244000000.0,5843000000.0,5442000000.0,0.0219773454814085,0.0610987506417936,0.1171259842519685,0.9313708711278452,Utilities,Utilities - Renewable,Spain,,,direct
E081,Engie,ENGIE,ENGI.PA,FR0013215407,France,Utilities,Utilities,2022,69596192768.0,EUR,93864000000.0,7956000000.0,216000000.0,235490000000.0,34252000000.0,40592000000.0,0.0009172364006964,0.0063062010977461,0.0023012017386857,1.1850986803690295,Utilities,Utilities - Diversified,France,,,direct
E081,Engie,ENGIE,ENGI.PA,FR0013215407,France,Utilities,Utilities,2023,69596192768.0,EUR,82566000000.0,17436000000.0,2208000000.0,194640000000.0,30057000000.0,47287000000.0,0.0113440197287299,0.0734604251921349,0.0267422425695806,1.5732441694114516,Utilities,Utilities - Diversified,France,,,direct
E081,Engie,ENGIE,ENGI.PA,FR0013215407,France,Utilities,Utilities,2024,69596192768.0,EUR,73812000000.0,16144000000.0,4106000000.0,189544000000.0,34556000000.0,52007000000.0,0.0216625163550415,0.1188216228730177,0.0556278111960114,1.5050063664776017,Utilities,Utilities - Diversified,France,,,direct
E082,SSE,SSE,SSE.L,GB0000031285,United Kingdom,Utilities,Utilities,2022,29604419584.0,GBp,8697200000.0,4141300000.0,3027000000.0,25755500000.0,9128800000.0,9064700000.0,0.117528294927297,0.3315879414599947,0.3480430483373959,0.9929782665848742,Utilities,Utilities - Diversified,United Kingdom,,,direct
E082,SSE,SSE,SSE.L,GB0000031285,United Kingdom,Utilities,Utilities,2023,29604419584.0,GBp,12490700000.0,831800000.0,-123000000.0,27177100000.0,10434100000.0,8905300000.0,-0.0045258692060595,-0.0117882711494043,-0.0098473264108496,0.8534804151771596,Utilities,Utilities - Diversified,United Kingdom,,,direct
E082,SSE,SSE,SSE.L,GB0000031285,United Kingdom,Utilities,Utilities,2024,29604419584.0,GBp,10457200000.0,3672400000.0,1710500000.0,28270200000.0,11248200000.0,9139600000.0,0.0605054085220479,0.1520687754485162,0.1635715105381937,0.8125388951121069,Utilities,Utilities - Diversified,United Kingdom,,,direct
E083,Enagás,ENG,ENG.MC,ES0130960018,Spain,Utilities,Utilities,2022,4479968256.0,EUR,957100000.0,885632000.0,375774000.0,9398577000.0,3202281000.0,4427174000.0,0.0399820100425841,0.1173457294971927,0.3926172813708076,1.3825064071516522,Utilities,Utilities - Regulated Gas,Spain,,,direct
E083,Enagás,ENG,ENG.MC,ES0130960018,Spain,Utilities,Utilities,2023,4479968256.0,EUR,907570000.0,810839000.0,342528000.0,8507270000.0,2983686000.0,3806161000.0,0.0402629750789618,0.1148002839440879,0.3774122106283812,1.2756573580463897,Utilities,Utilities - Regulated Gas,Spain,,,direct
E083,Enagás,ENG,ENG.MC,ES0130960018,Spain,Utilities,Utilities,2024,4479968256.0,EUR,905546000.0,80654000.0,-299309000.0,7495935000.0,2375762000.0,3313728000.0,-0.0399295084602521,-0.1259844209983996,-0.3305287638618027,1.394806382120768,Utilities,Utilities - Regulated Gas,Spain,,,direct
E084,Wolters Kluwer,WKL,WKL.AS,NL0000395903,Netherlands,Media,Communication Services,2022,13588933632.0,EUR,5453000000.0,1774000000.0,1027000000.0,9510000000.0,2310000000.0,3615000000.0,0.1079915878023133,0.4445887445887446,0.1883366953970291,1.5649350649350648,Industrials,Specialty Business Services,Netherlands,,,direct
E084,Wolters Kluwer,WKL,WKL.AS,NL0000395903,Netherlands,Media,Communication Services,2023,13588933632.0,EUR,5584000000.0,1820000000.0,1007000000.0,9094000000.0,1749000000.0,3739000000.0,0.1107323510006597,0.5757575757575758,0.180336676217765,2.1377930245854775,Industrials,Specialty Business Services,Netherlands,,,direct
E084,Wolters Kluwer,WKL,WKL.AS,NL0000395903,Netherlands,Media,Communication Services,2024,13588933632.0,EUR,5916000000.0,1930000000.0,1079000000.0,9498000000.0,1545000000.0,4068000000.0,0.1136028637607917,0.6983818770226538,0.1823867478025693,2.633009708737864,Industrials,Specialty Business Services,Netherlands,,,direct
E085,Stora Enso,STER,STERV.HE,FI0009005961,Finland,Basic Resources,Basic Materials,2022,7832573440.0,EUR,11680000000.0,2520000000.0,1550000000.0,20922000000.0,12532000000.0,3923000000.0,0.0740846955357996,0.1236833705713373,0.1327054794520548,0.3130386211299074,Consumer Cyclical,Packaging & Containers,Finland,,,direct
E085,Stora Enso,STER,STERV.HE,FI0009005961,Finland,Basic Resources,Basic Materials,2023,7832573440.0,EUR,9396000000.0,226000000.0,-357000000.0,20754000000.0,10985000000.0,5772000000.0,-0.0172015033246603,-0.0324988620846609,-0.0379948914431673,0.5254437869822485,Consumer Cyclical,Packaging & Containers,Finland,,,direct
E085,Stora Enso,STER,STERV.HE,FI0009005961,Finland,Basic Resources,Basic Materials,2024,7832573440.0,EUR,9049000000.0,603000000.0,-136000000.0,19802000000.0,10138000000.0,5730000000.0,-0.0068679931320068,-0.0134148747287433,-0.0150292850038678,0.5652002367330834,Consumer Cyclical,Packaging & Containers,Finland,,,direct
E086,TUI Group,TUI,TUI1.DE,DE000TUAG000,Germany,Travel and Leisure,Consumer Discretionary,2022,3402832384.0,EUR,16544900000.0,1221900000.0,-277300000.0,15255500000.0,-141600000.0,5258800000.0,-0.0181770508996755,1.9583333333333333,-0.0167604518612986,-37.13841807909605,Consumer Cyclical,Travel Services,Germany,,,direct
E086,TUI Group,TUI,TUI1.DE,DE000TUAG000,Germany,Travel and Leisure,Consumer Discretionary,2023,3402832384.0,EUR,20665900000.0,1919300000.0,305800000.0,16152400000.0,1122900000.0,4215100000.0,0.0189321710705529,0.2723305726244545,0.014797323126503,3.753762579036424,Consumer Cyclical,Travel Services,Germany,,,direct
E086,TUI Group,TUI,TUI1.DE,DE000TUAG000,Germany,Travel and Leisure,Consumer Discretionary,2024,3402832384.0,EUR,23167300000.0,2217900000.0,507100000.0,17416700000.0,956400000.0,4542200000.0,0.0291157337497918,0.5302174822250104,0.0218886102394323,4.74926808866583,Consumer Cyclical,Travel Services,Germany,,,direct
E087,Orkla ASA,ORK,ORK.OL,INE16NZ01023,Norway,"Food, Beverage and Tobacco",Consumer Staples,2022,102289285120.0,NOK,58391000000.0,10177000000.0,5019000000.0,80671000000.0,41686000000.0,18771000000.0,0.0622156661005813,0.1204001343376673,0.0859550273158534,0.4502950630907259,Consumer Defensive,Packaged Foods,Norway,,,direct
E087,Orkla ASA,ORK,ORK.OL,INE16NZ01023,Norway,"Food, Beverage and Tobacco",Consumer Staples,2023,102289285120.0,NOK,67797000000.0,11060000000.0,5196000000.0,86592000000.0,45267000000.0,20488000000.0,0.0600055432372505,0.114785605407913,0.0766405593167839,0.4526034418008703,Consumer Defensive,Packaged Foods,Norway,,,direct
E087,Orkla ASA,ORK,ORK.OL,INE16NZ01023,Norway,"Food, Beverage and Tobacco",Consumer Staples,2024,102289285120.0,NOK,69254000000.0,12070000000.0,6057000000.0,89966000000.0,48044000000.0,18161000000.0,0.0673254340528644,0.1260719340604446,0.0874606520922979,0.3780076596453251,Consumer Defensive,Packaged Foods,Norway,,,direct
E088,Barry Callebaut,BARN,BARN.SW,CH0009002962,Switzerland,"Food, Beverage and Tobacco",Consumer Staples,2022,6546344960.0,CHF,8091855000.0,771143000.0,360705000.0,7760879000.0,2901999000.0,2079056000.0,0.0464773384561207,0.1242953564077727,0.0445763054330558,0.7164220249559011,Consumer Defensive,Confectioners,Switzerland,,,direct
E088,Barry Callebaut,BARN,BARN.SW,CH0009002962,Switzerland,"Food, Beverage and Tobacco",Consumer Staples,2023,6546344960.0,CHF,8470525000.0,892123000.0,444355000.0,8432748000.0,2896053000.0,1797012000.0,0.0526939735421952,0.1534346919755957,0.052458968009657,0.6205038374643006,Consumer Defensive,Confectioners,Switzerland,,,direct
E088,Barry Callebaut,BARN,BARN.SW,CH0009002962,Switzerland,"Food, Beverage and Tobacco",Consumer Staples,2024,6546344960.0,CHF,10386283000.0,701427000.0,189785000.0,15159279000.0,2839422000.0,4796381000.0,0.0125193948867884,0.0668393074365134,0.0182726582743797,1.689210339287362,Consumer Defensive,Confectioners,Switzerland,,,direct
E089,Adecco,ADEN,ADEN.SW,CH0012138605,Switzerland,Industrial Goods and Services,Industrials,2022,2757552128.0,CHF,23640000000.0,770000000.0,342000000.0,13256000000.0,3881000000.0,3700000000.0,0.0257996378998189,0.0881216181396547,0.0144670050761421,0.9533625354290132,Industrials,Staffing & Employment Services,Switzerland,,,direct
E089,Adecco,ADEN,ADEN.SW,CH0012138605,Switzerland,Industrial Goods and Services,Industrials,2023,2757552128.0,CHF,23957000000.0,841000000.0,325000000.0,12430000000.0,3595000000.0,3671000000.0,0.0261464199517296,0.0904033379694019,0.0135659723671578,1.0211404728789986,Industrials,Staffing & Employment Services,Switzerland,,,direct
E089,Adecco,ADEN,ADEN.SW,CH0012138605,Switzerland,Industrial Goods and Services,Industrials,2024,2757552128.0,CHF,23138000000.0,760000000.0,303000000.0,12099000000.0,3576000000.0,3477000000.0,0.025043392015869,0.084731543624161,0.0130953409974933,0.9723154362416108,Industrials,Staffing & Employment Services,Switzerland,,,direct
E090,Wihlborgs Fastigheter,WIHL,WIHL.ST,SE0018012635,Sweden,Real Estate,Real Estate,2022,26254258176.0,SEK,3335000000.0,3315000000.0,2288000000.0,56809000000.0,23380000000.0,26950000000.0,0.0402753084898519,0.0978614200171086,0.6860569715142428,1.152694610778443,Real Estate,Real Estate Services,Sweden,,,direct
E090,Wihlborgs Fastigheter,WIHL,WIHL.ST,SE0018012635,Sweden,Real Estate,Real Estate,2023,26254258176.0,SEK,3881000000.0,958000000.0,-27000000.0,57372000000.0,22391000000.0,28084000000.0,-0.0004706128425015,-0.0012058416327988,-0.0069569698531306,1.2542539413157072,Real Estate,Real Estate Services,Sweden,,,direct
E090,Wihlborgs Fastigheter,WIHL,WIHL.ST,SE0018012635,Sweden,Real Estate,Real Estate,2024,26254258176.0,SEK,4174000000.0,3392000000.0,1706000000.0,60751000000.0,23156000000.0,30228000000.0,0.0280818422742012,0.073674209708067,0.4087206516530905,1.305406806011401,Real Estate,Real Estate Services,Sweden,,,direct
E091,Porsche,P911,P911.DE,DE000PAG9113,Germany,Automobiles and Parts,Consumer Discretionary,2022,41696468992.0,EUR,37636000000.0,10375000000.0,4960000000.0,47642000000.0,17027000000.0,9479000000.0,0.1041098190672096,0.2913020496857931,0.1317887129344244,0.5567040582604099,Consumer Cyclical,Auto Manufacturers,Germany,,,direct
E091,Porsche,P911,P911.DE,DE000PAG9113,Germany,Automobiles and Parts,Consumer Discretionary,2023,41696468992.0,EUR,40529000000.0,11087000000.0,5157000000.0,50447000000.0,21667000000.0,10356000000.0,0.1022260986778202,0.2380117228965708,0.1272422216190875,0.4779618775095767,Consumer Cyclical,Auto Manufacturers,Germany,,,direct
E091,Porsche,P911,P911.DE,DE000PAG9113,Germany,Automobiles and Parts,Consumer Discretionary,2024,41696468992.0,EUR,40082000000.0,9538000000.0,3592000000.0,53527000000.0,23043000000.0,11334000000.0,0.067106320174865,0.1558824805797856,0.0896162866124444,0.4918630386668403,Consumer Cyclical,Auto Manufacturers,Germany,,,direct
E092,Evonik Industries,EVK,EVK.DE,DE000EVNK013,Germany,Chemicals,Basic Materials,2022,8019859456.0,EUR,18488000000.0,2613000000.0,540000000.0,21810000000.0,10974000000.0,4225000000.0,0.0247592847317744,0.0492072170585019,0.0292081350064906,0.3850009112447603,Basic Materials,Specialty Chemicals,Germany,,,direct
E092,Evonik Industries,EVK,EVK.DE,DE000EVNK013,Germany,Chemicals,Basic Materials,2023,8019859456.0,EUR,15267000000.0,1734000000.0,-465000000.0,19940000000.0,8910000000.0,4264000000.0,-0.0233199598796389,-0.0521885521885521,-0.030457850265278,0.4785634118967452,Basic Materials,Specialty Chemicals,Germany,,,direct
E092,Evonik Industries,EVK,EVK.DE,DE000EVNK013,Germany,Chemicals,Basic Materials,2024,8019859456.0,EUR,15157000000.0,1763000000.0,222000000.0,19750000000.0,9020000000.0,3781000000.0,0.0112405063291139,0.0246119733924611,0.0146466978953618,0.4191796008869179,Basic Materials,Specialty Chemicals,Germany,,,direct
E093,Brenntag,BNR,BNR.DE,DE000A1DAHH0,Germany,Chemicals,Basic Materials,2022,8250180096.0,EUR,19429300000.0,1742400000.0,886800000.0,11373000000.0,4752500000.0,2927900000.0,0.077974149300976,0.1865965281430825,0.0456424060568316,0.6160757496054708,Basic Materials,Specialty Chemicals,Germany,,,direct
E093,Brenntag,BNR,BNR.DE,DE000A1DAHH0,Germany,Chemicals,Basic Materials,2023,8250180096.0,EUR,16815100000.0,1506100000.0,714900000.0,10337800000.0,4304700000.0,2398100000.0,0.0691539786027975,0.1660742908913513,0.0425153582196953,0.557088763444607,Basic Materials,Specialty Chemicals,Germany,,,direct
E093,Brenntag,BNR,BNR.DE,DE000A1DAHH0,Germany,Chemicals,Basic Materials,2024,8250180096.0,EUR,16237400000.0,1332100000.0,536200000.0,11668000000.0,4726700000.0,3375900000.0,0.0459547480287967,0.1134406668500222,0.0330225282372793,0.714219222713521,Basic Materials,Specialty Chemicals,Germany,,,direct
E094,L'Oréal,OR,OR.PA,FR0011149590,France,"Personal Care, Drug and Grocery Stores",Consumer Staples,2022,196406165504.0,EUR,38260600000.0,9223600000.0,5706600000.0,46844200000.0,27178500000.0,5650900000.0,0.121820844416171,0.2099674374965505,0.1491508235626205,0.2079180234376437,Consumer Defensive,Household & Personal Products,France,,,direct
E094,L'Oréal,OR,OR.PA,FR0011149590,France,"Personal Care, Drug and Grocery Stores",Consumer Staples,2023,196406165504.0,EUR,41182500000.0,9944900000.0,6184000000.0,51855100000.0,29074300000.0,8692000000.0,0.119255386644708,0.2126964363716409,0.1501608693012809,0.2989581864395703,Consumer Defensive,Household & Personal Products,France,,,direct
E094,L'Oréal,OR,OR.PA,FR0011149590,France,"Personal Care, Drug and Grocery Stores",Consumer Staples,2024,196406165504.0,EUR,43486800000.0,10672500000.0,6408700000.0,56353400000.0,33133300000.0,8495000000.0,0.1137233955715183,0.1934217237643096,0.1473711563049017,0.2563885879160844,Consumer Defensive,Household & Personal Products,France,,,direct
E095,UBS Group,UBSG,UBSG.SW,CH0244767585,Switzerland,Banks,Financials,2022,122589913088.0,CHF,33270000000.0,11665000000.0,7629000000.0,1104364000000.0,56876000000.0,193276000000.0,0.0069080484333064,0.1341339053379281,0.2293056807935076,3.398199592095084,Financial Services,Banks - Diversified,Switzerland,,,pretax+da
E095,UBS Group,UBSG,UBSG.SW,CH0244767585,Switzerland,Banks,Financials,2023,122589913088.0,CHF,41140000000.0,32005000000.0,27366000000.0,1716924000000.0,85624000000.0,377685000000.0,0.0159389699252849,0.3196066523404653,0.6651920272241127,4.4109712230215825,Financial Services,Banks - Diversified,Switzerland,,,pretax+da
E095,UBS Group,UBSG,UBSG.SW,CH0244767585,Switzerland,Banks,Financials,2024,122589913088.0,CHF,45346000000.0,10619000000.0,5086000000.0,1565028000000.0,85079000000.0,332423000000.0,0.0032497821125245,0.0597797341294561,0.1121598376924094,3.907227400416084,Financial Services,Banks - Diversified,Switzerland,,,pretax+da
E096,Nemetschek,NEM,NEM.DE,DE0006452907,Germany,Technology,Technology,2022,7282294784.0,EUR,801813000.0,260996000.0,161899000.0,1198128000.0,653270000.0,149242000.0,0.1351266308775022,0.2478286160393099,0.2019161575080474,0.2284537786826274,Technology,Software - Application,Germany,excluido del corpus NLP (Decisión 010): ESG incipiente en 2022,,direct
E096,Nemetschek,NEM,NEM.DE,DE0006452907,Germany,Technology,Technology,2023,7282294784.0,EUR,851563000.0,266035000.0,161256000.0,1274332000.0,746575000.0,76338000.0,0.1265415919870175,0.215994374309346,0.1893647328500651,0.1022509459866724,Technology,Software - Application,Germany,,,direct
E096,Nemetschek,NEM,NEM.DE,DE0006452907,Germany,Technology,Technology,2024,7282294784.0,EUR,995565000.0,311745000.0,175422000.0,2136310000.0,906463000.0,569867000.0,0.0821144871296768,0.1935236187246473,0.1762034623555468,0.6286709992575538,Technology,Software - Application,Germany,,,direct
E097,Universal Music Group,UMG,UMG.AS,NL0015000IY2,Netherlands,Media,Communication Services,2022,37046145024.0,EUR,10340000000.0,1345000000.0,782000000.0,11639000000.0,2351000000.0,2673000000.0,0.0671879027407852,0.3326244151424926,0.0756286266924564,1.136962994470438,Communication Services,Entertainment,Netherlands,,,direct
E097,Universal Music Group,UMG,UMG.AS,NL0015000IY2,Netherlands,Media,Communication Services,2023,37046145024.0,EUR,11108000000.0,2216000000.0,1259000000.0,13091000000.0,2962000000.0,2514000000.0,0.0961729432434497,0.425050641458474,0.113341735685992,0.8487508440243079,Communication Services,Entertainment,Netherlands,,,direct
E097,Universal Music Group,UMG,UMG.AS,NL0015000IY2,Netherlands,Media,Communication Services,2024,37046145024.0,EUR,11834000000.0,3415000000.0,2086000000.0,17320000000.0,4526000000.0,3192000000.0,0.1204387990762124,0.4608926204153778,0.1762717593375021,0.7052585064074238,Communication Services,Entertainment,Netherlands,,,direct
E098,Michelin,MICP,ML.PA,,France,Automobiles and Parts,Consumer Discretionary,2022,23096719278.08,EUR,28590000000.0,4948000000.0,2001000000.0,35346000000.0,17110000000.0,7340000000.0,0.0566117806823968,0.1169491525423728,0.0699895068205666,0.4289888953828171,,,,,,
E098,Michelin,MICP,ML.PA,,France,Automobiles and Parts,Consumer Discretionary,2023,23096719278.08,EUR,28343000000.0,4885000000.0,1983000000.0,35195000000.0,17955000000.0,6222000000.0,0.0563432305725245,0.1104427736006683,0.0699643650989662,0.3465329991645781,,,,,,
E098,Michelin,MICP,ML.PA,,France,Automobiles and Parts,Consumer Discretionary,2024,23096719278.08,EUR,27193000000.0,4825000000.0,1884000000.0,37352000000.0,18625000000.0,7369000000.0,0.0504390661811951,0.1011543624161073,0.069282535946751,0.3956510067114094,,,,,,
E099,Pirelli,PIRC,PIRC.MI,CYF000002628,Italy,Automobiles and Parts,Consumer Discretionary,2022,6731692032.0,EUR,6615727000.0,1265033000.0,417760000.0,13897550000.0,5323794000.0,4490500000.0,0.0300599745998395,0.0784703540369894,0.0631464992433938,0.8434774147910306,Consumer Cyclical,Auto Parts,Italy,,,
E099,Pirelli,PIRC,PIRC.MI,CYF000002628,Italy,Automobiles and Parts,Consumer Discretionary,2023,6731692032.0,EUR,6777592000.0,1392869000.0,479080000.0,13530927000.0,5494393000.0,3964205000.0,0.0354062955184075,0.0871943452170239,0.0706858719143908,0.7215000819926787,Consumer Cyclical,Auto Parts,Italy,,,
E099,Pirelli,PIRC,PIRC.MI,CYF000002628,Italy,Automobiles and Parts,Consumer Discretionary,2024,6731692032.0,EUR,6884395000.0,1412467000.0,467981000.0,13680622000.0,5756071000.0,3829455000.0,0.0342075820821597,0.081302159059539,0.0679770698805051,0.6652897436463171,Consumer Cyclical,Auto Parts,Italy,,,
E100,Ferrari,FERR,RACE.MI,GB00BN0VZ646,Italy,Automobiles and Parts,Consumer Discretionary,2022,54998880256.0,EUR,5095254000.0,1749480000.0,932614000.0,7765823000.0,2592857000.0,2811779000.0,0.1200921009917429,0.3596858600377884,0.1830358211779039,1.0844327319246685,Consumer Cyclical,Auto Manufacturers,Italy,,,
E100,Ferrari,FERR,RACE.MI,GB00BN0VZ646,Italy,Automobiles and Parts,Consumer Discretionary,2023,54998880256.0,EUR,5970146000.0,2293917000.0,1252048000.0,8051312000.0,3060888000.0,2477186000.0,0.1555085680445621,0.4090473091468881,0.2097181542963941,0.8093030519248009,Consumer Cyclical,Auto Manufacturers,Italy,,,
E100,Ferrari,FERR,RACE.MI,GB00BN0VZ646,Italy,Automobiles and Parts,Consumer Discretionary,2024,54998880256.0,EUR,6676668000.0,2595787000.0,1521877000.0,9497146000.0,3533946000.0,3351888000.0,0.1602457201352911,0.4306452334019818,0.2279395950195516,0.948483083782265,Consumer Cyclical,Auto Manufacturers,Italy,,,
E101,Renault,RENA,RNO.PA,,France,Automobiles and Parts,Consumer Discretionary,2022,7779315200.0,EUR,46328000000.0,6030000000.0,-354000000.0,118292000000.0,28949000000.0,62763000000.0,-0.0029925945964224,-0.0122284016719057,-0.0076411673286133,2.1680541642198348,Consumer Cyclical,Auto Manufacturers,France,,,
E101,Renault,RENA,RNO.PA,,France,Automobiles and Parts,Consumer Discretionary,2023,7779315200.0,EUR,52376000000.0,6394000000.0,2198000000.0,121913000000.0,29752000000.0,65083000000.0,0.018029250367065,0.0738773863941919,0.0419657858561173,2.1875168055929013,Consumer Cyclical,Auto Manufacturers,France,,,
E101,Renault,RENA,RNO.PA,,France,Automobiles and Parts,Consumer Discretionary,2024,7779315200.0,EUR,56232000000.0,5100000000.0,752000000.0,129366000000.0,30309000000.0,70265000000.0,0.0058129647666311,0.0248111122108944,0.0133731683027457,2.3182882972054504,Consumer Cyclical,Auto Manufacturers,France,,,
E102,ABN AMRO,ABN,ABN.AS,,Netherlands,Banks,Financials,2022,27525136384.0,EUR,7640000000.0,2552000000.0,1867000000.0,379581000000.0,22813000000.0,63962000000.0,0.0049185812777773,0.0818393021522815,0.2443717277486911,2.8037522465261033,Financial Services,Banks - Diversified,Netherlands,,,
E102,ABN AMRO,ABN,ABN.AS,,Netherlands,Banks,Financials,2023,27525136384.0,EUR,8586000000.0,3713000000.0,2697000000.0,377909000000.0,24166000000.0,72225000000.0,0.0071366387146111,0.1116030787056194,0.3141160027952481,2.988703136638252,Financial Services,Banks - Diversified,Netherlands,,,
E102,ABN AMRO,ABN,ABN.AS,,Netherlands,Banks,Financials,2024,27525136384.0,EUR,8896000000.0,3575000000.0,2403000000.0,385047000000.0,26106000000.0,81538000000.0,0.00624079657808,0.0920478051022753,0.2701214028776978,3.1233432927296407,Financial Services,Banks - Diversified,Netherlands,,,
E103,KBC Group,KBC,KBC.BR,BE0003867844,Belgium,Banks,Financials,2022,44150697984.0,EUR,10062000000.0,4020000000.0,2818000000.0,354545000000.0,21819000000.0,18981000000.0,0.0079482153182247,0.1291534900774554,0.280063605645001,0.8699298776295888,Financial Services,Banks - Regional,Belgium,,,
E103,KBC Group,KBC,KBC.BR,BE0003867844,Belgium,Banks,Financials,2023,44150697984.0,EUR,10772000000.0,4829000000.0,3402000000.0,346921000000.0,24261000000.0,26206000000.0,0.0098062671328631,0.1402250525534809,0.3158187894541404,1.0801698198755203,Financial Services,Banks - Regional,Belgium,,,
E103,KBC Group,KBC,KBC.BR,BE0003867844,Belgium,Banks,Financials,2024,44150697984.0,EUR,11674000000.0,4402000000.0,3415000000.0,373048000000.0,24313000000.0,27963000000.0,0.0091543179429992,0.140459836301567,0.2925304094569128,1.1501254472915723,Financial Services,Banks - Regional,Belgium,,,
E104,ING Group,INGA,INGA.AS,CA44989Q1054,Netherlands,Banks,Financials,2022,71857618944.0,EUR,18891000000.0,6213000000.0,3674000000.0,967817000000.0,49907000000.0,119497000000.0,0.0037961722102422,0.0736169274851223,0.194484145889577,2.394393572044002,Financial Services,Banks - Diversified,Netherlands,,,
E104,ING Group,INGA,INGA.AS,CA44989Q1054,Netherlands,Banks,Financials,2023,71857618944.0,EUR,22674000000.0,11166000000.0,7287000000.0,975583000000.0,51238000000.0,150000000000.0,0.0074693798477423,0.1422186658339513,0.3213813178089442,2.9275147351575,Financial Services,Banks - Diversified,Netherlands,,,
E104,ING Group,INGA,INGA.AS,CA44989Q1054,Netherlands,Banks,Financials,2024,71857618944.0,EUR,22554000000.0,9973000000.0,6392000000.0,1020545000000.0,50313000000.0,171327000000.0,0.006263320088776,0.1270447001768926,0.2834087079897135,3.4052233021286744,Financial Services,Banks - Diversified,Netherlands,,,
E105,UniCredit,UC,UCG.MI,,Italy,Banks,Financials,2022,105253986304.0,EUR,21037000000.0,8592000000.0,6458000000.0,857773000000.0,63339000000.0,115462000000.0,0.0075287984117009,0.1019592983785661,0.3069829348291106,1.822921107058842,Financial Services,Banks - Regional,Italy,,,
E105,UniCredit,UC,UCG.MI,,Italy,Banks,Financials,2023,105253986304.0,EUR,25360000000.0,13076000000.0,9507000000.0,784974000000.0,64079000000.0,122522000000.0,0.0121112291617301,0.1483637385102763,0.3748817034700315,1.9120460681346465,Financial Services,Banks - Regional,Italy,,,
E105,UniCredit,UC,UCG.MI,,Italy,Banks,Financials,2024,105253986304.0,EUR,26579000000.0,14166000000.0,9719000000.0,784004000000.0,62441000000.0,122724000000.0,0.0123966204254059,0.1556509344821511,0.3656646224462921,1.9654393747697827,Financial Services,Banks - Regional,Italy,,,
E106,Banco Santander,SAN,SAN.MC,CA05973U1057,Spain,Banks,Financials,2022,150983213056.0,EUR,54216000000.0,18235000000.0,9605000000.0,1734659000000.0,89104000000.0,282961000000.0,0.0055371113285089,0.1077953851678936,0.1771617234764645,3.17562623451248,Financial Services,Banks - Diversified,Spain,,,
E106,Banco Santander,SAN,SAN.MC,CA05973U1057,Spain,Banks,Financials,2023,150983213056.0,EUR,56687000000.0,18091000000.0,11076000000.0,1797062000000.0,95423000000.0,310979000000.0,0.0061633933609413,0.1160726449598105,0.1953887134616402,3.258952244217851,Financial Services,Banks - Diversified,Spain,,,
E106,Banco Santander,SAN,SAN.MC,CA05973U1057,Spain,Banks,Financials,2024,150983213056.0,EUR,60305000000.0,20526000000.0,12574000000.0,1837081000000.0,98601000000.0,327723000000.0,0.006844553941824,0.1275240616220931,0.208506757316972,3.323728968266042,Financial Services,Banks - Diversified,Spain,,,
E107,Vallourec,VK,VK.PA,,France,Basic Resources,Basic Materials,2022,5502407168.0,EUR,4882700000.0,522898000.0,-366383000.0,5357880000.0,1643252000.0,1751700000.0,-0.0683820839585806,-0.2229621506622234,-0.0750369672517254,1.0659959641004544,Basic Materials,Steel,France,,,
E107,Vallourec,VK,VK.PA,,France,Basic Resources,Basic Materials,2023,5502407168.0,EUR,5113719000.0,1126802000.0,495910000.0,5713252000.0,2156640000.0,1526763000.0,0.0867999521113369,0.22994565620595,0.0969763884171187,0.7079359559314489,Basic Materials,Steel,France,,,
E107,Vallourec,VK,VK.PA,,France,Basic Resources,Basic Materials,2024,5502407168.0,EUR,4033919000.0,892161000.0,452067000.0,5531035000.0,2512176000.0,1170254000.0,0.0817328040773562,0.179950369719319,0.1120664544826011,0.4658328078924406,Basic Materials,Steel,France,,,
E108,ArcelorMittal,MT,MT.AS,,Luxembourg,Basic Resources,Basic Materials,2022,43648561152.0,EUR,79844000000.0,14236000000.0,9302000000.0,94547000000.0,53152000000.0,11650000000.0,0.0983849302463325,0.1750075255869957,0.1165021792495366,0.2191827212522576,Basic Materials,Steel,Luxembourg,,,
E108,ArcelorMittal,MT,MT.AS,,Luxembourg,Basic Resources,Basic Materials,2023,43648561152.0,EUR,68275000000.0,4650000000.0,919000000.0,93917000000.0,53961000000.0,10681000000.0,0.0097852358997838,0.0170308185541409,0.0134602709630172,0.1979392524230462,Basic Materials,Steel,Luxembourg,,,
E108,ArcelorMittal,MT,MT.AS,,Luxembourg,Basic Resources,Basic Materials,2024,43648561152.0,EUR,62441000000.0,6057000000.0,1339000000.0,89385000000.0,49223000000.0,11563000000.0,0.0149801420820048,0.0272027304308961,0.0214442433657372,0.2349105093147512,Basic Materials,Steel,Luxembourg,,,
E109,Solvay,SOLB,SOLB.BR,,Belgium,Chemicals,Basic Materials,2022,2762397696.0,EUR,7978000000.0,2109000000.0,1905000000.0,20660000000.0,10603000000.0,2915000000.0,0.0922071636011616,0.1796661322267282,0.2387816495362246,0.2749221918325002,Basic Materials,Chemicals,Belgium,,,
E109,Solvay,SOLB,SOLB.BR,,Belgium,Chemicals,Basic Materials,2023,2762397696.0,EUR,6025000000.0,1307000000.0,2093000000.0,7022000000.0,1264000000.0,394000000.0,0.2980632298490459,1.6558544303797469,0.3473858921161826,0.3117088607594936,Basic Materials,Chemicals,Belgium,,,
E109,Solvay,SOLB,SOLB.BR,,Belgium,Chemicals,Basic Materials,2024,2762397696.0,EUR,5130000000.0,805000000.0,223000000.0,6694000000.0,1339000000.0,1881000000.0,0.0333134149985061,0.1665421956684092,0.0434697855750487,1.4047796863330844,Basic Materials,Chemicals,Belgium,,,
E110,AkzoNobel,AKZA,AKZA.AS,,Netherlands,Chemicals,Basic Materials,2022,9836045312.0,EUR,10846000000.0,1076000000.0,352000000.0,14741000000.0,4333000000.0,5875000000.0,0.023878977002917,0.0812370182321717,0.0324543610547667,1.3558735287329795,Basic Materials,Specialty Chemicals,Netherlands,,,
E110,AkzoNobel,AKZA,AKZA.AS,,Netherlands,Chemicals,Basic Materials,2023,9836045312.0,EUR,10668000000.0,1334000000.0,442000000.0,14558000000.0,4322000000.0,5563000000.0,0.0303613133672207,0.1022674687644609,0.04143232095988,1.2871355853771402,Basic Materials,Specialty Chemicals,Netherlands,,,
E110,AkzoNobel,AKZA,AKZA.AS,,Netherlands,Chemicals,Basic Materials,2024,9836045312.0,EUR,10711000000.0,1399000000.0,542000000.0,14249000000.0,4574000000.0,5368000000.0,0.0380377570355814,0.1184958460865763,0.0506021846699654,1.1735898557061653,Basic Materials,Specialty Chemicals,Netherlands,,,
E111,BASF,BAS,BAS.DE,,Germany,Chemicals,Basic Materials,2022,43300986880.0,EUR,87327000000.0,6111000000.0,-627000000.0,84472000000.0,39573000000.0,20949000000.0,-0.007422577895634,-0.0158441361534379,-0.0071799099934728,0.5293760897581684,Basic Materials,Chemicals,Germany,,,
E111,BASF,BAS,BAS.DE,,Germany,Chemicals,Basic Materials,2023,43300986880.0,EUR,68902000000.0,7332000000.0,225000000.0,77395000000.0,35277000000.0,21347000000.0,0.0029071645455132,0.006378093375287,0.0032655075324373,0.605125152365564,Basic Materials,Chemicals,Germany,,,
E111,BASF,BAS,BAS.DE,,Germany,Chemicals,Basic Materials,2024,43300986880.0,EUR,61443000000.0,7545000000.0,1298000000.0,80415000000.0,35599000000.0,23995000000.0,0.0161412671765217,0.0364616983623135,0.0211252705759809,0.6740357875221215,Basic Materials,Chemicals,Germany,,,
E112,Heidelberg Materials,HEI,HEI.DE,,Germany,Construction and Materials,Industrials,2022,32124897280.0,EUR,21095100000.0,3770600000.0,1596600000.0,33255600000.0,16537900000.0,6694200000.0,0.048009959224912496,0.09654188258485055,0.07568582277400913,0.4047793250654557,Basic Materials,Building Materials,Germany,,,
E112,Heidelberg Materials,HEI,HEI.DE,,Germany,Construction and Materials,Industrials,2023,32124897280.0,EUR,21177600000.0,4303300000.0,1928900000.0,35471500000.0,17241300000.0,8240300000.0,0.054378867541547436,0.11187671463288731,0.091082086733152,0.4779395985221532,Basic Materials,Building Materials,Germany,,,
E112,Heidelberg Materials,HEI,HEI.DE,,Germany,Construction and Materials,Industrials,2024,32124897280.0,EUR,21156400000.0,4403700000.0,1781800000.0,37301700000.0,18795600000.0,8195900000.0,0.04776725993721466,0.09479878269382196,0.08422037775803067,0.43605418289386877,Basic Materials,Building Materials,Germany,,,
E113,ACS Group,ACS,ACS.MC,,Spain,Construction and Materials,Industrials,2022,32950464512.0,EUR,33615234000.0,2017601000.0,668227000.0,37580300000.0,5547396000.0,10996610000.0,0.017781310952813,0.1204577787488039,0.0198786954747957,1.982301245485269,Industrials,Engineering & Construction,Spain,,,
E113,ACS Group,ACS,ACS.MC,,Spain,Construction and Materials,Industrials,2023,32950464512.0,EUR,35737759000.0,2258248000.0,780123000.0,36498270000.0,5329419000.0,10392009000.0,0.0213742459574111,0.1463804966357496,0.0218290967824815,1.9499328163163752,Industrials,Engineering & Construction,Spain,,,
E113,ACS Group,ACS,ACS.MC,,Spain,Construction and Materials,Industrials,2024,32950464512.0,EUR,41633120000.0,2578843000.0,827580000.0,42025282000.0,4714213000.0,14204703000.0,0.0196924318080721,0.1755499804527288,0.0198779241142628,3.0131652939737767,Industrials,Engineering & Construction,Spain,,,
E114,Saint-Gobain,SGO,SGO.PA,,France,Construction and Materials,Industrials,2022,35942998016.0,EUR,51197000000.0,7188000000.0,3003000000.0,55377000000.0,22711000000.0,14040000000.0,0.0542282897231702,0.1322266742987979,0.0586557806121452,0.6182026330852891,Industrials,Building Products & Equipment,France,,,
E114,Saint-Gobain,SGO,SGO.PA,,France,Construction and Materials,Industrials,2023,35942998016.0,EUR,47944000000.0,7054000000.0,2669000000.0,57299000000.0,23273000000.0,15554000000.0,0.0465802195500794,0.1146822498173849,0.055669113966294,0.6683281055300133,Industrials,Building Products & Equipment,France,,,
E114,Saint-Gobain,SGO,SGO.PA,,France,Construction and Materials,Industrials,2024,35942998016.0,EUR,46571000000.0,7493000000.0,2844000000.0,61718000000.0,25135000000.0,17839000000.0,0.0460805599662983,0.1131489954247065,0.0610680466384659,0.7097274716530734,Industrials,Building Products & Equipment,France,,,
E115,Ferrovial,FER,FER.AS,,Netherlands,Construction and Materials,Industrials,2022,40583802880.0,EUR,7551000000.0,924000000.0,188000000.0,26344000000.0,4113000000.0,11837000000.0,0.007136349832979,0.0457087284220763,0.0248973645874718,2.87794796985169,Industrials,Engineering & Construction,Netherlands,,,
E115,Ferrovial,FER,FER.AS,,Netherlands,Construction and Materials,Industrials,2023,40583802880.0,EUR,8515000000.0,1478000000.0,341000000.0,26318000000.0,3766000000.0,11565000000.0,0.0129569116194239,0.0905469994689325,0.0400469759248385,3.070897503983006,Industrials,Engineering & Construction,Netherlands,,,
E115,Ferrovial,FER,FER.AS,,Netherlands,Construction and Materials,Industrials,2024,40583802880.0,EUR,9148000000.0,4539000000.0,3239000000.0,28999000000.0,6075000000.0,11533000000.0,0.1116935066726438,0.5331687242798354,0.3540664626147792,1.8984362139917696,Industrials,Engineering & Construction,Netherlands,,,
E116,Wienerberger,WIE,WIE.VI,,Austria,Construction and Materials,Industrials,2022,2559691776.0,EUR,4976732000.0,1013098000.0,567911000.0,5199257000.0,2448851000.0,1452187000.0,0.10922926102710445,0.2319091688306067,0.11411323736138494,0.5930074961686114,Basic Materials,Building Materials,Austria,,,
E116,Wienerberger,WIE,WIE.VI,,Austria,Construction and Materials,Industrials,2023,2559691776.0,EUR,4224340000.0,787418000.0,334360000.0,5468586000.0,2655435000.0,1701218000.0,0.06114194784538453,0.12591533967127796,0.07915082592783725,0.6406551092382228,Basic Materials,Building Materials,Austria,,,
E116,Wienerberger,WIE,WIE.VI,,Austria,Construction and Materials,Industrials,2024,2559691776.0,EUR,4513000000.0,631000000.0,79000000.0,6418000000.0,2857000000.0,2110000000.0,0.012309130570271113,0.027651382569128455,0.01750498559716375,0.7385369268463423,Basic Materials,Building Materials,Austria,,,
E117,Beiersdorf,BEI,BEI.DE,,Germany,Consumer Products and Services,Consumer Discretionary,2022,15357849600.0,EUR,8799000000.0,1399000000.0,755000000.0,12348000000.0,7785000000.0,241000000.0,0.061143505021056,0.0969813744380218,0.0858052051369473,0.0309569685292228,Consumer Defensive,Household & Personal Products,Germany,,,
E117,Beiersdorf,BEI,BEI.DE,,Germany,Consumer Products and Services,Consumer Discretionary,2023,15357849600.0,EUR,9447000000.0,1580000000.0,736000000.0,12629000000.0,8322000000.0,102000000.0,0.0582785652070631,0.0884402787791396,0.0779083306869905,0.0122566690699351,Consumer Defensive,Household & Personal Products,Germany,,,
E117,Beiersdorf,BEI,BEI.DE,,Germany,Consumer Products and Services,Consumer Discretionary,2024,15357849600.0,EUR,9850000000.0,1738000000.0,912000000.0,13011000000.0,8475000000.0,114000000.0,0.0700945353931288,0.1076106194690265,0.0925888324873096,0.0134513274336283,Consumer Defensive,Household & Personal Products,Germany,,,
E118,Moncler,MONC,MONC.MI,,Italy,Consumer Products and Services,Consumer Discretionary,2022,15541276672.0,EUR,2602890000.0,1038521000.0,606697000.0,4639312000.0,2902170000.0,912779000.0,0.1307730542804622,0.2090494354224597,0.2330859160394792,0.3145160345534548,Consumer Cyclical,Apparel Manufacturing,Italy,,,
E118,Moncler,MONC,MONC.MI,,Italy,Consumer Products and Services,Consumer Discretionary,2023,15541276672.0,EUR,2984217000.0,1194670000.0,611931000.0,4992020000.0,3214335000.0,848591000.0,0.1225818406176257,0.1903756142405816,0.2050557985562041,0.2640020408575957,Consumer Cyclical,Apparel Manufacturing,Italy,,,
E118,Moncler,MONC,MONC.MI,,Italy,Consumer Products and Services,Consumer Discretionary,2024,15541276672.0,EUR,3108924000.0,1250430000.0,639596000.0,5504590000.0,3586580000.0,957308000.0,0.1161932133001731,0.1783303314020599,0.2057290560978653,0.2669138845362434,Consumer Cyclical,Apparel Manufacturing,Italy,,,
E119,Haleon,HLI,HLN.L,,United Kingdom,Consumer Products and Services,Consumer Discretionary,2022,29746202624.0,GBp,10858000000.0,2183000000.0,1060000000.0,34815000000.0,16331000000.0,10440000000.0,0.0304466465603906,0.064907231645337,0.0976238717995947,0.639274998469169,Healthcare,Drug Manufacturers - Specialty & Generic,United Kingdom,,,
E119,Haleon,HLI,HLN.L,,United Kingdom,Consumer Products and Services,Consumer Discretionary,2023,29746202624.0,GBp,11302000000.0,2351000000.0,1049000000.0,34055000000.0,16606000000.0,9431000000.0,0.0308031126119512,0.0631699385764181,0.0928154308971863,0.5679272552089606,Healthcare,Drug Manufacturers - Specialty & Generic,United Kingdom,,,
E119,Haleon,HLI,HLN.L,,United Kingdom,Consumer Products and Services,Consumer Discretionary,2024,29746202624.0,GBp,11233000000.0,2628000000.0,1442000000.0,34315000000.0,16166000000.0,10102000000.0,0.0420224391665452,0.0891995546208091,0.1283717617733464,0.6248917481133243,Healthcare,Drug Manufacturers - Specialty & Generic,United Kingdom,,,
E120,Puma,PUM,PUM.DE,,Germany,Consumer Products and Services,Consumer Discretionary,2022,4132154112.0,EUR,8465100000.0,1034100000.0,353500000.0,6772700000.0,2471700000.0,1557900000.0,0.0521948410530512,0.1430189747946757,0.0417596956917224,0.6302949387061536,Consumer Cyclical,Footwear & Accessories,Germany,,,
E120,Puma,PUM,PUM.DE,,Germany,Consumer Products and Services,Consumer Discretionary,2023,4132154112.0,EUR,8601700000.0,936600000.0,304900000.0,6640400000.0,2553400000.0,1804400000.0,0.0459159086801999,0.1194094148977833,0.035446481509469,0.7066656223075115,Consumer Cyclical,Footwear & Accessories,Germany,,,
E120,Puma,PUM,PUM.DE,,Germany,Consumer Products and Services,Consumer Discretionary,2024,4132154112.0,EUR,8398000000.0,904300000.0,281600000.0,7140600000.0,2827700000.0,1718600000.0,0.0394364619219673,0.0995862361636665,0.0335317932841152,0.6077731018141953,Consumer Cyclical,Footwear & Accessories,Germany,,,
E121,Games Workshop,GAW,GAW.L,,United Kingdom,Consumer Products and Services,Consumer Discretionary,2022,6301555712.0,GBp,414800000.0,192100000.0,128400000.0,321100000.0,234700000.0,48900000.0,0.3998754282155092,0.5470813804857264,0.3095467695274831,0.2083510864933958,Consumer Cyclical,Leisure,United Kingdom,,,
E121,Games Workshop,GAW,GAW.L,,United Kingdom,Consumer Products and Services,Consumer Discretionary,2023,6301555712.0,GBp,470800000.0,211000000.0,134700000.0,326800000.0,235100000.0,49900000.0,0.4121787025703794,0.572947681837516,0.2861087510620221,0.2122501063377286,Consumer Cyclical,Leisure,United Kingdom,,,
E121,Games Workshop,GAW,GAW.L,,United Kingdom,Consumer Products and Services,Consumer Discretionary,2024,6301555712.0,GBp,525700000.0,243300000.0,151100000.0,351300000.0,251400000.0,47200000.0,0.4301167093652149,0.6010342084327764,0.2874262887578467,0.1877486077963405,Consumer Cyclical,Leisure,United Kingdom,,,
E122,Shell plc,SHEL,SHEL.L,,United Kingdom,Energy,Energy,2022,182729900032.0,GBp,381314000000.0,92554000000.0,42309000000.0,443024000000.0,190472000000.0,83795000000.0,0.0955004695005236,0.2221271367970095,0.1109558002066538,0.4399334285354278,Energy,Oil & Gas Integrated,United Kingdom,,,
E122,Shell plc,SHEL,SHEL.L,,United Kingdom,Energy,Energy,2023,182729900032.0,GBp,316620000000.0,60361000000.0,19359000000.0,406270000000.0,186607000000.0,81541000000.0,0.0476505772023531,0.103742088989159,0.061142694712905,0.436966458921691,Energy,Oil & Gas Integrated,United Kingdom,,,
E122,Shell plc,SHEL,SHEL.L,,United Kingdom,Energy,Energy,2024,182729900032.0,GBp,284312000000.0,57483000000.0,16094000000.0,387609000000.0,178307000000.0,77078000000.0,0.0415212237073958,0.0902600570925426,0.0566068263034975,0.4322769156567044,Energy,Oil & Gas Integrated,United Kingdom,,,
E123,Eni,ENI,ENI.MI,NET000PLEN01,Italy,Energy,Energy,2022,69938421760.0,EUR,132512000000.0,38587000000.0,13887000000.0,152130000000.0,54759000000.0,31868000000.0,0.0912837704594754,0.2536021475921766,0.1047980560251147,0.5819682609251448,Energy,Oil & Gas Integrated,Italy,,,
E123,Eni,ENI,ENI.MI,NET000PLEN01,Italy,Energy,Energy,2023,69938421760.0,EUR,93717000000.0,25820000000.0,4771000000.0,142606000000.0,53184000000.0,34065000000.0,0.0334558153233384,0.0897074308062575,0.0509085864891108,0.6405121841155235,Energy,Oil & Gas Integrated,Italy,,,
E123,Eni,ENI,ENI.MI,NET000PLEN01,Italy,Energy,Energy,2024,69938421760.0,EUR,88797000000.0,23069000000.0,2624000000.0,146939000000.0,52785000000.0,36843000000.0,0.0178577504951034,0.0497110921663351,0.0295505478788697,0.6979823813583405,Energy,Oil & Gas Integrated,Italy,,,
E124,Galp Energia,GALP,GALP.LS,,Portugal,Energy,Energy,2022,15819800576.0,EUR,26839000000.0,4746000000.0,1475000000.0,16096000000.0,4161000000.0,5264000000.0,0.0916376739562624,0.3544820956500841,0.0549573382018704,1.2650805094929105,Energy,Oil & Gas Integrated,Portugal,,,
E124,Galp Energia,GALP,GALP.LS,,Portugal,Energy,Energy,2023,15819800576.0,EUR,20768000000.0,3753000000.0,1242000000.0,16606000000.0,4409000000.0,5410000000.0,0.074792243767313,0.2816965298253572,0.0598035439137134,1.2270356089816286,Energy,Oil & Gas Integrated,Portugal,,,
E124,Galp Energia,GALP,GALP.LS,,Portugal,Energy,Energy,2024,15819800576.0,EUR,21311000000.0,3482000000.0,1040000000.0,16817000000.0,4689000000.0,4908000000.0,0.0618421835047868,0.2217956920452122,0.0488010886396696,1.0467050543825975,Energy,Oil & Gas Integrated,Portugal,,,
E125,Euronext,ENX,ENX.PA,,Netherlands,Financial Services,Financials,2022,14482264064.0,EUR,1413861000.0,811756000.0,437827000.0,175137300000.0,3913967000.0,3094645000.0,0.002499907215653,0.1118627213770581,0.309667640595504,0.7906671159976566,Financial Services,Financial Data & Stock Exchanges,Netherlands,,,
E125,Euronext,ENX,ENX.PA,,Netherlands,Financial Services,Financials,2023,14482264064.0,EUR,1473536000.0,904957000.0,513567000.0,189507098000.0,3945691000.0,3108388000.0,0.0027100145874219,0.1301589506121994,0.3485269447098679,0.7877930633696354,Financial Services,Financial Data & Stock Exchanges,Netherlands,,,
E125,Euronext,ENX,ENX.PA,,Netherlands,Financial Services,Financials,2024,14482264064.0,EUR,1625334000.0,1064317000.0,585571000.0,279101848000.0,4245175000.0,3115527000.0,0.0020980549007328,0.1379380119783047,0.3602773337664751,0.7338983669695596,Financial Services,Financial Data & Stock Exchanges,Netherlands,,,
E126,IG Group,IGGI,IGG.L,,United Kingdom,Financial Services,Financials,2022,6322246656.0,GBp,982000000.0,552000000.0,503900000.0,3126100000.0,2027800000.0,319100000.0,0.1611912606762419,0.248495906894171,0.5131364562118126,0.1573626590393529,Financial Services,Capital Markets,United Kingdom,,,
E126,IG Group,IGGI,IGG.L,,United Kingdom,Financial Services,Financials,2023,6322246656.0,GBp,949700000.0,528700000.0,365000000.0,2995200000.0,2014600000.0,319500000.0,0.1218616452991453,0.1811774049439094,0.384331894282405,0.1585922763824084,Financial Services,Capital Markets,United Kingdom,,,
E126,IG Group,IGGI,IGG.L,,United Kingdom,Financial Services,Financials,2024,6322246656.0,GBp,852400000.0,504700000.0,307700000.0,2940900000.0,1889500000.0,323200000.0,0.1046278350164915,0.1628473141042604,0.3609807602064758,0.1710505424715533,Financial Services,Capital Markets,United Kingdom,,,
E127,Flow Traders,FLOW,FLOW.AS,,Netherlands,Financial Services,Financials,2022,1112738048.0,EUR,552566000.0,178547000.0,126827000.0,11104688000.0,606315000.0,1683416000.0,0.0114210322703348,0.2091767480600018,0.2295237130044193,2.776470976307695,Financial Services,Capital Markets,Netherlands,,,
E127,Flow Traders,FLOW,FLOW.AS,,Netherlands,Financial Services,Financials,2023,1112738048.0,EUR,390791000.0,62948000.0,36151000.0,11578343000.0,585838000.0,2023174000.0,0.0031222947877774,0.061708185539347,0.092507248119839,3.4534700719311484,Financial Services,Capital Markets,Netherlands,,,
E127,Flow Traders,FLOW,FLOW.AS,,Netherlands,Financial Services,Financials,2024,1112738048.0,EUR,598000000.0,211651000.0,159537000.0,12901266000.0,766608000.0,1961717000.0,0.0123659957092583,0.208107663890802,0.2667842809364548,2.558957120197024,Financial Services,Capital Markets,Netherlands,,,
E128,Nestlé,NESN,NESN.SW,,Switzerland,"Food, Beverage and Tobacco",Consumer Staples,2022,205623263232.0,CHF,94780000000.0,16076000000.0,9270000000.0,135182000000.0,41982000000.0,54312000000.0,0.0685742184610377,0.2208089181077604,0.0978054441865372,1.293697298842361,Consumer Defensive,Packaged Foods,Switzerland,,,
E128,Nestlé,NESN,NESN.SW,,Switzerland,"Food, Beverage and Tobacco",Consumer Staples,2023,205623263232.0,CHF,93351000000.0,17804000000.0,11209000000.0,126550000000.0,35742000000.0,55241000000.0,0.0885736862900039,0.3136086396955962,0.1200737003352936,1.5455486542443064,Consumer Defensive,Packaged Foods,Switzerland,,,
E128,Nestlé,NESN,NESN.SW,,Switzerland,"Food, Beverage and Tobacco",Consumer Staples,2024,205623263232.0,CHF,91720000000.0,18662000000.0,10884000000.0,139264000000.0,35917000000.0,63560000000.0,0.0781537224264705,0.3030319904223627,0.1186655037069341,1.769635548625999,Consumer Defensive,Packaged Foods,Switzerland,,,
E129,Rémy Cointreau,RCO,RCO.PA,,France,"Food, Beverage and Tobacco",Consumer Staples,2022,2284221696.0,EUR,,,,,,,,,,,Consumer Defensive,Beverages - Wineries & Distilleries,France,,,
E129,Rémy Cointreau,RCO,RCO.PA,,France,"Food, Beverage and Tobacco",Consumer Staples,2023,2284221696.0,EUR,1548500000.0,461900000.0,293800000.0,3187000000.0,1754400000.0,610300000.0,0.092187009727016,0.1674646602827177,0.1897319987084275,0.3478682170542636,Consumer Defensive,Beverages - Wineries & Distilleries,France,,,
E129,Rémy Cointreau,RCO,RCO.PA,,France,"Food, Beverage and Tobacco",Consumer Staples,2024,2284221696.0,EUR,1194100000.0,330100000.0,184800000.0,3370700000.0,1845300000.0,742800000.0,0.054825407185451,0.1001463176719232,0.1547609077966669,0.4025361729800032,Consumer Defensive,Beverages - Wineries & Distilleries,France,,,
E130,Coca-Cola HBC,CCH,CCH.L,,Switzerland,"Food, Beverage and Tobacco",Consumer Staples,2022,16553979904.0,GBp,9198400000.0,1106200000.0,415400000.0,9855700000.0,3282300000.0,3419900000.0,0.0421481985044187,0.1265575968071169,0.0451600278309271,1.0419218231118423,Consumer Defensive,Beverages - Non-Alcoholic,Switzerland,,,
E130,Coca-Cola HBC,CCH,CCH.L,,Switzerland,"Food, Beverage and Tobacco",Consumer Staples,2023,16553979904.0,GBp,10184000000.0,1383100000.0,636500000.0,9880800000.0,3092800000.0,3424500000.0,0.0644178609019512,0.2058005690636316,0.0625,1.107249094671495,Consumer Defensive,Beverages - Non-Alcoholic,Switzerland,,,
E130,Coca-Cola HBC,CCH,CCH.L,,Switzerland,"Food, Beverage and Tobacco",Consumer Staples,2024,16553979904.0,GBp,10754400000.0,1624300000.0,820600000.0,10653700000.0,3205700000.0,3980600000.0,0.0770248833738513,0.2559815328945316,0.0763036524585286,1.241725676139377,Consumer Defensive,Beverages - Non-Alcoholic,Switzerland,,,
E131,Teva Pharmaceutical Industries,TEV,TEVA,US8816242098,Israel,Health Care,Health Care,2022,40213487616.0,USD,14925000000.0,-925000000.0,-2446000000.0,44011000000.0,7804000000.0,21561000000.0,-0.0555770148371997,-0.3134290107637109,-0.1638860971524288,2.7628139415684263,Healthcare,Drug Manufacturers - Specialty & Generic,Israel,,,
E131,Teva Pharmaceutical Industries,TEV,TEVA,US8816242098,Israel,Health Care,Health Care,2023,40213487616.0,USD,15845000000.0,1558000000.0,-559000000.0,43479000000.0,7506000000.0,20153000000.0,-0.0128567814347156,-0.0744737543298694,-0.0352792679078573,2.6849187316813214,Healthcare,Drug Manufacturers - Specialty & Generic,Israel,,,
E131,Teva Pharmaceutical Industries,TEV,TEVA,US8816242098,Israel,Health Care,Health Care,2024,40213487616.0,USD,16544000000.0,777000000.0,-1639000000.0,39326000000.0,5373000000.0,18079000000.0,-0.0416772618623811,-0.3050437372045412,-0.0990691489361702,3.364786897450214,Healthcare,Drug Manufacturers - Specialty & Generic,Israel,,,
E132,EssilorLuxottica,ESLX,EL.PA,FR001400EFS2,France,Health Care,Health Care,2022,81963712512.0,EUR,24494000000.0,6109000000.0,2152000000.0,60561000000.0,37455000000.0,12204000000.0,0.0355344198411518,0.0574556134027499,0.0878582510002449,0.3258309971966359,Healthcare,Medical Instruments & Supplies,France,,,
E132,EssilorLuxottica,ESLX,EL.PA,FR001400EFS2,France,Health Care,Health Care,2023,81963712512.0,EUR,25395000000.0,6123000000.0,2289000000.0,60523000000.0,38239000000.0,11657000000.0,0.0378203327660558,0.0598603519966526,0.0901358535144713,0.3048458380187766,Healthcare,Medical Instruments & Supplies,France,,,
E132,EssilorLuxottica,ESLX,EL.PA,FR001400EFS2,France,Health Care,Health Care,2024,81963712512.0,EUR,26508000000.0,6593000000.0,2359000000.0,64279000000.0,40376000000.0,13216000000.0,0.0366993886028096,0.0584257975034674,0.0889920024143654,0.3273231622746186,Healthcare,Medical Instruments & Supplies,France,,,
E133,Sanofi,SNY,SAN.PA,FR001400UEY9,France,Health Care,Health Care,2022,91501813760.0,EUR,40561000000.0,13510000000.0,8371000000.0,126722000000.0,74784000000.0,21212000000.0,0.0660579851959407,0.1119357081728712,0.2063805133009541,0.2836435601198117,Healthcare,Drug Manufacturers - General,France,,,
E133,Sanofi,SNY,SAN.PA,FR001400UEY9,France,Health Care,Health Care,2023,91501813760.0,EUR,41618000000.0,11323000000.0,5400000000.0,126464000000.0,74040000000.0,18422000000.0,0.0426998987854251,0.072933549432739,0.1297515498101782,0.2488114532685035,Healthcare,Drug Manufacturers - General,France,,,
E133,Sanofi,SNY,SAN.PA,FR001400UEY9,France,Health Care,Health Care,2024,91501813760.0,EUR,44286000000.0,10988000000.0,5560000000.0,132798000000.0,77507000000.0,17906000000.0,0.0418681004231991,0.0717354561523475,0.1255475771124057,0.2310242945798444,Healthcare,Drug Manufacturers - General,France,,,
E134,Novartis,NOV N,NOVN.SW,,Switzerland,Health Care,Health Care,2022,232329281536.0,CHF,43461000000.0,14682000000.0,6955000000.0,117453000000.0,59342000000.0,27909000000.0,0.0592151754318748,0.1172019817330052,0.1600285313269367,0.4703077078628964,Healthcare,Drug Manufacturers - General,Switzerland,,,
E134,Novartis,NOV N,NOVN.SW,,Switzerland,Health Care,Health Care,2023,232329281536.0,CHF,46660000000.0,18255000000.0,14850000000.0,99945000000.0,46667000000.0,26348000000.0,0.1485817199459702,0.3182120127713373,0.3182597513930562,0.564595967171663,Healthcare,Drug Manufacturers - General,Switzerland,,,
E134,Novartis,NOV N,NOVN.SW,,Switzerland,Health Care,Health Care,2024,232329281536.0,CHF,51722000000.0,20715000000.0,11941000000.0,102246000000.0,44046000000.0,31258000000.0,0.116786964771238,0.2711029378377151,0.2308688759135377,0.7096671661444853,Healthcare,Drug Manufacturers - General,Switzerland,,,
E135,Fresenius Medical Care,FME,FME.DE,,Germany,Health Care,Health Care,2022,10465964032.0,EUR,19398017000.0,3417781000.0,673405000.0,35754114000.0,13989453000.0,13192326000.0,0.018834336099057,0.0481366212102789,0.0347151463987272,0.9430194304237628,Healthcare,Medical Care Facilities,Germany,,,
E135,Fresenius Medical Care,FME,FME.DE,,Germany,Health Care,Health Care,2023,10465964032.0,EUR,19453617000.0,3209626000.0,498997000.0,33929808000.0,13620261000.0,12050412000.0,0.0147067439933641,0.036636375764018,0.0256506026617055,0.8847416360082968,Healthcare,Medical Care Facilities,Germany,,,
E135,Fresenius Medical Care,FME,FME.DE,,Germany,Health Care,Health Care,2024,10465964032.0,EUR,19335909000.0,3206227000.0,537913000.0,33566579000.0,14576563000.0,10978908000.0,0.0160252553589092,0.0369025949395615,0.027819379993979,0.7531890748182545,Healthcare,Medical Care Facilities,Germany,,,
E136,Sandvik AB,SAND,SAND.ST,,Sweden,Industrial Goods and Services,Industrials,2022,461990330368.0,SEK,112332000000.0,26026000000.0,11212000000.0,176682000000.0,81227000000.0,52057000000.0,0.0634586432120985,0.138032920088148,0.0998112737243172,0.6408829576372389,Industrials,Specialty Industrial Machinery,Sweden,,,
E136,Sandvik AB,SAND,SAND.ST,,Sweden,Industrial Goods and Services,Industrials,2023,461990330368.0,SEK,126503000000.0,29875000000.0,15300000000.0,174210000000.0,87631000000.0,45081000000.0,0.0878250387463406,0.1745957480800173,0.1209457483221741,0.5144412365487099,Industrials,Specialty Industrial Machinery,Sweden,,,
E136,Sandvik AB,SAND,SAND.ST,,Sweden,Industrial Goods and Services,Industrials,2024,461990330368.0,SEK,122878000000.0,26993000000.0,12243000000.0,184384000000.0,96924000000.0,42756000000.0,0.0663994706699062,0.1263154636622508,0.0996354107325965,0.4411291321035038,Industrials,Specialty Industrial Machinery,Sweden,,,
E137,Kone,KNEBV,KNEBV.HE,,Finland,Industrial Goods and Services,Industrials,2022,24939808768.0,EUR,10906700000.0,1310500000.0,774500000.0,9090400000.0,2836600000.0,532600000.0,0.0851997711871864,0.2730381442572093,0.0710113966644356,0.1877599943594444,Industrials,Specialty Industrial Machinery,Finland,,,
E137,Kone,KNEBV,KNEBV.HE,,Finland,Industrial Goods and Services,Industrials,2023,24939808768.0,EUR,10952300000.0,1500800000.0,925800000.0,8730800000.0,2752000000.0,554800000.0,0.1060383928162367,0.3364098837209302,0.0845301900057522,0.2015988372093023,Industrials,Specialty Industrial Machinery,Finland,,,
E137,Kone,KNEBV,KNEBV.HE,,Finland,Industrial Goods and Services,Industrials,2024,24939808768.0,EUR,11098400000.0,1581600000.0,951300000.0,9284300000.0,2866700000.0,836400000.0,0.1024632982561959,0.3318449785467611,0.0857150580263821,0.2917640492552412,Industrials,Specialty Industrial Machinery,Finland,,,
E138,Smiths Group,SMIN,SMIN.L,,United Kingdom,Industrial Goods and Services,Industrials,2022,7453718528.0,GBp,2566000000.0,287000000.0,1033000000.0,5223000000.0,2699000000.0,1166000000.0,0.1977790541834194,0.3827343460540941,0.4025720966484801,0.432011856243053,Industrials,Specialty Industrial Machinery,United Kingdom,,,
E138,Smiths Group,SMIN,SMIN.L,,United Kingdom,Industrial Goods and Services,Industrials,2023,7453718528.0,GBp,3037000000.0,580000000.0,231000000.0,4381000000.0,2384000000.0,654000000.0,0.0527276877425245,0.0968959731543624,0.0760619031939413,0.2743288590604026,Industrials,Specialty Industrial Machinery,United Kingdom,,,
E138,Smiths Group,SMIN,SMIN.L,,United Kingdom,Industrial Goods and Services,Industrials,2024,7453718528.0,GBp,2778000000.0,534000000.0,250000000.0,4232000000.0,2230000000.0,659000000.0,0.0590737240075614,0.1121076233183856,0.0899928005759539,0.2955156950672645,Industrials,Specialty Industrial Machinery,United Kingdom,,,
E139,Volvo Group,VOLV B,VOLV-B.ST,,Sweden,Industrial Goods and Services,Industrials,2022,630166781952.0,SEK,473479000000.0,67011000000.0,32722000000.0,629064000000.0,162716000000.0,205047000000.0,0.0520169648875154,0.2010988470709702,0.0691097176432323,1.2601526586199268,Industrials,Farm & Heavy Construction Machinery,Sweden,,,
E139,Volvo Group,VOLV B,VOLV-B.ST,,Sweden,Industrial Goods and Services,Industrials,2023,630166781952.0,SEK,552252000000.0,89637000000.0,49825000000.0,674068000000.0,177791000000.0,233516000000.0,0.0739168748553558,0.280244781794354,0.0902214930864895,1.3134298136576092,Industrials,Farm & Heavy Construction Machinery,Sweden,,,
E139,Volvo Group,VOLV B,VOLV-B.ST,,Sweden,Industrial Goods and Services,Industrials,2024,630166781952.0,SEK,526816000000.0,90430000000.0,50389000000.0,714564000000.0,194049000000.0,258851000000.0,0.0705171265275048,0.2596715262639849,0.0956481959545647,1.3339465805028627,Industrials,Farm & Heavy Construction Machinery,Sweden,,,
E140,Prysmian,PRY,PRY.MI,,Italy,Industrial Goods and Services,Industrials,2022,41659478016.0,EUR,16067000000.0,1188000000.0,504000000.0,12756000000.0,3585000000.0,3067000000.0,0.0395108184383819,0.1405857740585774,0.0313686438040704,0.8555090655509066,Industrials,Electrical Equipment & Parts,Italy,,,
E140,Prysmian,PRY,PRY.MI,,Italy,Industrial Goods and Services,Industrials,2023,41659478016.0,EUR,15354000000.0,1462000000.0,529000000.0,13323000000.0,3781000000.0,3046000000.0,0.0397057719732792,0.1399100766992859,0.0344535625895532,0.8056069822798202,Industrials,Electrical Equipment & Parts,Italy,,,
E140,Prysmian,PRY,PRY.MI,,Italy,Industrial Goods and Services,Industrials,2024,41659478016.0,EUR,17026000000.0,1660000000.0,729000000.0,18157000000.0,5087000000.0,5415000000.0,0.0401498044831194,0.14330646746609,0.0428168683190414,1.06447808138392,Industrials,Electrical Equipment & Parts,Italy,,,
E141,Prudential plc,PRU,PRU.L,,United Kingdom,Insurance,Financials,2022,23839242240.0,GBp,-21220000000.0,,-1007000000.0,160249000000.0,16731000000.0,5076000000.0,-0.0062839705707991,-0.0601876755722909,0.0474552309142318,0.3033889187735341,Financial Services,Insurance - Life,Hong Kong,,,
E141,Prudential plc,PRU,PRU.L,,United Kingdom,Insurance,Financials,2023,23839242240.0,GBp,19148000000.0,,1701000000.0,174066000000.0,17823000000.0,4874000000.0,0.009772155389335,0.0954384783706446,0.088834343012325,0.2734668686528643,Financial Services,Insurance - Life,Hong Kong,,,
E141,Prudential plc,PRU,PRU.L,,United Kingdom,Insurance,Financials,2024,23839242240.0,GBp,16211000000.0,,2285000000.0,181876000000.0,17492000000.0,4722000000.0,0.0125635048054718,0.1306311456665904,0.1409536734316205,0.2699519780471072,Financial Services,Insurance - Life,Hong Kong,,,
E142,Poste Italiane,PST,PST.MI,,Italy,Insurance,Financials,2022,35490615296.0,EUR,18280000000.0,3296000000.0,1578000000.0,262074000000.0,7834000000.0,13406000000.0,0.0060212001190503,0.2014296655603778,0.0863238512035011,1.7112586162879757,Industrials,Conglomerates,Italy,,,
E142,Poste Italiane,PST,PST.MI,,Italy,Insurance,Financials,2023,35490615296.0,EUR,20590000000.0,3643000000.0,1922000000.0,270827000000.0,10322000000.0,11513000000.0,0.0070967813401174,0.1862042239875993,0.0933462846041767,1.1153846153846154,Industrials,Conglomerates,Italy,,,
E142,Poste Italiane,PST,PST.MI,,Italy,Insurance,Financials,2024,35490615296.0,EUR,22535000000.0,3647000000.0,1994000000.0,277098000000.0,11583000000.0,9502000000.0,0.0071960100758576,0.1721488388155055,0.0884845795429332,0.820340153673487,Industrials,Conglomerates,Italy,,,
E143,SCOR SE,SCR,SCR.PA,AU0000339939,France,Insurance,Financials,2022,5502511616.0,EUR,16438000000.0,-1321000000.0,-1383000000.0,34987000000.0,4317000000.0,3285000000.0,-0.0395289679023637,-0.320361362056984,-0.0841343229103297,0.7609451007644198,Financial Services,Insurance - Reinsurance,France,,,
E143,SCOR SE,SCR,SCR.PA,AU0000339939,France,Insurance,Financials,2023,5502511616.0,EUR,15837000000.0,1581000000.0,812000000.0,35477000000.0,4694000000.0,3237000000.0,0.0228880683259576,0.1729867916489135,0.0512723369324998,0.6896037494674052,Financial Services,Insurance - Reinsurance,France,,,
E143,SCOR SE,SCR,SCR.PA,AU0000339939,France,Insurance,Financials,2024,5502511616.0,EUR,15650000000.0,520000000.0,4000000.0,37348000000.0,4524000000.0,3549000000.0,0.0001071007818357,0.0008841732979664,0.000255591054313,0.7844827586206896,Financial Services,Insurance - Reinsurance,France,,,
E144,Swiss Re,SRENH,SREN.SW,,Switzerland,Insurance,Financials,2022,35700015104.0,CHF,46043000000.0,1646000000.0,472000000.0,128796000000.0,18812000000.0,9315000000.0,0.0036647100841641,0.0250903678503083,0.010251286840562,0.495162662130555,Financial Services,Insurance - Reinsurance,Switzerland,,,
E144,Swiss Re,SRENH,SREN.SW,,Switzerland,Insurance,Financials,2023,35700015104.0,CHF,43643000000.0,4184000000.0,3111000000.0,133861000000.0,22310000000.0,7965000000.0,0.0232405256198594,0.1394441954280591,0.0712829090575808,0.3570147915732855,Financial Services,Insurance - Reinsurance,Switzerland,,,
E144,Swiss Re,SRENH,SREN.SW,,Switzerland,Insurance,Financials,2024,35700015104.0,CHF,46756000000.0,4200000000.0,3241000000.0,127229000000.0,23106000000.0,7261000000.0,0.025473752053384,0.1402665974205834,0.0693173068697065,0.3142473816324764,Financial Services,Insurance - Reinsurance,Switzerland,,,
E145,Legal & General,LGEN,LGEN.L,,United Kingdom,Insurance,Financials,2022,15174340608.0,GBp,-94939000000.0,1261000000.0,783000000.0,513270000000.0,5562000000.0,5557000000.0,0.0015255128879537,0.1407766990291262,-0.0082474009627234,0.9991010427903632,Financial Services,Asset Management,United Kingdom,,,
E145,Legal & General,LGEN,LGEN.L,,United Kingdom,Insurance,Financials,2023,15174340608.0,GBp,32689000000.0,,457000000.0,522095000000.0,4826000000.0,6120000000.0,0.0008753196257386,0.0946953999171156,0.0139802380005506,1.2681309573145465,Financial Services,Asset Management,United Kingdom,,,
E145,Legal & General,LGEN,LGEN.L,,United Kingdom,Insurance,Financials,2024,15174340608.0,GBp,20613000000.0,,191000000.0,544167000000.0,3548000000.0,7699000000.0,0.0003509951908145,0.0538331454340473,0.0092659971862416,2.169954904171364,Financial Services,Asset Management,United Kingdom,,,
E146,RELX,REL,REL.L,,United Kingdom,Media,Communication Services,2022,44257619968.0,GBp,8553000000.0,3008000000.0,1634000000.0,15829000000.0,3776000000.0,6730000000.0,0.1032282519426369,0.4327330508474576,0.191044078101251,1.7823093220338984,Industrials,Specialty Business Services,United Kingdom,,,
E146,RELX,REL,REL.L,,United Kingdom,Media,Communication Services,2023,44257619968.0,GBp,9161000000.0,3312000000.0,1781000000.0,14917000000.0,3460000000.0,6497000000.0,0.1193939800227927,0.5147398843930636,0.1944110904923043,1.8777456647398845,Industrials,Specialty Business Services,United Kingdom,,,
E146,RELX,REL,REL.L,,United Kingdom,Media,Communication Services,2024,44257619968.0,GBp,9434000000.0,3544000000.0,1934000000.0,15133000000.0,3481000000.0,6544000000.0,0.1278001718099517,0.555587474863545,0.20500317998728,1.8799195633438668,Industrials,Specialty Business Services,United Kingdom,,,
E147,Storebrand,SRB,STB.OL,,Norway,Insurance,Financials,2022,71671537664.0,NOK,-37193000000.0,4014000000.0,2376000000.0,769649000000.0,29519000000.0,43779000000.0,0.003087121532023,0.0804905315220705,-0.0638829887344392,1.4830786950777466,Financial Services,Financial Conglomerates,Norway,,,
E147,Storebrand,SRB,STB.OL,,Norway,Insurance,Financials,2023,71671537664.0,NOK,73604000000.0,6745000000.0,3378000000.0,896940000000.0,29531000000.0,52439000000.0,0.0037661382032242,0.114388269953608,0.0458942448779957,1.7757272019234025,Financial Services,Financial Conglomerates,Norway,,,
E147,Storebrand,SRB,STB.OL,,Norway,Insurance,Financials,2024,71671537664.0,NOK,95257000000.0,11041000000.0,5523000000.0,905448000000.0,31712000000.0,53891000000.0,0.0060997428897076,0.1741612008072653,0.0579799909717921,1.69938824419778,Financial Services,Financial Conglomerates,Norway,,,
E148,Informa,INF,INF.L,,United Kingdom,Media,Communication Services,2022,10104857600.0,GBp,2262400000.0,588600000.0,1631500000.0,12145700000.0,7152100000.0,2211200000.0,0.1343273751204129,0.2281148194236657,0.7211368458274399,0.3091679366899232,Communication Services,Publishing,United Kingdom,,,
E148,Informa,INF,INF.L,,United Kingdom,Media,Communication Services,2023,10104857600.0,GBp,3189600000.0,952500000.0,419000000.0,11524200000.0,6748500000.0,1778300000.0,0.0363582721577202,0.0620878713788249,0.1313644344118384,0.2635104097206787,Communication Services,Publishing,United Kingdom,,,
E148,Informa,INF,INF.L,,United Kingdom,Media,Communication Services,2024,10104857600.0,GBp,3553100000.0,900300000.0,297700000.0,13690700000.0,6485200000.0,3485700000.0,0.0217446879998831,0.0459045210633442,0.0837859896991359,0.5374853512613335,Communication Services,Publishing,United Kingdom,,,
E149,Ipsos,IPX,IPS.PA,,France,Media,Communication Services,2022,1636590080.0,EUR,2405310000.0,401153000.0,215160000.0,2851122000.0,1481121000.0,584197000.0,0.0754650274523503,0.1452683474206361,0.089452087256944,0.3944289494241186,Industrials,Consulting Services,France,,,
E149,Ipsos,IPX,IPS.PA,,France,Media,Communication Services,2023,1636590080.0,EUR,2389810000.0,353734000.0,159725000.0,2752756000.0,1416297000.0,519160000.0,0.0580236679168077,0.1127764868526869,0.0668358572438813,0.3665615333507026,Industrials,Consulting Services,France,,,
E149,Ipsos,IPX,IPS.PA,,France,Media,Communication Services,2024,1636590080.0,EUR,2440780000.0,394211000.0,204525000.0,2914051000.0,1577522000.0,509333000.0,0.0701857997680891,0.1296495389604709,0.0837949344062144,0.3228690313035254,Industrials,Consulting Services,France,,,
E150,Sanoma,SANO,SANOMA.HE,,Finland,Media,Communication Services,2022,1460579456.0,EUR,1298300000.0,318300000.0,76200000.0,2103600000.0,695100000.0,856900000.0,0.0362236166571591,0.1096245144583513,0.0586921358699838,1.2327722629837434,Consumer Defensive,Education & Training Services,Finland,,,
E150,Sanoma,SANO,SANOMA.HE,,Finland,Media,Communication Services,2023,1460579456.0,EUR,1392800000.0,270200000.0,3300000.0,2036600000.0,796900000.0,704200000.0,0.0016203476382205,0.0041410465554021,0.0023693279724296,0.8836742376709751,Consumer Defensive,Education & Training Services,Finland,,,
E150,Sanoma,SANO,SANOMA.HE,,Finland,Media,Communication Services,2024,1460579456.0,EUR,1344800000.0,295600000.0,40500000.0,1879100000.0,770600000.0,589500000.0,0.0215528710552924,0.0525564495198546,0.0301160023795359,0.7649883207889956,Consumer Defensive,Education & Training Services,Finland,,,
E151,Sainsbury's,SBRY,SBRY.L,,United Kingdom,"Personal Care, Drug and Grocery Stores",Consumer Staples,2022,6882947072.0,GBp,,,,,,,,,,,Consumer Defensive,Grocery Stores,United Kingdom,,,
E151,Sainsbury's,SBRY,SBRY.L,,United Kingdom,"Personal Care, Drug and Grocery Stores",Consumer Staples,2023,6882947072.0,GBp,31491000000.0,1844000000.0,207000000.0,26158000000.0,7253000000.0,7145000000.0,0.0079134490404465,0.0285399145181304,0.0065733066590454,0.9851096098166277,Consumer Defensive,Grocery Stores,United Kingdom,,,
E151,Sainsbury's,SBRY,SBRY.L,,United Kingdom,"Personal Care, Drug and Grocery Stores",Consumer Staples,2024,6882947072.0,GBp,32238000000.0,1973000000.0,137000000.0,25061000000.0,6868000000.0,6549000000.0,0.0054666613463149,0.0199475829935934,0.0042496432781189,0.9535527082119976,Consumer Defensive,Grocery Stores,United Kingdom,,,
E152,Reckitt,RKT,RKT.L,,United Kingdom,"Personal Care, Drug and Grocery Stores",Consumer Staples,2022,29363685376.0,GBp,14453000000.0,3904000000.0,2330000000.0,28742000000.0,9443000000.0,8884000000.0,0.0810660357664741,0.2467436196124113,0.1612122050785304,0.9408027110028592,Consumer Defensive,Household & Personal Products,United Kingdom,,,
E152,Reckitt,RKT,RKT.L,,United Kingdom,"Personal Care, Drug and Grocery Stores",Consumer Staples,2023,29363685376.0,GBp,14607000000.0,3180000000.0,1643000000.0,27136000000.0,8448000000.0,8537000000.0,0.060546875,0.1944839015151515,0.1124803176559184,1.0105350378787878,Consumer Defensive,Household & Personal Products,United Kingdom,,,
E152,Reckitt,RKT,RKT.L,,United Kingdom,"Personal Care, Drug and Grocery Stores",Consumer Staples,2024,29363685376.0,GBp,14169000000.0,2958000000.0,1426000000.0,25298000000.0,6699000000.0,8658000000.0,0.0563680923393153,0.212867592177937,0.1006422471592914,1.2924317062248096,Consumer Defensive,Household & Personal Products,United Kingdom,,,
E153,Warehouses De Pauw,WDP,WDP.BR,DE0005146807,Belgium,Real Estate,Real Estate,2022,5258288128.0,EUR,330653000.0,382947000.0,351711000.0,7053848000.0,4273375000.0,2401902000.0,0.049860870265421,0.0823028636616257,1.0636860999295334,0.5620620703776289,Real Estate,REIT - Industrial,Belgium,,,
E153,Warehouses De Pauw,WDP,WDP.BR,DE0005146807,Belgium,Real Estate,Real Estate,2023,5258288128.0,EUR,378049000.0,52954000.0,22299000.0,7072286000.0,4442924000.0,2316676000.0,0.0031530116287718,0.0050189919971622,0.0589844173638866,0.5214304813676759,Real Estate,REIT - Industrial,Belgium,,,
E153,Warehouses De Pauw,WDP,WDP.BR,DE0005146807,Belgium,Real Estate,Real Estate,2024,5258288128.0,EUR,438362000.0,533172000.0,435499000.0,8203210000.0,4745912000.0,3063752000.0,0.0530888518031356,0.0917629741133,0.993468868195692,0.6455560069381817,Real Estate,REIT - Industrial,Belgium,,,
E154,Unibail-Rodamco-Westfield,URW,URW.PA,,France,Real Estate,Real Estate,2022,14493517824.0,EUR,3003800000.0,1103000000.0,178200000.0,54636000000.0,19177200000.0,26402800000.0,0.0032615857676257,0.0092922845879481,0.0593248551834343,1.3767807604864108,Real Estate,REIT - Retail,France,,,
E154,Unibail-Rodamco-Westfield,URW,URW.PA,,France,Real Estate,Real Estate,2023,14493517824.0,EUR,3061000000.0,-727300000.0,-1629100000.0,53578100000.0,17206800000.0,27895100000.0,-0.0304060800961586,-0.0946776855661715,-0.5322116955243384,1.6211672129623171,Real Estate,REIT - Retail,France,,,
E154,Unibail-Rodamco-Westfield,URW,URW.PA,,France,Real Estate,Real Estate,2024,14493517824.0,EUR,3256100000.0,1626800000.0,146200000.0,53545600000.0,17670700000.0,27559900000.0,0.00273038307536,0.008273582823544,0.044900340898621,1.5596382712625985,Real Estate,REIT - Retail,France,,,
E155,Vonovia,VNA,VNA.DE,,Germany,Real Estate,Real Estate,2022,16904871936.0,EUR,5482900000.0,1255300000.0,-643800000.0,101389600000.0,31331500000.0,45687100000.0,-0.0063497636838492,-0.0205480107878652,-0.1174196137080741,1.4581842554617557,Real Estate,Real Estate Services,Germany,,,
E155,Vonovia,VNA,VNA.DE,,Germany,Real Estate,Real Estate,2023,16904871936.0,EUR,5228500000.0,-7904900000.0,-6285100000.0,91995900000.0,25682600000.0,43493900000.0,-0.0683193490144669,-0.2447221075747782,-1.2020847279334417,1.6935162327801705,Real Estate,Real Estate Services,Germany,,,
E155,Vonovia,VNA,VNA.DE,,Germany,Real Estate,Real Estate,2024,16904871936.0,EUR,5939100000.0,408000000.0,-896000000.0,90236300000.0,23996400000.0,43205300000.0,-0.0099294851406806,-0.0373389341734593,-0.1508646091158593,1.8004909069693786,Real Estate,Real Estate Services,Germany,,,
E156,Tesco,TSCO,TSCO.L,,United Kingdom,Retail,Consumer Discretionary,2022,29877178368.0,GBp,,,,,,,,,,,Consumer Defensive,Grocery Stores,United Kingdom,,,
E156,Tesco,TSCO,TSCO.L,,United Kingdom,Retail,Consumer Discretionary,2023,29877178368.0,GBp,65322000000.0,3227000000.0,737000000.0,45868000000.0,12236000000.0,15078000000.0,0.0160678468649167,0.0602321019941157,0.0112825694253084,1.2322654462242564,Consumer Defensive,Grocery Stores,United Kingdom,,,
E156,Tesco,TSCO,TSCO.L,,United Kingdom,Retail,Consumer Discretionary,2024,29877178368.0,GBp,68187000000.0,4825000000.0,1188000000.0,47039000000.0,11671000000.0,14841000000.0,0.0252556389379025,0.1017907634307257,0.0174226758766333,1.2716134007368691,Consumer Defensive,Grocery Stores,United Kingdom,,,
E157,Inditex,ITX,ITX.MC,,Spain,Retail,Consumer Discretionary,2022,174901739520.0,EUR,,,,,,,,,,,Consumer Cyclical,Apparel Retail,Spain,"Sustituye a Delivery Hero (E157=DASH, duplicado de E062=DHER, Decisión 028). Hueco FY2022 por año fiscal no-diciembre (cierre 31-ene), ver Decisión 006",,
E157,Inditex,ITX,ITX.MC,,Spain,Retail,Consumer Discretionary,2023,174901739520.0,EUR,32569000000.0,8278000000.0,4130000000.0,29983000000.0,17008000000.0,5596000000.0,0.1377447220091385,0.242826904985889,0.1268077005741656,0.3290216368767639,Consumer Cyclical,Apparel Retail,Spain,"Sustituye a Delivery Hero (E157=DASH, duplicado de E062=DHER, Decisión 028)",,
E157,Inditex,ITX,ITX.MC,,Spain,Retail,Consumer Discretionary,2024,174901739520.0,EUR,35947000000.0,10038000000.0,5381000000.0,32735000000.0,18642000000.0,5739000000.0,0.1643806323506949,0.2886492865572364,0.1496926029988594,0.3078532346314773,Consumer Cyclical,Apparel Retail,Spain,"Sustituye a Delivery Hero (E157=DASH, duplicado de E062=DHER, Decisión 028)",,
E158,Jerónimo Martins,JMT,JMT.LS,,Portugal,Retail,Consumer Discretionary,2022,11217551360.0,EUR,25385000000.0,1761000000.0,590000000.0,11845000000.0,2331000000.0,3148000000.0,0.0498100464330941,0.2531102531102531,0.0232420720898168,1.3504933504933505,Consumer Defensive,Food Distribution,Portugal,,,
E158,Jerónimo Martins,JMT,JMT.LS,,Portugal,Retail,Consumer Discretionary,2023,11217551360.0,EUR,30608000000.0,2151000000.0,756000000.0,14297000000.0,2814000000.0,4148000000.0,0.0528782262013009,0.2686567164179104,0.0246994249869315,1.4740582800284292,Consumer Defensive,Food Distribution,Portugal,,,
E158,Jerónimo Martins,JMT,JMT.LS,,Portugal,Retail,Consumer Discretionary,2024,11217551360.0,EUR,33464000000.0,2160000000.0,599000000.0,15295000000.0,3006000000.0,4921000000.0,0.0391631252043151,0.1992681304058549,0.0178998326559885,1.6370592149035263,Consumer Defensive,Food Distribution,Portugal,,,
E159,Zalando,ZAL,ZAL.DE,,Germany,Retail,Consumer Discretionary,2022,6502915584.0,EUR,10344800000.0,413900000.0,16800000.0,7626100000.0,2199200000.0,1716700000.0,0.0022029608843314,0.0076391415060021,0.0016240043306782,0.7806020371044016,Consumer Cyclical,Internet Retail,Germany,,,
E159,Zalando,ZAL,ZAL.DE,,Germany,Retail,Consumer Discretionary,2023,6502915584.0,EUR,10143100000.0,572500000.0,83000000.0,7789700000.0,2373100000.0,1851600000.0,0.0106550958316751,0.0349753487000126,0.0081829026628939,0.7802452488306435,Consumer Cyclical,Internet Retail,Germany,,,
E159,Zalando,ZAL,ZAL.DE,,Germany,Retail,Consumer Discretionary,2024,6502915584.0,EUR,10572500000.0,811300000.0,251100000.0,7983900000.0,2665300000.0,1725500000.0,0.0314507947243828,0.0942107830263009,0.0237502955781508,0.6473942895734064,Consumer Cyclical,Internet Retail,Germany,,,
E160,Carrefour,CARR,CA.PA,,France,Retail,Consumer Discretionary,2022,11838369792.0,EUR,83088000000.0,4792000000.0,1348000000.0,56558000000.0,11144000000.0,14087000000.0,0.0238339403797871,0.120961952620244,0.0162237627575582,1.264088298636037,Consumer Defensive,Grocery Stores,France,,,
E160,Carrefour,CARR,CA.PA,,France,Retail,Consumer Discretionary,2023,11838369792.0,EUR,84910000000.0,4338000000.0,1659000000.0,56171000000.0,11539000000.0,4901000000.0,0.0295348133378433,0.1437732905797729,0.0195383347073371,0.4247335124360863,Consumer Defensive,Grocery Stores,France,,,
E160,Carrefour,CARR,CA.PA,,France,Retail,Consumer Discretionary,2024,11838369792.0,EUR,83453000000.0,4364000000.0,723000000.0,57363000000.0,10820000000.0,5069000000.0,0.0126039433084043,0.0668207024029574,0.0086635591290906,0.4684842883548983,Consumer Defensive,Grocery Stores,France,,,
E161,Logitech,LOGN,LOGN.SW,,Switzerland,Technology,Technology,2022,12427311104.0,CHF,,,,,,,,,,,Technology,Computer Hardware,Switzerland,,,
E161,Logitech,LOGN,LOGN.SW,,Switzerland,Technology,Technology,2023,12427311104.0,CHF,4538818000.0,593758000.0,364575000.0,3560753000.0,2257560000.0,71016000.0,0.1023870512781987,0.1614907244990166,0.0803237759258027,0.0314569712432892,Technology,Computer Hardware,Switzerland,,,
E161,Logitech,LOGN,LOGN.SW,,Switzerland,Technology,Technology,2024,12427311104.0,CHF,4298467000.0,679224000.0,612143000.0,3604704000.0,2233653000.0,77027000.0,0.1698178269283691,0.2740546539681857,0.1424096078904409,0.0344847655387833,Technology,Computer Hardware,Switzerland,,,
E162,AIXTRON,AIXA,AIXA.DE,,Germany,Technology,Technology,2022,6264126464.0,EUR,463167000.0,114366000.0,100437000.0,902577000.0,663112000.0,7962000.0,0.1112780405439092,0.1514631012558964,0.2168483505949258,0.012007021438309,Technology,Semiconductor Equipment & Materials,Germany,,,
E162,AIXTRON,AIXA,AIXA.DE,,Germany,Technology,Technology,2023,6264126464.0,EUR,629879000.0,169497000.0,145185000.0,1029946000.0,777368000.0,5436000.0,0.1409637010095674,0.186764826954544,0.2304966509440702,0.0069928270780376,Technology,Semiconductor Equipment & Materials,Germany,,,
E162,AIXTRON,AIXA,AIXA.DE,,Germany,Technology,Technology,2024,6264126464.0,EUR,633159000.0,146849000.0,106283000.0,1018387000.0,847865000.0,5022000.0,0.1043640580643704,0.1253536824848295,0.1678614692360054,0.0059231127596964,Technology,Semiconductor Equipment & Materials,Germany,,,
E163,Infineon Technologies,IFX,IFX.DE,,Germany,Technology,Technology,2022,99892543488.0,EUR,14218000000.0,4529000000.0,2179000000.0,26912000000.0,14944000000.0,6048000000.0,0.0809675980975029,0.1458110278372591,0.1532564355042903,0.4047109207708779,Technology,Semiconductors,Germany,,,
E163,Infineon Technologies,IFX,IFX.DE,,Germany,Technology,Technology,2023,99892543488.0,EUR,16309000000.0,5833000000.0,3137000000.0,28439000000.0,17044000000.0,5114000000.0,0.1103062695594078,0.1840530391926777,0.1923477834324606,0.3000469373386529,Technology,Semiconductors,Germany,,,
E163,Infineon Technologies,IFX,IFX.DE,,Germany,Technology,Technology,2024,99892543488.0,EUR,14955000000.0,4180000000.0,1301000000.0,28639000000.0,17219000000.0,5168000000.0,0.0454275638115856,0.0755560717811719,0.0869943162821798,0.300133573378245,Technology,Semiconductors,Germany,,,
E164,Atos,ATOS,ATO.PA,NET000ATOTC0,France,Technology,Technology,2022,662742528.0,EUR,11270000000.0,-62000000.0,-1012000000.0,16394000000.0,3793000000.0,5875000000.0,-0.0617299011833597,-0.2668072765620881,-0.0897959183673469,1.5489058792512522,Technology,Information Technology Services,France,,,
E164,Atos,ATOS,ATO.PA,NET000ATOTC0,France,Technology,Technology,2023,662742528.0,EUR,10693000000.0,-2322000000.0,-3441000000.0,11294000000.0,55000000.0,5476000000.0,-0.3046750486984239,-62.56363636363636,-0.3217993079584775,99.56363636363636,Technology,Information Technology Services,France,,,
E164,Atos,ATOS,ATO.PA,NET000ATOTC0,France,Technology,Technology,2024,662742528.0,EUR,9577000000.0,1408000000.0,248000000.0,8246000000.0,799000000.0,2811000000.0,0.0300751879699248,0.3103879849812265,0.0258953743343426,3.5181476846057573,Technology,Information Technology Services,France,,,
E165,ams OSRAM,AMS,AMS.SW,,Austria,Technology,Technology,2022,1682219520.0,CHF,4819000000.0,855000000.0,-444000000.0,8832000000.0,2826000000.0,3021000000.0,-0.0502717391304347,-0.1571125265392781,-0.0921352977796223,1.0690021231422506,Technology,Semiconductors,Austria,,,
E165,ams OSRAM,AMS,AMS.SW,,Austria,Technology,Technology,2023,1682219520.0,CHF,3590000000.0,471000000.0,-1613000000.0,7401000000.0,1899000000.0,2667000000.0,-0.2179435211457911,-0.8493944181147972,-0.4493036211699164,1.4044233807266984,Technology,Semiconductors,Austria,,,
E165,ams OSRAM,AMS,AMS.SW,,Austria,Technology,Technology,2024,1682219520.0,CHF,3428000000.0,462000000.0,-786000000.0,6903000000.0,1229000000.0,2693000000.0,-0.1138635375923511,-0.6395443449959316,-0.2292882147024504,2.191212367778682,Technology,Semiconductors,Austria,,,
E166,Telia Company,TELIA,TELIA.ST,,Sweden,Telecommunications,Communication Services,2022,200301641728.0,SEK,85580000000.0,34992000000.0,-14638000000.0,222793000000.0,64239000000.0,94348000000.0,-0.0657022437868335,-0.2278678061613661,-0.1710446365973358,1.4687028129329536,Communication Services,Telecom Services,Sweden,,,
E166,Telia Company,TELIA,TELIA.ST,,Sweden,Telecommunications,Communication Services,2023,200301641728.0,SEK,88561000000.0,36108000000.0,303000000.0,226468000000.0,53468000000.0,106601000000.0,0.0013379373686348,0.0056669409740405,0.0034213705807296,1.9937345702102192,Communication Services,Telecom Services,Sweden,,,
E166,Telia Company,TELIA,TELIA.ST,,Sweden,Telecommunications,Communication Services,2024,200301641728.0,SEK,80965000000.0,36152000000.0,7079000000.0,204272000000.0,55439000000.0,94378000000.0,0.0346547740267878,0.1276898933963455,0.0874328413512011,1.70237558397518,Communication Services,Telecom Services,Sweden,,,
E167,Telenor,TEL,TEL.OL,PLBLOCM00013,Norway,Telecommunications,Communication Services,2022,203072454656.0,NOK,76877000000.0,39394000000.0,44913000000.0,239249000000.0,60135000000.0,118524000000.0,0.1877249225702092,0.7468695435270641,0.5842189471493424,1.970965328011973,Communication Services,Telecom Services,Norway,,,
E167,Telenor,TEL,TEL.OL,PLBLOCM00013,Norway,Telecommunications,Communication Services,2023,203072454656.0,NOK,80452000000.0,22035000000.0,13734000000.0,218377000000.0,64477000000.0,102193000000.0,0.0628912385461838,0.2130061882531755,0.1707104857554815,1.5849527738573446,Communication Services,Telecom Services,Norway,,,
E167,Telenor,TEL,TEL.OL,PLBLOCM00013,Norway,Telecommunications,Communication Services,2024,203072454656.0,NOK,75487000000.0,44273000000.0,18336000000.0,228808000000.0,75849000000.0,99889000000.0,0.0801370581448201,0.2417434639876597,0.24290275146714,1.316945510158341,Communication Services,Telecom Services,Norway,,,
E168,Ericsson,ERICb,ERIC-B.ST,,Sweden,Telecommunications,Communication Services,2022,376266457088.0,SEK,271546000000.0,36548000000.0,18724000000.0,349537000000.0,134814000000.0,42234000000.0,0.05356800567608,0.1388876526176806,0.0689533265082159,0.313276069250968,Technology,Communication Equipment,Sweden,,,
E168,Ericsson,ERICb,ERIC-B.ST,,Sweden,Telecommunications,Communication Services,2023,376266457088.0,SEK,263351000000.0,-8899000000.0,-26446000000.0,297036000000.0,98673000000.0,54328000000.0,-0.0890329791675083,-0.2680165800168232,-0.1004211109887564,0.550586279934734,Technology,Communication Equipment,Sweden,,,
E168,Ericsson,ERICb,ERIC-B.ST,,Sweden,Telecommunications,Communication Services,2024,376266457088.0,SEK,247880000000.0,16163000000.0,20000000.0,292374000000.0,94284000000.0,45536000000.0,6.840553537592262e-05,0.0002121250689406,8.068420203324189e-05,0.482966356964066,Technology,Communication Equipment,Sweden,,,
E169,Telefónica,TEF,TEF.MC,,Spain,Telecommunications,Communication Services,2022,22123190272.0,EUR,39993000000.0,14786000000.0,2011000000.0,109642000000.0,25088000000.0,45388000000.0,0.0183415114645847,0.0801578443877551,0.0502837996649413,1.8091517857142856,Communication Services,Telecom Services,Spain,,,
E169,Telefónica,TEF,TEF.MC,,Spain,Telecommunications,Communication Services,2023,22123190272.0,EUR,40652000000.0,10338000000.0,-892000000.0,104324000000.0,21852000000.0,44115000000.0,-0.0085502856485564,-0.0408200622368661,-0.0219423398602774,2.0188083470620537,Communication Services,Telecom Services,Spain,,,
E169,Telefónica,TEF,TEF.MC,,Spain,Telecommunications,Communication Services,2024,22123190272.0,EUR,35671000000.0,12594000000.0,-49000000.0,100502000000.0,19347000000.0,45021000000.0,-0.0004875524865176,-0.0025326924070915,-0.0013736648818367,2.327027446115677,Communication Services,Telecom Services,Spain,,,
E170,KPN,KPN,KPN.AS,,Netherlands,Telecommunications,Communication Services,2022,16764604416.0,EUR,5311000000.0,2553000000.0,761000000.0,11963000000.0,3650000000.0,6290000000.0,0.0636128061523029,0.2084931506849315,0.14328751647524,1.7232876712328766,Communication Services,Telecom Services,Netherlands,,,
E170,KPN,KPN,KPN.AS,,Netherlands,Telecommunications,Communication Services,2023,16764604416.0,EUR,5439000000.0,2560000000.0,844000000.0,12253000000.0,3558000000.0,6789000000.0,0.0688810903452215,0.237211916807195,0.1551755837470123,1.9080944350758853,Communication Services,Telecom Services,Netherlands,,,
E170,KPN,KPN,KPN.AS,,Netherlands,Telecommunications,Communication Services,2024,16764604416.0,EUR,5603000000.0,2603000000.0,848000000.0,12547000000.0,3531000000.0,7097000000.0,0.0675858771020961,0.2401585952987822,0.1513474924147778,2.0099122061738885,Communication Services,Telecom Services,Netherlands,,,
E171,Entain,ENT,ENT.L,,United Kingdom,Travel and Leisure,Consumer Discretionary,2022,3843287040.0,GBp,4296900000.0,546900000.0,24200000.0,8740100000.0,3132800000.0,3394900000.0,0.0027688470383634,0.0077247191011235,0.0056319672321906,1.0836631767109297,Consumer Cyclical,Gambling,Isle of Man,,,
E171,Entain,ENT,ENT.L,,United Kingdom,Travel and Leisure,Consumer Discretionary,2023,3843287040.0,GBp,4769600000.0,-44700000.0,-928600000.0,10850600000.0,2268000000.0,3633900000.0,-0.0855805208928538,-0.4094356261022928,-0.1946913787319691,1.6022486772486773,Consumer Cyclical,Gambling,Isle of Man,,,
E171,Entain,ENT,ENT.L,,United Kingdom,Travel and Leisure,Consumer Discretionary,2024,3843287040.0,GBp,5089200000.0,554700000.0,-452700000.0,10141000000.0,1545700000.0,3955700000.0,-0.0446405679913223,-0.2928770136507731,-0.0889530771044564,2.559164132755386,Consumer Cyclical,Gambling,Isle of Man,,,
E172,Lufthansa,LHA,LHA.DE,,Germany,Travel and Leisure,Consumer Discretionary,2022,9644487680.0,EUR,30895000000.0,4170000000.0,791000000.0,43335000000.0,8405000000.0,15172000000.0,0.0182531441098419,0.0941106484235574,0.0256028483573393,1.805116002379536,Industrials,Airlines,Germany,,,
E172,Lufthansa,LHA,LHA.DE,,Germany,Travel and Leisure,Consumer Discretionary,2023,9644487680.0,EUR,35442000000.0,5334000000.0,1673000000.0,45321000000.0,9659000000.0,13947000000.0,0.036914454667814,0.1732063360596335,0.0472038823994131,1.4439382958898437,Industrials,Airlines,Germany,,,
E172,Lufthansa,LHA,LHA.DE,,Germany,Travel and Leisure,Consumer Discretionary,2024,9644487680.0,EUR,37581000000.0,4660000000.0,1380000000.0,47052000000.0,11542000000.0,14232000000.0,0.0293292527416475,0.1195633339109339,0.0367206833240201,1.2330618610292845,Industrials,Airlines,Germany,,,
E173,International Airlines Group,IAG,IAG.L,,United Kingdom,Travel and Leisure,Consumer Discretionary,2022,18149154816.0,GBp,23066000000.0,3501000000.0,431000000.0,39303000000.0,2016000000.0,19984000000.0,0.0109660840139429,0.2137896825396825,0.0186855111419405,9.912698412698411,Industrials,Airlines,United Kingdom,,,
E173,International Airlines Group,IAG,IAG.L,,United Kingdom,Travel and Leisure,Consumer Discretionary,2023,18149154816.0,GBp,29453000000.0,6214000000.0,2655000000.0,37680000000.0,3272000000.0,16082000000.0,0.0704617834394904,0.8114303178484108,0.0901436186466573,4.915036674816626,Industrials,Airlines,United Kingdom,,,
E173,International Airlines Group,IAG,IAG.L,,United Kingdom,Travel and Leisure,Consumer Discretionary,2024,18149154816.0,GBp,32100000000.0,6829000000.0,2732000000.0,43804000000.0,6170000000.0,17345000000.0,0.062368733449,0.4427876823338735,0.0851090342679127,2.8111831442463533,Industrials,Airlines,United Kingdom,,,
E174,Naturgy,NTGY,NTGY.MC,,Spain,Utilities,Utilities,2022,27384195072.0,EUR,33965000000.0,4511000000.0,1649000000.0,40390000000.0,7574000000.0,16260000000.0,0.0408269373607328,0.2177185106944811,0.0485499779184454,2.146818061790335,Utilities,Utilities - Regulated Gas,Spain,,,
E174,Naturgy,NTGY,NTGY.MC,,Spain,Utilities,Utilities,2023,27384195072.0,EUR,22617000000.0,5192000000.0,1986000000.0,37893000000.0,9448000000.0,15955000000.0,0.0524107354920433,0.210203217612193,0.0878100543838705,1.6887171888230312,Utilities,Utilities - Regulated Gas,Spain,,,
E174,Naturgy,NTGY,NTGY.MC,,Spain,Utilities,Utilities,2024,27384195072.0,EUR,19267000000.0,5471000000.0,1901000000.0,40836000000.0,9478000000.0,17978000000.0,0.0465520619061612,0.200569740451572,0.0986661130430269,1.8968136737708376,Utilities,Utilities - Regulated Gas,Spain,,,
E175,Veolia,VIE,VIE.PA,,France,Utilities,Utilities,2022,25854574592.0,EUR,42886000000.0,5343000000.0,716000000.0,73304000000.0,12255000000.0,21563000000.0,0.0097675433809887,0.0584251325989392,0.0166954250804458,1.7595267237862098,Industrials,Waste Management,France,,,
E175,Veolia,VIE,VIE.PA,,France,Utilities,Utilities,2023,25854574592.0,EUR,45351000000.0,5736000000.0,937000000.0,72566000000.0,12311000000.0,20460000000.0,0.0129123832097676,0.0761107952237836,0.0206610659081387,1.6619283567541223,Industrials,Waste Management,France,,,
E175,Veolia,VIE,VIE.PA,,France,Utilities,Utilities,2024,25854574592.0,EUR,44692000000.0,6020000000.0,1098000000.0,72959000000.0,12915000000.0,19965000000.0,0.0150495483764854,0.0850174216027874,0.0245681553745636,1.545876887340302,Industrials,Waste Management,France,,,
E176,Severn Trent,SVT,SVT.L,,United Kingdom,Utilities,Utilities,2022,8829221888.0,GBp,1943300000.0,997400000.0,-87200000.0,11554200000.0,1263900000.0,6731100000.0,-0.0075470391719028,-0.0689928000632961,-0.0448721247362733,5.325658675528127,Utilities,Utilities - Regulated Water,United Kingdom,,,
E176,Severn Trent,SVT,SVT.L,,United Kingdom,Utilities,Utilities,2023,8829221888.0,GBp,2165100000.0,1030600000.0,132200000.0,12148600000.0,970600000.0,7303600000.0,0.0108819123191149,0.1362044096435195,0.0610595353563345,7.524830002060581,Utilities,Utilities - Regulated Water,United Kingdom,,,
E176,Severn Trent,SVT,SVT.L,,United Kingdom,Utilities,Utilities,2024,8829221888.0,GBp,2338200000.0,1033300000.0,140200000.0,14203700000.0,1834000000.0,8263200000.0,0.0098706675021297,0.0764449291166848,0.0599606534941407,4.505561613958561,Utilities,Utilities - Regulated Water,United Kingdom,,,
E177,Redeia,RED,RED.MC,,Spain,Utilities,Utilities,2022,8199526400.0,EUR,2015036000.0,1530977000.0,664731000.0,14781520000.0,4789535000.0,6238849000.0,0.0449704089971802,0.1387882122168436,0.3298854214019005,1.3026001480310718,Utilities,Utilities - Regulated Electric,Spain,,,
E177,Redeia,RED,RED.MC,,Spain,Utilities,Utilities,2023,8199526400.0,EUR,1818791000.0,1442909000.0,689640000.0,14484847000.0,5408760000.0,5795654000.0,0.0476111345877522,0.1275042708495108,0.3791749574305129,1.0715309978627263,Utilities,Utilities - Regulated Electric,Spain,,,
E177,Redeia,RED,RED.MC,,Spain,Utilities,Utilities,2024,8199526400.0,EUR,1594204000.0,1280896000.0,368438000.0,15090219000.0,5153957000.0,6416907000.0,0.0244156827677583,0.0714864326574707,0.2311109494142531,1.2450447297096192,Utilities,Utilities - Regulated Electric,Spain,,,
E178,Iberdrola,IBE,IBE.MC,,Spain,Utilities,Utilities,2022,137927622656.0,EUR,53949000000.0,13482000000.0,4339000000.0,150114000000.0,41119000000.0,50418000000.0,0.0289046990953542,0.1055229942362411,0.0804278114515561,1.2261484958291786,Utilities,Utilities - Diversified,Spain,,,
E178,Iberdrola,IBE,IBE.MC,,Spain,Utilities,Utilities,2023,137927622656.0,EUR,49335000000.0,14906000000.0,4803000000.0,150033000000.0,43111000000.0,61646000000.0,0.0320129571494271,0.1114100809538169,0.0973548190939495,1.4299366750945235,Utilities,Utilities - Diversified,Spain,,,
E178,Iberdrola,IBE,IBE.MC,,Spain,Utilities,Utilities,2024,137927622656.0,EUR,42988000000.0,15192000000.0,5612000000.0,158293000000.0,47125000000.0,57731000000.0,0.0354532417731674,0.1190875331564986,0.1305480599236996,1.2250610079575597,Utilities,Utilities - Diversified,Spain,,,
E179,Commerzbank,CBK,CBK.DE,,Germany,Banks,Financials,2022,39321333760.0,EUR,10390000000.0,2816000000.0,1435000000.0,477428000000.0,30045000000.0,43765000000.0,0.0030056888159052,0.0477616907971376,0.1381135707410972,1.4566483607921452,Financial Services,Banks - Regional,Germany,,,
E179,Commerzbank,CBK,CBK.DE,,Germany,Banks,Financials,2023,39321333760.0,EUR,11812000000.0,4172000000.0,2224000000.0,517166000000.0,31992000000.0,48254000000.0,0.0043003600391363,0.0695173793448362,0.1882831019302404,1.5083145786446612,Financial Services,Banks - Regional,Germany,,,
E179,Commerzbank,CBK,CBK.DE,,Germany,Banks,Financials,2024,39321333760.0,EUR,12362000000.0,4639000000.0,2677000000.0,554646000000.0,34468000000.0,54886000000.0,0.0048265019489908,0.0776662411512127,0.2165507199482284,1.5923755367297203,Financial Services,Banks - Regional,Germany,,,
E180,Julius Baer,BAER,BAER.SW,,Switzerland,Financial Services,Financials,2022,13013131264.0,CHF,3873700000.0,1392600000.0,949600000.0,105643700000.0,6287200000.0,2986800000.0,0.0089887044849811,0.1510370276116554,0.2451403051346258,0.475060440259575,Financial Services,Asset Management,Switzerland,,,
E180,Julius Baer,BAER,BAER.SW,,Switzerland,Financial Services,Financials,2023,13013131264.0,CHF,3867100000.0,758600000.0,454000000.0,96786300000.0,6161300000.0,3728300000.0,0.0046907465209435,0.0736857481375683,0.1174006361356054,0.6051158034830312,Financial Services,Asset Management,Switzerland,,,
E180,Julius Baer,BAER,BAER.SW,,Switzerland,Financial Services,Financials,2024,13013131264.0,CHF,3897100000.0,1298900000.0,1022100000.0,105071500000.0,6827400000.0,4058300000.0,0.0097276616399309,0.1497055980314614,0.2622719458058556,0.594413686029821,Financial Services,Asset Management,Switzerland,,,
E181,ASML Holding,ASML,ASML.AS,AR0725224551,Netherlands,Technology,Technology,2022,605722378240.0,EUR,21173400000.0,7100500000.0,5624200000.0,36300400000.0,8810800000.0,4260400000.0,0.154934931846481,0.6383302310800382,0.2656257379542255,0.4835429245925455,Technology,Semiconductor Equipment & Materials,Netherlands,,,
E181,ASML Holding,ASML,ASML.AS,AR0725224551,Netherlands,Technology,Technology,2023,605722378240.0,EUR,27558500000.0,9976000000.0,7839000000.0,39957500000.0,13452400000.0,4631600000.0,0.1961834449102171,0.5827212988017008,0.2844494439102273,0.3442954417055692,Technology,Semiconductor Equipment & Materials,Netherlands,,,
E181,ASML Holding,ASML,ASML.AS,AR0725224551,Netherlands,Technology,Technology,2024,605722378240.0,EUR,28262900000.0,10123600000.0,7571600000.0,48589600000.0,18476800000.0,4687600000.0,0.1558275845036798,0.4097895739521995,0.2678989063401137,0.2537019397298233,Technology,Semiconductor Equipment & Materials,Netherlands,,,
E182,Meliá Hotels,MEL,MEL.MC,,Spain,Travel and Leisure,Consumer Discretionary,2022,2460091904.0,EUR,1626874000.0,516087000.0,110693000.0,4348553000.0,413189000.0,2856278000.0,0.0254551341561204,0.2678991938313943,0.0680403030597329,6.912763892552802,Consumer Cyclical,Lodging,Spain,,,
E182,Meliá Hotels,MEL,MEL.MC,,Spain,Travel and Leisure,Consumer Discretionary,2023,2460091904.0,EUR,1922701000.0,515370000.0,117733000.0,4435145000.0,512936000.0,2813915000.0,0.0265454680737608,0.2295276603708844,0.0612331298522235,5.485898825584479,Consumer Cyclical,Lodging,Spain,,,
E182,Meliá Hotels,MEL,MEL.MC,,Spain,Travel and Leisure,Consumer Discretionary,2024,2460091904.0,EUR,2056282000.0,568355000.0,140626000.0,4581787000.0,758172000.0,2440937000.0,0.0306923914184574,0.1854803395535577,0.0683884797902233,3.2195029623884817,Consumer Cyclical,Lodging,Spain,,,
E183,Scout24,G24,G24.DE,,Germany,Technology,Technology,2022,5296589312.0,EUR,447539000.0,222051000.0,123531000.0,1880621000.0,1348466000.0,161630000.0,0.0656862812868727,0.0916085388878918,0.2760228717497246,0.1198621248144187,Communication Services,Internet Content & Information,Germany,,,
E183,Scout24,G24,G24.DE,,Germany,Technology,Technology,2023,5296589312.0,EUR,509114000.0,284434000.0,178778000.0,2019414000.0,1447214000.0,177360000.0,0.0885296427577505,0.1235325252519668,0.3511551440345384,0.122552711623851,Communication Services,Internet Content & Information,Germany,,,
E183,Scout24,G24,G24.DE,,Germany,Technology,Technology,2024,5296589312.0,EUR,566340000.0,290107000.0,162104000.0,2072493000.0,1432336000.0,179684000.0,0.0782169107446925,0.1131745623931815,0.2862308860401878,0.1254482188536768,Communication Services,Internet Content & Information,Germany,,,
E184,Swiss Prime Site,SPSN,SPSN.SW,,Switzerland,Real Estate,Real Estate,2022,10438296576.0,CHF,641777000.0,607983000.0,404429000.0,13771222000.0,6569297000.0,5505424000.0,0.0293676915527176,0.0615635128081437,0.6301706044311342,0.8380537521747,Real Estate,Real Estate - Diversified,Switzerland,,,
E184,Swiss Prime Site,SPSN,SPSN.SW,,Switzerland,Real Estate,Real Estate,2023,10438296576.0,CHF,653983000.0,147522000.0,236018000.0,13778265000.0,6537382000.0,5683197000.0,0.0171297329525887,0.0361028313780654,0.3608931730641316,0.869338368172458,Real Estate,Real Estate - Diversified,Switzerland,,,
E184,Swiss Prime Site,SPSN,SPSN.SW,,Switzerland,Real Estate,Real Estate,2024,10438296576.0,CHF,659813000.0,521834000.0,360250000.0,13841217000.0,6677857000.0,5537882000.0,0.0260273356020644,0.0539469473515231,0.5459880299418168,0.8292902947757043,Real Estate,Real Estate - Diversified,Switzerland,,,
E185,LEG Immobilien,LEG,LEG.DE,,Germany,Real Estate,Real Estate,2022,3978802688.0,EUR,1149400000.0,965400000.0,234000000.0,21360700000.0,9058600000.0,9460800000.0,0.010954697177526954,0.025831806239374738,0.2035844788585349,1.0443997968781047,Real Estate,Real Estate Services,Germany,,,
E185,LEG Immobilien,LEG,LEG.DE,,Germany,Real Estate,Real Estate,2023,3978802688.0,EUR,1240900000.0,-1800100000.0,-1568700000.0,19303600000.0,7463200000.0,9375800000.0,-0.08126463457593402,-0.2101913388358881,-1.2641631074220323,1.2562707685711223,Real Estate,Real Estate Services,Germany,,,
E185,LEG Immobilien,LEG,LEG.DE,,Germany,Real Estate,Real Estate,2024,3978802688.0,EUR,1303300000.0,341100000.0,66000000.0,19585200000.0,7371500000.0,9718600000.0,0.003369891550762821,0.008953401614325443,0.05064068134734904,1.318401953469443,Real Estate,Real Estate Services,Germany,,,
E186,Norsk Hydro,NHY,NHY.OL,,Norway,Basic Resources,Basic Materials,2022,217359777792.0,NOK,207929000000.0,42218000000.0,24154000000.0,198618000000.0,102455000000.0,32774000000.0,0.1216103273620719,0.2357522814894344,0.116164652357295,0.3198867795617588,Basic Materials,Aluminum,Norway,,,
E186,Norsk Hydro,NHY,NHY.OL,,Norway,Basic Resources,Basic Materials,2023,217359777792.0,NOK,193619000000.0,18274000000.0,3583000000.0,206462000000.0,100579000000.0,36088000000.0,0.0173542831126308,0.0356237385537736,0.0185054152743274,0.3588025333320077,Basic Materials,Aluminum,Norway,,,
E186,Norsk Hydro,NHY,NHY.OL,,Norway,Basic Resources,Basic Materials,2024,217359777792.0,NOK,203635000000.0,22188000000.0,5790000000.0,207371000000.0,101461000000.0,34749000000.0,0.0279209725564326,0.0570662619134445,0.0284332261153534,0.3424862755147298,Basic Materials,Aluminum,Norway,,,
E187,OCI,OCI,OCI.AS,,Netherlands,Chemicals,Basic Materials,2022,771726592.0,EUR,3713600000.0,565300000.0,1237400000.0,9771100000.0,2323700000.0,3151800000.0,0.1266387612448956,0.5325128028575117,0.333207669108143,1.3563713043852477,Basic Materials,Specialty Chemicals,Netherlands,,,
E187,OCI,OCI,OCI.AS,,Netherlands,Chemicals,Basic Materials,2023,771726592.0,EUR,946700000.0,-144000000.0,-392000000.0,8974500000.0,926500000.0,2299700000.0,-0.0436793136107861,-0.423097679438748,-0.4140699271152424,2.4821370750134917,Basic Materials,Specialty Chemicals,Netherlands,,,
E187,OCI,OCI,OCI.AS,,Netherlands,Chemicals,Basic Materials,2024,771726592.0,EUR,975100000.0,38900000.0,4978800000.0,4329500000.0,2242600000.0,803700000.0,1.149971128305809,2.2201016677071257,5.105937852527946,0.3583786676179434,Basic Materials,Specialty Chemicals,Netherlands,,,
E188,Clariant,CLN,CLN.SW,,Switzerland,Chemicals,Basic Materials,2022,2418880512.0,CHF,5198000000.0,366000000.0,84000000.0,6188000000.0,2341000000.0,1464000000.0,0.0135746606334841,0.0358821016659547,0.0161600615621392,0.6253737718923537,Basic Materials,Specialty Chemicals,Switzerland,,,
E188,Clariant,CLN,CLN.SW,,Switzerland,Chemicals,Basic Materials,2023,2418880512.0,CHF,4377000000.0,562000000.0,134000000.0,5347000000.0,2018000000.0,1349000000.0,0.0250607817467738,0.066402378592666,0.03061457619374,0.6684836471754212,Basic Materials,Specialty Chemicals,Switzerland,,,
E188,Clariant,CLN,CLN.SW,,Switzerland,Chemicals,Basic Materials,2024,2418880512.0,CHF,4152000000.0,696000000.0,244000000.0,6264000000.0,2335000000.0,1884000000.0,0.0389527458492975,0.1044967880085653,0.058766859344894,0.8068522483940043,Basic Materials,Specialty Chemicals,Switzerland,,,
E189,Mediobanca,MB,MB.MI,,Italy,Financial Services,Financials,2022,20010115072.0,EUR,2513784000.0,1248234000.0,906977000.0,90568420000.0,10647271000.0,22745595000.0,0.0100142742911933,0.0851839875213094,0.3608014849326752,2.13628402996411,Financial Services,Banks - Regional,Italy,,,
E189,Mediobanca,MB,MB.MI,,Italy,Financial Services,Financials,2023,20010115072.0,EUR,2908216000.0,1515832000.0,1025986000.0,91623824000.0,11325434000.0,26368246000.0,0.0111978081159328,0.0905913186196661,0.35278878872821,2.3282327193818797,Financial Services,Banks - Regional,Italy,,,
E189,Mediobanca,MB,MB.MI,,Italy,Financial Services,Financials,2024,20010115072.0,EUR,3249642000.0,1820171000.0,1273382000.0,99226274000.0,11157071000.0,33734434000.0,0.0128331131329188,0.1141322843602949,0.3918530102700543,3.0235923030336544,Financial Services,Banks - Regional,Italy,,,
E190,Deutsche Börse,DB1,DB1.DE,,Germany,Financial Services,Financials,2022,44852690944.0,EUR,5225300000.0,2545800000.0,1494400000.0,268903500000.0,8471800000.0,5357400000.0,0.0055573839685984,0.1763969876531551,0.2859931487187338,0.632380367808494,Financial Services,Financial Data & Stock Exchanges,Germany,,,
E190,Deutsche Börse,DB1,DB1.DE,,Germany,Financial Services,Financials,2023,44852690944.0,EUR,6096100000.0,2983900000.0,1724000000.0,237726900000.0,9661500000.0,8724000000.0,0.0072520190184619,0.1784402007969777,0.2828037597808435,0.9029653780468871,Financial Services,Financial Data & Stock Exchanges,Germany,,,
E190,Deutsche Börse,DB1,DB1.DE,,Germany,Financial Services,Financials,2024,44852690944.0,EUR,7023000000.0,3424000000.0,1948000000.0,222112000000.0,10771000000.0,9583000000.0,0.0087703500936464,0.1808560022282053,0.277374341449523,0.8897038343700677,Financial Services,Financial Data & Stock Exchanges,Germany,,,
E191,Transocean,RIGN,RIG,,Switzerland,Energy,Energy,2022,6718035456.0,USD,2575000000.0,851000000.0,-621000000.0,20436000000.0,10791000000.0,7817000000.0,-0.0303875513799177,-0.0575479566305254,-0.2411650485436893,0.724399962932073,Energy,Oil & Gas Drilling,Switzerland,,,
E191,Transocean,RIGN,RIG,,Switzerland,Energy,Energy,2023,6718035456.0,USD,2832000000.0,501000000.0,-954000000.0,20254000000.0,10415000000.0,7852000000.0,-0.0471018070504591,-0.0915986557849255,-0.336864406779661,0.7539126260201632,Energy,Oil & Gas Drilling,Switzerland,,,
E191,Transocean,RIGN,RIG,,Switzerland,Energy,Energy,2024,6718035456.0,USD,3524000000.0,582000000.0,-512000000.0,19371000000.0,10284000000.0,7247000000.0,-0.0264312632285375,-0.0497860754570206,-0.1452894438138479,0.7046868922598211,Energy,Oil & Gas Drilling,Switzerland,,,
E192,Snam,SRG,SRG.MI,NET00SNADEA1,Italy,Energy,Energy,2022,21584451584.0,EUR,3496000000.0,2069000000.0,671000000.0,32393000000.0,7468000000.0,13680000000.0,0.0207143518661439,0.0898500267809319,0.1919336384439359,1.831815747188002,Utilities,Utilities - Regulated Gas,Italy,,,
E192,Snam,SRG,SRG.MI,NET00SNADEA1,Italy,Energy,Energy,2023,21584451584.0,EUR,4244000000.0,2729000000.0,1135000000.0,33525000000.0,7635000000.0,16652000000.0,0.033855331841909,0.1486574983628028,0.2674363807728558,2.181008513425017,Utilities,Utilities - Regulated Gas,Italy,,,
E192,Snam,SRG,SRG.MI,NET00SNADEA1,Italy,Energy,Energy,2024,21584451584.0,EUR,3548000000.0,3100000000.0,1259000000.0,35789000000.0,8929000000.0,18361000000.0,0.0351784067730308,0.1410012319408668,0.354847801578354,2.056333296001792,Utilities,Utilities - Regulated Gas,Italy,,,
E193,Lerøy Seafood,LSG,LSG.OL,,Norway,"Food, Beverage and Tobacco",Consumer Staples,2022,24295415808.0,NOK,26640983000.0,5714617000.0,2906781000.0,37061660000.0,19708710000.0,9193479000.0,0.0784309445394512,0.147487126250272,0.1091093748305008,0.4664678205727315,Consumer Defensive,Packaged Foods,Norway,,,
E193,Lerøy Seafood,LSG,LSG.OL,,Norway,"Food, Beverage and Tobacco",Consumer Staples,2023,24295415808.0,NOK,30852684000.0,4636648000.0,272501000.0,41418529000.0,18687133000.0,10964850000.0,0.0065792051668469,0.0145822796894526,0.0088323271972059,0.5867593493341113,Consumer Defensive,Packaged Foods,Norway,,,
E193,Lerøy Seafood,LSG,LSG.OL,,Norway,"Food, Beverage and Tobacco",Consumer Staples,2024,24295415808.0,NOK,31123886000.0,4923435000.0,2673477000.0,42831074000.0,20009365000.0,13423105000.0,0.0624190978727267,0.1336112865150893,0.0858979177600123,0.6708411286415136,Consumer Defensive,Packaged Foods,Norway,,,
E194,Lindt & Sprüngli,LISN,LISN.SW,,Switzerland,"Food, Beverage and Tobacco",Consumer Staples,2022,102427713536.0,CHF,4970200000.0,1024300000.0,569700000.0,7945100000.0,4400600000.0,1436200000.0,0.07170457262967112,0.12945961914284415,0.11462315399782705,0.32636458664727536,Consumer Defensive,Confectioners,Switzerland,,,
E194,Lindt & Sprüngli,LISN,LISN.SW,,Switzerland,"Food, Beverage and Tobacco",Consumer Staples,2023,102427713536.0,CHF,5201200000.0,1101900000.0,671400000.0,7860000000.0,4257600000.0,1405800000.0,0.08541984732824427,0.1576944757609921,0.1290855956317773,0.3301860202931229,Consumer Defensive,Confectioners,Switzerland,,,
E194,Lindt & Sprüngli,LISN,LISN.SW,,Switzerland,"Food, Beverage and Tobacco",Consumer Staples,2024,102427713536.0,CHF,5468500000.0,1194700000.0,672300000.0,9156900000.0,4839600000.0,1664500000.0,0.07342004390132031,0.13891643937515497,0.12294047727896132,0.3439333829242086,Consumer Defensive,Confectioners,Switzerland,,,
E195,CTS Eventim,CTS,EVD.DE,,Germany,Media,Communication Services,2022,4828362240.0,EUR,1925803000.0,406967000.0,203748000.0,2609176000.0,731570000.0,121292000.0,0.0780890212082282,0.2785078666429733,0.1057989835928181,0.1657968478751179,Communication Services,Entertainment,Germany,,,
E195,CTS Eventim,CTS,EVD.DE,,Germany,Media,Communication Services,2023,4828362240.0,EUR,2358552000.0,508148000.0,274641000.0,3195339000.0,896814000.0,123259000.0,0.0859505047821217,0.3062407589533615,0.1164447508471299,0.137440985533232,Communication Services,Entertainment,Germany,,,
E195,CTS Eventim,CTS,EVD.DE,,Germany,Media,Communication Services,2024,4828362240.0,EUR,2808579000.0,629382000.0,318867000.0,4067280000.0,1026957000.0,120054000.0,0.0783980940579453,0.3104969341462203,0.113533213771092,0.1169026551257745,Communication Services,Entertainment,Germany,,,
E196,DIETEREN Group,DIE,DIE.BR,,Belgium,Automobiles and Parts,Consumer Discretionary,2022,8697836544.0,EUR,4714600000.0,519800000.0,332700000.0,6415500000.0,3143200000.0,1600600000.0,0.0518587795183539,0.1058475439043013,0.070568022737878,0.5092262662255027,Consumer Cyclical,Auto & Truck Dealerships,Belgium,,,
E196,DIETEREN Group,DIE,DIE.BR,,Belgium,Automobiles and Parts,Consumer Discretionary,2023,8697836544.0,EUR,7983600000.0,898900000.0,504700000.0,7516800000.0,3456900000.0,1626400000.0,0.0671429331630481,0.1459978593537562,0.0632170950448419,0.4704793311926871,Consumer Cyclical,Auto & Truck Dealerships,Belgium,,,
E196,DIETEREN Group,DIE,DIE.BR,,Belgium,Automobiles and Parts,Consumer Discretionary,2024,8697836544.0,EUR,8154700000.0,772000000.0,372100000.0,6680700000.0,-456900000.0,2652000000.0,0.0556977562231502,-0.8144014007441454,0.0456301274111861,-5.804333552199606,Consumer Cyclical,Auto & Truck Dealerships,Belgium,,,
